STATE_UT_NAME,AC_NO,AC_NAME,CANDIDATE_NAME,SEX,AGE,CATEGORY,PARTY,SYMBOL,GENERAL_VOTES,POSTAL_VOTES,TOTAL_VOTES,VOTES_POLLED_PCT,TOTAL_ELECTORS
Tamil Nadu,1,Gummidipoondi,GOVINDARAJAN T.J,MALE,60.0,GENERAL,DMK,Rising Sun,125001,1451,126452,56.94,281688
Tamil Nadu,1,Gummidipoondi,PRAKASH M,MALE,50.0,GENERAL,PMK,Mango,75004,510,75514,34.0,281688
Tamil Nadu,1,Gummidipoondi,USHA,FEMALE,31.0,SC,NTK,Ganna Kisan,11643,58,11701,5.27,281688
Tamil Nadu,1,Gummidipoondi,DILLIY K.M,MALE,45.0,GENERAL,DMDK,Nagara,2553,23,2576,1.16,281688
Tamil Nadu,1,Gummidipoondi,NOTA,,,,NOTA,NOTA,1775,8,1783,0.8,281688
Tamil Nadu,1,Gummidipoondi,NAGARAJ S,MALE,28.0,SC,BSP,Elephant,1031,7,1038,0.47,281688
Tamil Nadu,1,Gummidipoondi,SARAVANAN V,MALE,33.0,GENERAL,IJK,Auto- Rickshaw,813,3,816,0.37,281688
Tamil Nadu,1,Gummidipoondi,SARAVANAN E,MALE,44.0,GENERAL,IND,DIAMOND,526,6,532,0.24,281688
Tamil Nadu,1,Gummidipoondi,DEVANATHAN R,MALE,26.0,SC,IND,Whistle,482,0,482,0.22,281688
Tamil Nadu,1,Gummidipoondi,LAKSHMI R,FEMALE,52.0,GENERAL,IND,COCONUT FARM,369,5,374,0.17,281688
Tamil Nadu,1,Gummidipoondi,PRAKASH K,MALE,49.0,GENERAL,IND,Cauliflower,349,2,351,0.16,281688
Tamil Nadu,1,Gummidipoondi,GOWTHAM J,MALE,26.0,GENERAL,AMAK,Gas Cylinder,254,0,254,0.11,281688
Tamil Nadu,1,Gummidipoondi,PRAKASH M,MALE,52.0,GENERAL,IND,Grapes,196,0,196,0.09,281688
Tamil Nadu,2,Ponneri,DURAI. CHANDRASEKAR,MALE,48.0,SC,INC,Hand,93669,859,94528,44.94,267368
Tamil Nadu,2,Ponneri,BALARAMAN. P,MALE,59.0,SC,ADMK,Two Leaves,84534,305,84839,40.33,267368
Tamil Nadu,2,Ponneri,MAHESWARI. A,FEMALE,35.0,SC,NTK,Ganna Kisan,18973,54,19027,9.05,267368
Tamil Nadu,2,Ponneri,DESINGURAJAN. D,MALE,52.0,SC,MNM,Battery torch,5372,22,5394,2.56,267368
Tamil Nadu,2,Ponneri,PON. RAJA,MALE,45.0,SC,AMMKMNKZ,Pressure Cooker,2813,19,2832,1.35,267368
Tamil Nadu,2,Ponneri,NOTA,,,,NOTA,NOTA,1551,3,1554,0.74,267368
Tamil Nadu,2,Ponneri,BHAVANI ILAVENIL. J,FEMALE,31.0,SC,BSP,Elephant,1102,4,1106,0.53,267368
Tamil Nadu,2,Ponneri,ASHOK PRIYADARSHAN. S,MALE,42.0,SC,IND,Football,470,0,470,0.22,267368
Tamil Nadu,2,Ponneri,SUGUMAR. K,MALE,40.0,SC,IND,BELT,298,0,298,0.14,267368
Tamil Nadu,2,Ponneri,VIJAYAKUMAR. V,MALE,41.0,SC,AMGRDMK,Pan,189,1,190,0.09,267368
Tamil Nadu,2,Ponneri,SAMBATH KUMAR.C.H,MALE,50.0,SC,IND,Almirah,116,0,116,0.06,267368
Tamil Nadu,3,Tiruttani,S.Chandran,MALE,57.0,GENERAL,DMK,Rising Sun,118005,2309,120314,51.72,291336
Tamil Nadu,3,Tiruttani,G.Hari,MALE,60.0,GENERAL,ADMK,Two Leaves,89704,1357,91061,39.15,291336
Tamil Nadu,3,Tiruttani,L.AKILA,FEMALE,31.0,GENERAL,NTK,Ganna Kisan,11900,107,12007,5.16,291336
Tamil Nadu,3,Tiruttani,D.Krishnamoorthi,MALE,58.0,GENERAL,DMDK,Nagara,3903,25,3928,1.69,291336
Tamil Nadu,3,Tiruttani,NOTA,,,,NOTA,NOTA,1653,12,1665,0.72,291336
Tamil Nadu,3,Tiruttani,D.PAULRAJ,MALE,33.0,SC,IND,Coat,889,3,892,0.38,291336
Tamil Nadu,3,Tiruttani,V.P.Vijayan,MALE,25.0,GENERAL,IND,Whistle,761,8,769,0.33,291336
Tamil Nadu,3,Tiruttani,N.MAGENDIRAN,MALE,38.0,SC,BSP,Elephant,711,6,717,0.31,291336
Tamil Nadu,3,Tiruttani,M.Hari,MALE,39.0,GENERAL,IND,Peas,365,1,366,0.16,291336
Tamil Nadu,3,Tiruttani,M.D.Thanigai Malai,MALE,49.0,GENERAL,IJK,Auto- Rickshaw,352,1,353,0.15,291336
Tamil Nadu,3,Tiruttani,A.J.Suresh,MALE,35.0,GENERAL,IND,Telephone,174,8,182,0.08,291336
Tamil Nadu,3,Tiruttani,S.Shettu,MALE,47.0,SC,IND,Tennis Racket & Ball,143,0,143,0.06,291336
Tamil Nadu,3,Tiruttani,S.Manikkam,MALE,36.0,SC,AIJYMKG,Mixee,121,0,121,0.05,291336
Tamil Nadu,3,Tiruttani,K.Chandran,MALE,50.0,GENERAL,IND,Fountain,59,1,60,0.03,291336
Tamil Nadu,3,Tiruttani,T.Chandran,MALE,45.0,SC,IND,Dish Antenna,46,0,46,0.02,291336
Tamil Nadu,4,Thiruvallur,"RAAJENDRAN, V.G.",MALE,53.0,GENERAL,DMK,Rising Sun,106316,1393,107709,50.27,274982
Tamil Nadu,4,Thiruvallur,"RAMANAH, BE VEE",MALE,53.0,GENERAL,ADMK,Two Leaves,84508,500,85008,39.68,274982
Tamil Nadu,4,Thiruvallur,"PASUPATHY, P.",MALE,50.0,GENERAL,NTK,Ganna Kisan,14943,85,15028,7.01,274982
Tamil Nadu,4,Thiruvallur,"DOSS, D.",MALE,50.0,SC,BSP,Elephant,2314,15,2329,1.09,274982
Tamil Nadu,4,Thiruvallur,NOTA,,,,NOTA,NOTA,1857,15,1872,0.87,274982
Tamil Nadu,4,Thiruvallur,"GURU, N.",MALE,42.0,GENERAL,AMMKMNKZ,Pressure Cooker,1072,5,1077,0.5,274982
Tamil Nadu,4,Thiruvallur,"RAJENDIRAN, G.",MALE,54.0,SC,IND,DIAMOND,385,3,388,0.18,274982
Tamil Nadu,4,Thiruvallur,"REVATHI, R.",FEMALE,38.0,GENERAL,IND,Whistle,281,2,283,0.13,274982
Tamil Nadu,4,Thiruvallur,"BALA KRISHNAN, N.",MALE,44.0,GENERAL,IND,Peas,232,0,232,0.11,274982
Tamil Nadu,4,Thiruvallur,"KUMAR, E.",MALE,47.0,GENERAL,IND,Binoculars,132,1,133,0.06,274982
Tamil Nadu,4,Thiruvallur,"RAMANAN, R.",MALE,44.0,GENERAL,IND,Truck,97,0,97,0.05,274982
Tamil Nadu,4,Thiruvallur,"SASIKUMAR, J.",MALE,34.0,SC,IND,Cauliflower,87,0,87,0.04,274982
Tamil Nadu,5,Poonamallee,Krishnaswamy A,MALE,55.0,SC,DMK,Rising Sun,148383,1195,149578,56.72,358218
Tamil Nadu,5,Poonamallee,Rajamannar S X,MALE,63.0,SC,PMK,Mango,55249,219,55468,21.03,358218
Tamil Nadu,5,Poonamallee,Manimekalai A,FEMALE,30.0,SC,NTK,Ganna Kisan,29804,67,29871,11.33,358218
Tamil Nadu,5,Poonamallee,Revathi Manimegalai J,FEMALE,54.0,SC,MNM,Battery torch,11877,50,11927,4.52,358218
Tamil Nadu,5,Poonamallee,Elumalai T.A.,MALE,54.0,SC,AMMKMNKZ,Pressure Cooker,8771,34,8805,3.34,358218
Tamil Nadu,5,Poonamallee,Sathyamurthy A C,MALE,41.0,SC,BSP,Elephant,2880,11,2891,1.1,358218
Tamil Nadu,5,Poonamallee,NOTA,,,,NOTA,NOTA,2853,18,2871,1.09,358218
Tamil Nadu,5,Poonamallee,Ravikumar M,MALE,32.0,SC,IND,DIAMOND,448,0,448,0.17,358218
Tamil Nadu,5,Poonamallee,Sivakumar S,MALE,51.0,SC,IND,Water Melon,402,0,402,0.15,358218
Tamil Nadu,5,Poonamallee,Velu S,MALE,44.0,SC,IND,Capsicum,355,0,355,0.13,358218
Tamil Nadu,5,Poonamallee,Boshya Gayathri M,FEMALE,25.0,SC,MIDP,CCTV Camera,288,2,290,0.11,358218
Tamil Nadu,5,Poonamallee,Venkatesan J,MALE,45.0,SC,IND,Well,242,0,242,0.09,358218
Tamil Nadu,5,Poonamallee,Rajesh P,MALE,31.0,SC,IND,Kettle,239,0,239,0.09,358218
Tamil Nadu,5,Poonamallee,Purushothaman B,MALE,51.0,SC,IND,Cauliflower,174,2,176,0.07,358218
Tamil Nadu,5,Poonamallee,Dhasarathan R,MALE,53.0,SC,IND,Pot,173,0,173,0.07,358218
Tamil Nadu,6,Avadi,Nasar S M,MALE,61.0,GENERAL,DMK,Rising Sun,148845,1442,150287,49.94,442831
Tamil Nadu,6,Avadi,Pandiarajan K,MALE,61.0,GENERAL,ADMK,Two Leaves,94331,681,95012,31.57,442831
Tamil Nadu,6,Avadi,VIJAYALAKSHMI G,FEMALE,35.0,GENERAL,NTK,Ganna Kisan,29953,134,30087,10.0,442831
Tamil Nadu,6,Avadi,Udhayakumar V,MALE,49.0,GENERAL,MNM,Battery Torch,16982,110,17092,5.68,442831
Tamil Nadu,6,Avadi,NOTA,,,,NOTA,NOTA,2361,20,2381,0.79,442831
Tamil Nadu,6,Avadi,Sankar N M,MALE,51.0,GENERAL,DMDK,Nagara,1895,16,1911,0.64,442831
Tamil Nadu,6,Avadi,Balasubramanian M,MALE,48.0,GENERAL,TNLK,Ring,1251,12,1263,0.42,442831
Tamil Nadu,6,Avadi,CHARLES S,MALE,40.0,SC,BSP,Elephant,763,10,773,0.26,442831
Tamil Nadu,6,Avadi,Pandiarajan G,MALE,31.0,GENERAL,IND,Peas,359,1,360,0.12,442831
Tamil Nadu,6,Avadi,Jayakumar P,MALE,45.0,GENERAL,IND,Water Melon,299,1,300,0.1,442831
Tamil Nadu,6,Avadi,Shanavas Khan J,MALE,41.0,GENERAL,IND,Brick,231,0,231,0.08,442831
Tamil Nadu,6,Avadi,Nagaraj M,MALE,66.0,GENERAL,IND,Truck,198,0,198,0.07,442831
Tamil Nadu,6,Avadi,Dharani K,MALE,41.0,GENERAL,IND,Skipping Rope,184,3,187,0.06,442831
Tamil Nadu,6,Avadi,Sugumar M,MALE,46.0,GENERAL,IND,Bread,143,0,143,0.05,442831
Tamil Nadu,6,Avadi,Banumathi,FEMALE,36.0,GENERAL,MIDP,CCTV Camera,126,1,127,0.04,442831
Tamil Nadu,6,Avadi,Raman N,MALE,51.0,GENERAL,TMNP,COMPUTER,120,0,120,0.04,442831
Tamil Nadu,6,Avadi,Viswanathan R,MALE,64.0,GENERAL,MGRMKKT,Black Board,108,0,108,0.04,442831
Tamil Nadu,6,Avadi,Chandrasekar.A,MALE,39.0,GENERAL,IND,Electric Pole,105,0,105,0.03,442831
Tamil Nadu,6,Avadi,Venkatesan M,MALE,45.0,GENERAL,IND,Stumps,95,0,95,0.03,442831
Tamil Nadu,6,Avadi,Durgaprasad G,MALE,37.0,GENERAL,IND,Tongs,73,2,75,0.02,442831
Tamil Nadu,6,Avadi,Akilan T.M.,MALE,36.0,GENERAL,IND,Camera,72,0,72,0.02,442831
Tamil Nadu,7,Maduravoyal,GANAPATHY.K,MALE,61.0,GENERAL,DMK,Rising Sun,120441,857,121298,44.29,452195
Tamil Nadu,7,Maduravoyal,BENJAMIN.P,MALE,51.0,GENERAL,ADMK,Two Leaves,89313,264,89577,32.71,452195
Tamil Nadu,7,Maduravoyal,PADMA PRIYA.S,FEMALE,25.0,GENERAL,MNM,Battery torch,33310,91,33401,12.2,452195
Tamil Nadu,7,Maduravoyal,GANESHKUMAR.G,MALE,35.0,GENERAL,NTK,Ganna Kisan,20999,46,21045,7.68,452195
Tamil Nadu,7,Maduravoyal,LUCKY MURUGAN.E,MALE,41.0,GENERAL,AMMKMNKZ,Pressure Cooker,2648,12,2660,0.97,452195
Tamil Nadu,7,Maduravoyal,NOTA,,,,NOTA,NOTA,2137,9,2146,0.78,452195
Tamil Nadu,7,Maduravoyal,SHANMUGAM.K,MALE,34.0,GENERAL,TNLK,Ring,906,2,908,0.33,452195
Tamil Nadu,7,Maduravoyal,SANTHAKUMAR.Y,MALE,36.0,SC,BSP,Elephant,622,6,628,0.23,452195
Tamil Nadu,7,Maduravoyal,PRIYA.K,FEMALE,41.0,GENERAL,IND,Razor,552,1,553,0.2,452195
Tamil Nadu,7,Maduravoyal,LAVANYA.P,FEMALE,34.0,GENERAL,NCP,Clock,348,1,349,0.13,452195
Tamil Nadu,7,Maduravoyal,SELVAKUMAR.V,MALE,47.0,SC,IND,Matchbox,287,0,287,0.1,452195
Tamil Nadu,7,Maduravoyal,MURUGAN.D,MALE,46.0,GENERAL,IND,Safety Pin,161,0,161,0.06,452195
Tamil Nadu,7,Maduravoyal,BENJAMIN MOSES.S,MALE,33.0,GENERAL,IND,Electric Pole,149,0,149,0.05,452195
Tamil Nadu,7,Maduravoyal,ABARAJITHAN.R,MALE,53.0,GENERAL,IND,DIAMOND,142,1,143,0.05,452195
Tamil Nadu,7,Maduravoyal,NEVIS STELLA MARY.B,FEMALE,37.0,GENERAL,AMAK,Gas Cylinder,124,0,124,0.05,452195
Tamil Nadu,7,Maduravoyal,GANAPATHY.R,MALE,53.0,GENERAL,IND,Spanner,96,0,96,0.04,452195
Tamil Nadu,7,Maduravoyal,ARUNKUMAR.A,MALE,39.0,GENERAL,IND,Chimney,95,0,95,0.03,452195
Tamil Nadu,7,Maduravoyal,MUTHURAMAN.S,MALE,52.0,GENERAL,AMGRDMK,Pan,69,0,69,0.03,452195
Tamil Nadu,7,Maduravoyal,AMALRAJ.S,MALE,38.0,GENERAL,IND,Capsicum,69,0,69,0.03,452195
Tamil Nadu,7,Maduravoyal,SUMITHRA.R,FEMALE,41.0,SC,BHUDRP,BUCKET,64,0,64,0.02,452195
Tamil Nadu,7,Maduravoyal,RAVI.C.V,MALE,43.0,GENERAL,IND,Bat,48,0,48,0.02,452195
Tamil Nadu,8,Ambattur,JOSEPH SAMUEL,MALE,58.0,GENERAL,DMK,Rising Sun,113371,1183,114554,47.67,384377
Tamil Nadu,8,Ambattur,V ALEXANDER,MALE,49.0,GENERAL,ADMK,Two Leaves,71908,500,72408,30.13,384377
Tamil Nadu,8,Ambattur,R ANBU THENARASAN,MALE,57.0,GENERAL,NTK,Ganna Kisan,22638,63,22701,9.45,384377
Tamil Nadu,8,Ambattur,S VAITHESWARAN,MALE,56.0,GENERAL,MNM,Battery torch,22286,84,22370,9.31,384377
Tamil Nadu,8,Ambattur,S VEDHACHALAM,MALE,67.0,GENERAL,AMMKMNKZ,Pressure Cooker,2616,15,2631,1.09,384377
Tamil Nadu,8,Ambattur,NOTA,,,,NOTA,NOTA,2332,26,2358,0.98,384377
Tamil Nadu,8,Ambattur,K Bharathi,MALE,40.0,SC,IND,Letter Box,801,6,807,0.34,384377
Tamil Nadu,8,Ambattur,R Radha,FEMALE,52.0,GENERAL,NCP,Clock,613,2,615,0.26,384377
Tamil Nadu,8,Ambattur,S Praveen,MALE,32.0,GENERAL,IND,Mike,251,0,251,0.1,384377
Tamil Nadu,8,Ambattur,S Veena,FEMALE,48.0,GENERAL,AMAK,Gas Cylinder,231,2,233,0.1,384377
Tamil Nadu,8,Ambattur,NARMADA NANDHAKUMAR,FEMALE,43.0,GENERAL,IND,BELT,176,1,177,0.07,384377
Tamil Nadu,8,Ambattur,T Joseph Samuvel SanthaKumar,MALE,39.0,GENERAL,IND,Binoculars,162,0,162,0.07,384377
Tamil Nadu,8,Ambattur,T MUNIANDI,MALE,65.0,GENERAL,IND,Camera,156,0,156,0.06,384377
Tamil Nadu,8,Ambattur,M S ARUMUGAM,MALE,55.0,SC,IND,Chappals,141,1,142,0.06,384377
Tamil Nadu,8,Ambattur,C RAGHUL,MALE,29.0,SC,IND,DIAMOND,138,1,139,0.06,384377
Tamil Nadu,8,Ambattur,Bharadan,MALE,33.0,GENERAL,IND,Spanner,111,0,111,0.05,384377
Tamil Nadu,8,Ambattur,A R MURUGAVEL,MALE,50.0,GENERAL,IND,T.V. Remote,94,1,95,0.04,384377
Tamil Nadu,8,Ambattur,G Soma Sundaram,MALE,39.0,GENERAL,IND,Whistle,80,0,80,0.03,384377
Tamil Nadu,8,Ambattur,A S Kesavan,MALE,53.0,SC,IND,Matchbox,59,0,59,0.02,384377
Tamil Nadu,8,Ambattur,G Srinivasan,MALE,45.0,SC,IND,CUBE,56,1,57,0.02,384377
Tamil Nadu,8,Ambattur,N Ganesan,MALE,49.0,GENERAL,IND,Almirah,55,0,55,0.02,384377
Tamil Nadu,8,Ambattur,P Dhanraj,MALE,66.0,GENERAL,IND,BOX,52,3,55,0.02,384377
Tamil Nadu,8,Ambattur,Ravi,MALE,43.0,GENERAL,IND,Brush,44,0,44,0.02,384377
Tamil Nadu,8,Ambattur,G Vijayakumar,MALE,63.0,GENERAL,IND,BENCH,39,0,39,0.02,384377
Tamil Nadu,9,Madavaram,SUDHARSANAM. S,MALE,62.0,GENERAL,DMK,Rising Sun,150654,831,151485,50.04,454474
Tamil Nadu,9,Madavaram,Moorthy. V,MALE,62.0,GENERAL,ADMK,Two Leaves,94206,208,94414,31.19,454474
Tamil Nadu,9,Madavaram,ELUMALAI. R,MALE,55.0,GENERAL,NTK,Ganna Kisan,27411,42,27453,9.07,454474
Tamil Nadu,9,Madavaram,RAMESH,MALE,57.0,GENERAL,MNM,Battery torch,15838,39,15877,5.25,454474
Tamil Nadu,9,Madavaram,DHAKSHNAMOORTHY. D,MALE,45.0,GENERAL,AMMKMNKZ,Pressure Cooker,7088,16,7104,2.35,454474
Tamil Nadu,9,Madavaram,NOTA,,,,NOTA,NOTA,2161,5,2166,0.72,454474
Tamil Nadu,9,Madavaram,DEEPAK. S,MALE,31.0,SC,BSP,Elephant,1390,3,1393,0.46,454474
Tamil Nadu,9,Madavaram,ARAVIND KUMAR. P,MALE,36.0,GENERAL,DMSK,Football,465,0,465,0.15,454474
Tamil Nadu,9,Madavaram,MOORTHY. S,MALE,35.0,GENERAL,IND,Electric Pole,437,0,437,0.14,454474
Tamil Nadu,9,Madavaram,RAMU. S,MALE,51.0,GENERAL,IND,Peas,431,0,431,0.14,454474
Tamil Nadu,9,Madavaram,BABU. M.G,MALE,49.0,GENERAL,IND,Cauliflower,411,2,413,0.14,454474
Tamil Nadu,9,Madavaram,SAMBATH. E,MALE,40.0,GENERAL,SHS,Almirah,175,0,175,0.06,454474
Tamil Nadu,9,Madavaram,SUDHARSANAN. D,MALE,26.0,SC,IND,Cake,169,1,170,0.06,454474
Tamil Nadu,9,Madavaram,JAYASEELAN. S,MALE,38.0,GENERAL,IND,DIAMOND,119,0,119,0.04,454474
Tamil Nadu,9,Madavaram,VINOTH KUMAR. M,MALE,32.0,GENERAL,NADLMMKLK,Fountain,113,1,114,0.04,454474
Tamil Nadu,9,Madavaram,ARIVUNITHI. S,MALE,40.0,GENERAL,IND,Telephone,108,0,108,0.04,454474
Tamil Nadu,9,Madavaram,NIRMAL KUMAR. M,MALE,35.0,GENERAL,IND,Bangles,101,0,101,0.03,454474
Tamil Nadu,9,Madavaram,SAKTHIVEL. A,MALE,48.0,SC,IND,Truck,83,2,85,0.03,454474
Tamil Nadu,9,Madavaram,YUVARAJ. M,MALE,49.0,GENERAL,AMGRDMK,Pan,81,0,81,0.03,454474
Tamil Nadu,9,Madavaram,SATHISH KUMAR. S,MALE,36.0,GENERAL,IND,Chappals,62,0,62,0.02,454474
Tamil Nadu,9,Madavaram,RAMESH. G,MALE,52.0,GENERAL,IND,Tray,47,0,47,0.02,454474
Tamil Nadu,10,Thiruvottiyur,K.P.SHANKAR,MALE,47.0,GENERAL,DMK,Rising Sun,87703,482,88185,44.09,306005
Tamil Nadu,10,Thiruvottiyur,K.KUPPAN,MALE,67.0,GENERAL,ADMK,Two Leaves,50435,89,50524,25.26,306005
Tamil Nadu,10,Thiruvottiyur,SEEMAN,MALE,55.0,GENERAL,NTK,Ganna Kisan,48497,100,48597,24.3,306005
Tamil Nadu,10,Thiruvottiyur,D.MOHAN,MALE,48.0,GENERAL,MNM,Battery torch,7025,28,7053,3.53,306005
Tamil Nadu,10,Thiruvottiyur,M.SOUNDARA PANDIAN,MALE,57.0,GENERAL,AMMKMNKZ,Pressure Cooker,1413,4,1417,0.71,306005
Tamil Nadu,10,Thiruvottiyur,NOTA,,,,NOTA,NOTA,1106,5,1111,0.56,306005
Tamil Nadu,10,Thiruvottiyur,M.A.MICHAEL RAJ,MALE,52.0,GENERAL,IND,Cake,601,2,603,0.3,306005
Tamil Nadu,10,Thiruvottiyur,N.RAMESH KUMAR,MALE,61.0,SC,IND,Television,584,1,585,0.29,306005
Tamil Nadu,10,Thiruvottiyur,M.KOTTESWARAN,MALE,26.0,SC,BSP,Elephant,367,0,367,0.18,306005
Tamil Nadu,10,Thiruvottiyur,D.SASIRAJ,MALE,37.0,GENERAL,SAP,Tractor Chalata Kisan,291,0,291,0.15,306005
Tamil Nadu,10,Thiruvottiyur,R.EGAVALLI,FEMALE,41.0,GENERAL,NADLMMKLK,Fountain,253,0,253,0.13,306005
Tamil Nadu,10,Thiruvottiyur,U.VENKATESH,MALE,26.0,GENERAL,IND,DIAMOND,224,0,224,0.11,306005
Tamil Nadu,10,Thiruvottiyur,M.CHELLAM,FEMALE,51.0,GENERAL,IND,COCONUT FARM,184,0,184,0.09,306005
Tamil Nadu,10,Thiruvottiyur,C.DHANRAJ,MALE,47.0,GENERAL,IND,Whistle,115,0,115,0.06,306005
Tamil Nadu,10,Thiruvottiyur,D.THAMIZHIZHAN,MALE,27.0,GENERAL,IND,Gift Pack,103,0,103,0.05,306005
Tamil Nadu,10,Thiruvottiyur,K.GOPINATH,MALE,46.0,GENERAL,IND,Mike,96,0,96,0.05,306005
Tamil Nadu,10,Thiruvottiyur,B.DHANASEKARAN,MALE,45.0,GENERAL,IND,Almirah,88,0,88,0.04,306005
Tamil Nadu,10,Thiruvottiyur,B.ZAKIR HUSSAIN,MALE,47.0,GENERAL,IND,Matchbox,71,0,71,0.04,306005
Tamil Nadu,10,Thiruvottiyur,PRAVINA,FEMALE,47.0,SC,IND,Pot,52,0,52,0.03,306005
Tamil Nadu,10,Thiruvottiyur,N.RAJESH KUMAR,MALE,37.0,GENERAL,IND,Safety Pin,48,0,48,0.02,306005
Tamil Nadu,10,Thiruvottiyur,V.SURESHBALAJI,MALE,33.0,GENERAL,IND,Pen Stand,29,0,29,0.01,306005
Tamil Nadu,11,Dr.Radhakrishnan Nagar,EBENEZER. J.J. (@) JOHN EBENEZER.J,MALE,45.0,GENERAL,DMK,Rising Sun,95516,247,95763,51.2,262980
Tamil Nadu,11,Dr.Radhakrishnan Nagar,RAAJESH.R.S.,MALE,48.0,GENERAL,ADMK,Two Leaves,53204,80,53284,28.49,262980
Tamil Nadu,11,Dr.Radhakrishnan Nagar,GOWRISHANKAR . K,MALE,44.0,GENERAL,NTK,Ganna Kisan,20401,36,20437,10.93,262980
Tamil Nadu,11,Dr.Radhakrishnan Nagar,FAZIL . A,MALE,35.0,GENERAL,MNM,Battery torch,11181,17,11198,5.99,262980
Tamil Nadu,11,Dr.Radhakrishnan Nagar,DR. KALIDAS . P,MALE,54.0,GENERAL,AMMKMNKZ,Pressure Cooker,1848,4,1852,0.99,262980
Tamil Nadu,11,Dr.Radhakrishnan Nagar,NOTA,,,,NOTA,NOTA,1702,2,1704,0.91,262980
Tamil Nadu,11,Dr.Radhakrishnan Nagar,SANTHAKUMAR . A,MALE,30.0,GENERAL,IND,Peas,557,0,557,0.3,262980
Tamil Nadu,11,Dr.Radhakrishnan Nagar,VIJAYAN.P,MALE,35.0,SC,BSP,Elephant,361,0,361,0.19,262980
Tamil Nadu,11,Dr.Radhakrishnan Nagar,SASIDARAN.S,MALE,37.0,SC,IND,Capsicum,241,0,241,0.13,262980
Tamil Nadu,11,Dr.Radhakrishnan Nagar,Daniel Sachin Mani.E,MALE,38.0,GENERAL,IND,Dumbbells,222,0,222,0.12,262980
Tamil Nadu,11,Dr.Radhakrishnan Nagar,SIVAKUMAR.S,MALE,31.0,SC,SUCI,Gas Cylinder,214,1,215,0.11,262980
Tamil Nadu,11,Dr.Radhakrishnan Nagar,BABU MAILAN . A,MALE,49.0,GENERAL,RPPRINAT,Helicopter,115,0,115,0.06,262980
Tamil Nadu,11,Dr.Radhakrishnan Nagar,KANDEEPAN.G,MALE,49.0,GENERAL,IND,Tooth Brush,111,0,111,0.06,262980
Tamil Nadu,11,Dr.Radhakrishnan Nagar,RAMADASS . E,MALE,68.0,SC,MANAK,Water Melon,104,0,104,0.06,262980
Tamil Nadu,11,Dr.Radhakrishnan Nagar,GUNASEKARAN.G,MALE,65.0,SC,IND,T.V. Remote,92,0,92,0.05,262980
Tamil Nadu,11,Dr.Radhakrishnan Nagar,PREMKUMAR.P,MALE,42.0,SC,IND,Stumps,79,0,79,0.04,262980
Tamil Nadu,11,Dr.Radhakrishnan Nagar,MOHAN . R,MALE,63.0,GENERAL,USIP,Tiller,79,0,79,0.04,262980
Tamil Nadu,11,Dr.Radhakrishnan Nagar,KALIDASS,MALE,55.0,GENERAL,IND,Television,67,0,67,0.04,262980
Tamil Nadu,11,Dr.Radhakrishnan Nagar,SRIDHAR . C,MALE,39.0,GENERAL,IND,COMPUTER,55,0,55,0.03,262980
Tamil Nadu,11,Dr.Radhakrishnan Nagar,DEVAKUMAR.R,MALE,31.0,SC,IND,Syringe,48,0,48,0.03,262980
Tamil Nadu,11,Dr.Radhakrishnan Nagar,DEVARAJ.M,MALE,42.0,GENERAL,IND,Pencil Box,48,0,48,0.03,262980
Tamil Nadu,11,Dr.Radhakrishnan Nagar,RAJESH . I,MALE,40.0,GENERAL,IND,Binoculars,47,0,47,0.03,262980
Tamil Nadu,11,Dr.Radhakrishnan Nagar,FRANKLIN.D,MALE,42.0,GENERAL,IND,Trumpet,44,0,44,0.02,262980
Tamil Nadu,11,Dr.Radhakrishnan Nagar,PURUSHOTHAMAN . K,MALE,26.0,GENERAL,IND,Neck Tie,44,0,44,0.02,262980
Tamil Nadu,11,Dr.Radhakrishnan Nagar,BOOTHIRAJAN.G,MALE,40.0,GENERAL,IND,BELT,39,0,39,0.02,262980
Tamil Nadu,11,Dr.Radhakrishnan Nagar,MARIMUTHU.P,MALE,65.0,GENERAL,IND,BOX,38,0,38,0.02,262980
Tamil Nadu,11,Dr.Radhakrishnan Nagar,RAJESH . S,MALE,35.0,SC,IND,Head Phone,36,1,37,0.02,262980
Tamil Nadu,11,Dr.Radhakrishnan Nagar,VENKATRAMAN . C,MALE,30.0,SC,IND,Envelope,36,1,37,0.02,262980
Tamil Nadu,11,Dr.Radhakrishnan Nagar,VENUGOPAL.D,MALE,35.0,SC,SHS,BISCUIT,32,2,34,0.02,262980
Tamil Nadu,11,Dr.Radhakrishnan Nagar,VIVEK.C,MALE,38.0,SC,IND,Pen Drive,27,0,27,0.01,262980
Tamil Nadu,11,Dr.Radhakrishnan Nagar,ETHIRAJ.R,MALE,44.0,GENERAL,IND,Frying Pan,26,0,26,0.01,262980
Tamil Nadu,11,Dr.Radhakrishnan Nagar,MADHAN RAJ . D,MALE,44.0,GENERAL,IND,Almirah,22,0,22,0.01,262980
Tamil Nadu,12,Perambur,SHEKAR. R.D,MALE,54.0,GENERAL,DMK,Rising Sun,104580,687,105267,52.53,315942
Tamil Nadu,12,Perambur,DHANAPALAN N.R,MALE,69.0,GENERAL,ADMK,Two Leaves,50093,198,50291,25.1,315942
Tamil Nadu,12,Perambur,MERLIN SUGANTHI. S,FEMALE,35.0,GENERAL,NTK,Ganna Kisan,19787,34,19821,9.89,315942
Tamil Nadu,12,Perambur,PONNUSAMY. A,MALE,46.0,GENERAL,MNM,Battery torch,17026,46,17072,8.52,315942
Tamil Nadu,12,Perambur,LAKSHMI NARAYANAN. E,MALE,48.0,GENERAL,AMMKMNKZ,Pressure Cooker,4039,3,4042,2.02,315942
Tamil Nadu,12,Perambur,NOTA,,,,NOTA,NOTA,1508,7,1515,0.76,315942
Tamil Nadu,12,Perambur,SURESH. C,MALE,37.0,GENERAL,BSP,Elephant,515,0,515,0.26,315942
Tamil Nadu,12,Perambur,SOOSAI. M.A,MALE,57.0,GENERAL,RPPRINAT,Helicopter,296,0,296,0.15,315942
Tamil Nadu,12,Perambur,SEBASTIN. J,MALE,44.0,GENERAL,SUCI,Gas Cylinder,194,0,194,0.1,315942
Tamil Nadu,12,Perambur,SATHEESH. J,MALE,45.0,GENERAL,IND,Tube light,174,0,174,0.09,315942
Tamil Nadu,12,Perambur,PARTHIPAN. P,MALE,39.0,GENERAL,IND,Laptop,172,0,172,0.09,315942
Tamil Nadu,12,Perambur,SEKAR. P,MALE,66.0,GENERAL,IND,Ring,166,0,166,0.08,315942
Tamil Nadu,12,Perambur,RAJESH. K,MALE,32.0,GENERAL,IND,Gift Pack,163,0,163,0.08,315942
Tamil Nadu,12,Perambur,PREM ANAND. J,MALE,32.0,GENERAL,IND,Glass Tumbler,112,0,112,0.06,315942
Tamil Nadu,12,Perambur,SATHISHKUMAR. S,MALE,31.0,GENERAL,IND,DIAMOND,106,0,106,0.05,315942
Tamil Nadu,12,Perambur,RAJESH KUMAR. S,MALE,46.0,GENERAL,IND,CUTTING PLIERS,90,0,90,0.04,315942
Tamil Nadu,12,Perambur,SELVARAJ. R,MALE,49.0,SC,IND,Balloon,86,1,87,0.04,315942
Tamil Nadu,12,Perambur,SARAVANA PERUMAL. R,MALE,47.0,GENERAL,IND,Hat,65,0,65,0.03,315942
Tamil Nadu,12,Perambur,UDAYAKUMAR. S,MALE,48.0,GENERAL,IND,BELT,59,1,60,0.03,315942
Tamil Nadu,12,Perambur,KADHIRAVAN. M,MALE,53.0,GENERAL,IND,Electric Pole,48,0,48,0.02,315942
Tamil Nadu,12,Perambur,VENKATESH. L,MALE,45.0,GENERAL,IND,Television,46,0,46,0.02,315942
Tamil Nadu,12,Perambur,VINOTHKUMAR. G,MALE,30.0,SC,IND,Bat,45,0,45,0.02,315942
Tamil Nadu,12,Perambur,VASANTHA KUMAR. M,MALE,43.0,GENERAL,IND,FLUTE,40,0,40,0.02,315942
Tamil Nadu,13,Kolathur,M.K. STALIN,MALE,68.0,GENERAL,DMK,Rising Sun,104305,1217,105522,60.86,281197
Tamil Nadu,13,Kolathur,AADIRAJARAM,MALE,62.0,GENERAL,ADMK,Two Leaves,34801,337,35138,20.27,281197
Tamil Nadu,13,Kolathur,A.JAGADISH KUMAR,MALE,31.0,GENERAL,MNM,Battery Torch,14123,87,14210,8.2,281197
Tamil Nadu,13,Kolathur,CAMILUS SELVA,MALE,30.0,GENERAL,NTK,Ganna Kisan,11259,45,11304,6.52,281197
Tamil Nadu,13,Kolathur,NOTA,,,,NOTA,NOTA,1518,11,1529,0.88,281197
Tamil Nadu,13,Kolathur,MJS.JAMAL MOHAMED MEERA,MALE,39.0,GENERAL,BSP,Elephant,1286,9,1295,0.75,281197
Tamil Nadu,13,Kolathur,J.ARUMUGAM,MALE,54.0,GENERAL,AMMKMNKZ,Pressure Cooker,1076,5,1081,0.62,281197
Tamil Nadu,13,Kolathur,AGNI SRI RAMACHANDRAN. N,MALE,40.0,GENERAL,IND,Pen Nib with Seven Rays,681,1,682,0.39,281197
Tamil Nadu,13,Kolathur,SURESH,MALE,36.0,GENERAL,TNLK,Ring,619,1,620,0.36,281197
Tamil Nadu,13,Kolathur,ASHOK KUMAR.S,MALE,41.0,SC,NGPP,Pot,257,0,257,0.15,281197
Tamil Nadu,13,Kolathur,AL. NARESH KUMAR,MALE,27.0,GENERAL,IND,Tractor Chalata Kisan,197,0,197,0.11,281197
Tamil Nadu,13,Kolathur,DIVYA,FEMALE,26.0,GENERAL,IND,DIAMOND,181,1,182,0.1,281197
Tamil Nadu,13,Kolathur,VIVEKRAJ.J,MALE,31.0,SC,tmc,Whistle,118,0,118,0.07,281197
Tamil Nadu,13,Kolathur,L.KATHIRESAN,MALE,48.0,GENERAL,IND,COCONUT FARM,117,0,117,0.07,281197
Tamil Nadu,13,Kolathur,J.SURIYAMUTHU,MALE,46.0,GENERAL,IND,Auto- Rickshaw,109,1,110,0.06,281197
Tamil Nadu,13,Kolathur,MIRZA SAFDAR ALI,MALE,43.0,GENERAL,IND,Pineapple,98,0,98,0.06,281197
Tamil Nadu,13,Kolathur,MALARVIZHI,FEMALE,30.0,GENERAL,IND,Mixee,91,0,91,0.05,281197
Tamil Nadu,13,Kolathur,SATHIYASEELAN,MALE,36.0,GENERAL,IND,Gift Pack,88,0,88,0.05,281197
Tamil Nadu,13,Kolathur,M.RAJENDRAN,MALE,46.0,GENERAL,NDPOSI,Air Conditioner,63,0,63,0.04,281197
Tamil Nadu,13,Kolathur,RAMA DEVI,FEMALE,33.0,GENERAL,IND,Television,61,0,61,0.04,281197
Tamil Nadu,13,Kolathur,C.JEEVAKUMAR,MALE,34.0,SC,IND,Jackfruit,52,0,52,0.03,281197
Tamil Nadu,13,Kolathur,D.SURESHBABU,MALE,45.0,GENERAL,DMSK,Football,44,0,44,0.03,281197
Tamil Nadu,13,Kolathur,K.ELUMALAI,MALE,44.0,GENERAL,VTVTK,Pestle and Mortar,44,0,44,0.03,281197
Tamil Nadu,13,Kolathur,D.NILAMANI,FEMALE,43.0,SC,IND,FLUTE,42,1,43,0.02,281197
Tamil Nadu,13,Kolathur,K. PANNERSELVAM,MALE,38.0,GENERAL,IND,Helmet,40,2,42,0.02,281197
Tamil Nadu,13,Kolathur,S.SURESHKUMAR,MALE,37.0,SC,MKat,Telephone,37,5,42,0.02,281197
Tamil Nadu,13,Kolathur,A.SEETHA,FEMALE,47.0,SC,BHUDRP,BUCKET,41,0,41,0.02,281197
Tamil Nadu,13,Kolathur,G.VELMURUGAN,MALE,40.0,GENERAL,SHS,Almirah,37,2,39,0.02,281197
Tamil Nadu,13,Kolathur,P.SENTHIL KUMAR,MALE,39.0,SC,IND,Helicopter,38,0,38,0.02,281197
Tamil Nadu,13,Kolathur,P.HARISHKUMAR,MALE,27.0,GENERAL,IND,SHIP,38,0,38,0.02,281197
Tamil Nadu,13,Kolathur,DEVIKARANI,FEMALE,30.0,GENERAL,IND,CHESS BOARD,37,0,37,0.02,281197
Tamil Nadu,13,Kolathur,M.A.S. SENTHIL KUMAR,MALE,43.0,GENERAL,IND,Matchbox,33,1,34,0.02,281197
Tamil Nadu,13,Kolathur,R.SELVAM,MALE,42.0,SC,IND,Hat,31,1,32,0.02,281197
Tamil Nadu,13,Kolathur,E.RAJENDRAN,MALE,56.0,GENERAL,AMGRDMK,Pan,25,5,30,0.02,281197
Tamil Nadu,13,Kolathur,NIRMALA DEVI,FEMALE,30.0,GENERAL,IND,Mike,30,0,30,0.02,281197
Tamil Nadu,13,Kolathur,V.SURESHKUMAR,MALE,49.0,GENERAL,IND,Baby Walker,21,0,21,0.01,281197
Tamil Nadu,13,Kolathur,B.VIJAYA KUMAR,MALE,38.0,GENERAL,IND,Shoe,18,0,18,0.01,281197
Tamil Nadu,14,Villivakkam,A . Vetriazhagan,MALE,42.0,GENERAL,DMK,Rising Sun,75347,780,76127,52.83,255328
Tamil Nadu,14,Villivakkam,J.C.D.Prabhakar,MALE,68.0,GENERAL,ADMK,Two Leaves,38601,289,38890,26.99,255328
Tamil Nadu,14,Villivakkam,Sriharan,MALE,30.0,GENERAL,MNM,Battery torch,13282,82,13364,9.27,255328
Tamil Nadu,14,Villivakkam,R.Sridar,MALE,49.0,GENERAL,NTK,Ganna Kisan,10846,68,10914,7.57,255328
Tamil Nadu,14,Villivakkam,NOTA,,,,NOTA,NOTA,1430,14,1444,1.0,255328
Tamil Nadu,14,Villivakkam,D.Subamangalam,FEMALE,42.0,GENERAL,DMDK,Nagara,1081,13,1094,0.76,255328
Tamil Nadu,14,Villivakkam,Syed Rayhan,MALE,50.0,GENERAL,IND,Razor,409,0,409,0.28,255328
Tamil Nadu,14,Villivakkam,Jagadesh Jayakumar,MALE,41.0,GENERAL,VATAK,Ring,261,0,261,0.18,255328
Tamil Nadu,14,Villivakkam,A.Palanivel,MALE,46.0,GENERAL,BSP,Elephant,221,1,222,0.15,255328
Tamil Nadu,14,Villivakkam,M.Gunasekaran,MALE,59.0,GENERAL,IND,Pressure Cooker,206,0,206,0.14,255328
Tamil Nadu,14,Villivakkam,S.Chandrika,FEMALE,51.0,GENERAL,IND,Helicopter,193,1,194,0.13,255328
Tamil Nadu,14,Villivakkam,L.Govindaraj,MALE,40.0,GENERAL,NINIK,Pineapple,188,1,189,0.13,255328
Tamil Nadu,14,Villivakkam,S.Baskar,MALE,32.0,SC,IND,DIAMOND,171,0,171,0.12,255328
Tamil Nadu,14,Villivakkam,M.Murali Vinodh,MALE,37.0,SC,IND,Frying Pan,98,0,98,0.07,255328
Tamil Nadu,14,Villivakkam,S. Raju Bharathi,MALE,63.0,GENERAL,DMSK,Football,88,0,88,0.06,255328
Tamil Nadu,14,Villivakkam,A . Ajith Kumar,MALE,26.0,GENERAL,IND,Whistle,80,0,80,0.06,255328
Tamil Nadu,14,Villivakkam,S.Kandasamy,MALE,56.0,GENERAL,IND,Hat,68,6,74,0.05,255328
Tamil Nadu,14,Villivakkam,C.Mohan,MALE,58.0,GENERAL,IND,Auto- Rickshaw,54,0,54,0.04,255328
Tamil Nadu,14,Villivakkam,M .Jalal,MALE,40.0,GENERAL,IND,Gift Pack,43,0,43,0.03,255328
Tamil Nadu,14,Villivakkam,A.S.Kumar,MALE,64.0,GENERAL,IND,Bat,42,0,42,0.03,255328
Tamil Nadu,14,Villivakkam,C.A.Ashok Kumar,MALE,50.0,SC,IND,Gas Cylinder,39,1,40,0.03,255328
Tamil Nadu,14,Villivakkam,G.Iyanar,MALE,46.0,SC,IND,Refrigerator,34,2,36,0.02,255328
Tamil Nadu,14,Villivakkam,G. Devapriyan,MALE,44.0,SC,IND,Window,27,0,27,0.02,255328
Tamil Nadu,14,Villivakkam,C.Raghul,MALE,29.0,SC,IND,Electric Pole,24,1,25,0.02,255328
Tamil Nadu,15,Thiru-Vi-Ka-Nagar,SIVAKUMAR.P ALIAS THAYAGAMKAVI,MALE,55.0,SC,DMK,Rising Sun,81283,444,81727,61.13,219438
Tamil Nadu,15,Thiru-Vi-Ka-Nagar,KALYANI.P.L,FEMALE,55.0,SC,ADMK,Two Leaves,26602,112,26714,19.98,219438
Tamil Nadu,15,Thiru-Vi-Ka-Nagar,ILLAVANJI.Dr.R,FEMALE,44.0,SC,NTK,Ganna Kisan,10892,29,10921,8.17,219438
Tamil Nadu,15,Thiru-Vi-Ka-Nagar,OBATH.S,MALE,30.0,SC,MNM,Battery torch,9670,40,9710,7.26,219438
Tamil Nadu,15,Thiru-Vi-Ka-Nagar,SEKAR.M.P,MALE,40.0,SC,DMDK,Nagara,1785,2,1787,1.34,219438
Tamil Nadu,15,Thiru-Vi-Ka-Nagar,NOTA,,,,NOTA,NOTA,1042,4,1046,0.78,219438
Tamil Nadu,15,Thiru-Vi-Ka-Nagar,BAGAVATH SINGH.M,MALE,60.0,SC,BSP,Elephant,352,3,355,0.27,219438
Tamil Nadu,15,Thiru-Vi-Ka-Nagar,SIHAMANI.G,MALE,51.0,SC,IND,Pen Nib with Seven Rays,213,1,214,0.16,219438
Tamil Nadu,15,Thiru-Vi-Ka-Nagar,SUNDAR.G,MALE,42.0,SC,IND,Cup & Saucer,144,0,144,0.11,219438
Tamil Nadu,15,Thiru-Vi-Ka-Nagar,SELVAKUMAR.A,MALE,44.0,SC,IND,Football,136,0,136,0.1,219438
Tamil Nadu,15,Thiru-Vi-Ka-Nagar,KALYANI.K,FEMALE,43.0,SC,IND,Peas,128,1,129,0.1,219438
Tamil Nadu,15,Thiru-Vi-Ka-Nagar,SEKAR.E,MALE,51.0,SC,IND,Pestle and Mortar,124,1,125,0.09,219438
Tamil Nadu,15,Thiru-Vi-Ka-Nagar,RAMESH BABU.M,MALE,39.0,SC,IND,COCONUT FARM,105,1,106,0.08,219438
Tamil Nadu,15,Thiru-Vi-Ka-Nagar,KOLANJI.M,MALE,49.0,SC,IND,Auto- Rickshaw,85,0,85,0.06,219438
Tamil Nadu,15,Thiru-Vi-Ka-Nagar,PRABHAKARAN.K,MALE,37.0,SC,MKat,Telephone,78,1,79,0.06,219438
Tamil Nadu,15,Thiru-Vi-Ka-Nagar,UDAYA CHANDRAN .R,MALE,27.0,SC,IND,Lady Finger,76,1,77,0.06,219438
Tamil Nadu,15,Thiru-Vi-Ka-Nagar,RAVIKUMAR.S,MALE,39.0,SC,RPI(S),Hat,62,0,62,0.05,219438
Tamil Nadu,15,Thiru-Vi-Ka-Nagar,MALATHI.S,FEMALE,36.0,SC,IND,Pineapple,57,0,57,0.04,219438
Tamil Nadu,15,Thiru-Vi-Ka-Nagar,PREMKUMAR.G,MALE,42.0,SC,IND,Tea Filter,44,0,44,0.03,219438
Tamil Nadu,15,Thiru-Vi-Ka-Nagar,RAVIPARAIYANAR.D,MALE,44.0,SC,RPPRINAT,Helicopter,41,0,41,0.03,219438
Tamil Nadu,15,Thiru-Vi-Ka-Nagar,SANTHANU.S,MALE,33.0,SC,IND,Electric Pole,38,0,38,0.03,219438
Tamil Nadu,15,Thiru-Vi-Ka-Nagar,RANGANATHAN.M,MALE,34.0,SC,IND,Cot,37,0,37,0.03,219438
Tamil Nadu,15,Thiru-Vi-Ka-Nagar,GOVINDARAJ.G,MALE,60.0,SC,IND,Harmonium,33,0,33,0.02,219438
Tamil Nadu,15,Thiru-Vi-Ka-Nagar,BIRLABOSE.M,MALE,48.0,SC,IND,Spanner,29,0,29,0.02,219438
Tamil Nadu,16,Egmore,I.PARANTHAMEN,MALE,44.0,SC,DMK,Rising Sun,68160,672,68832,57.71,193162
Tamil Nadu,16,Egmore,B.JOHN PANDIAN,MALE,65.0,SC,ADMK,Two Leaves,29729,335,30064,25.21,193162
Tamil Nadu,16,Egmore,U. PRIYADARSINI,FEMALE,33.0,SC,MNM,Battery torch,9933,57,9990,8.38,193162
Tamil Nadu,16,Egmore,P.GEETHA LAKSHMI,FEMALE,38.0,SC,NTK,Ganna Kisan,6237,39,6276,5.26,193162
Tamil Nadu,16,Egmore,T.PRABHU,MALE,40.0,SC,DMDK,Nagara,1270,23,1293,1.08,193162
Tamil Nadu,16,Egmore,NOTA,,,,NOTA,NOTA,1167,9,1176,0.99,193162
Tamil Nadu,16,Egmore,V. PRABHU,MALE,50.0,SC,IND,Whistle,491,1,492,0.41,193162
Tamil Nadu,16,Egmore,K.P.SUNDARAPRATHABAN,MALE,74.0,SC,BSP,Elephant,357,4,361,0.3,193162
Tamil Nadu,16,Egmore,S.JAYAKALPANA,FEMALE,49.0,SC,IND,Auto- Rickshaw,171,0,171,0.14,193162
Tamil Nadu,16,Egmore,Dr.N. GUNASEKAR,MALE,31.0,SC,IND,Helmet,107,2,109,0.09,193162
Tamil Nadu,16,Egmore,A.PARANTHAMAN,MALE,36.0,SC,IND,Pot,98,0,98,0.08,193162
Tamil Nadu,16,Egmore,J.CHANDRAKALA,FEMALE,42.0,SC,LJP,Bungalow,91,1,92,0.08,193162
Tamil Nadu,16,Egmore,G.R.RAJENDRAN,MALE,26.0,SC,IND,COCONUT FARM,82,2,84,0.07,193162
Tamil Nadu,16,Egmore,G.SHEEJA,FEMALE,39.0,SC,NINIK,Pineapple,55,0,55,0.05,193162
Tamil Nadu,16,Egmore,R.REVANTH,MALE,25.0,SC,AMAK,Gas Cylinder,45,0,45,0.04,193162
Tamil Nadu,16,Egmore,M.UTHAYAKUMAR,MALE,41.0,SC,IND,COMPUTER,39,2,41,0.03,193162
Tamil Nadu,16,Egmore,N.ARAVINTH KUMAR,MALE,29.0,SC,IND,BUCKET,38,0,38,0.03,193162
Tamil Nadu,16,Egmore,V.SEKAR,MALE,44.0,SC,IND,Scissors,26,2,28,0.02,193162
Tamil Nadu,16,Egmore,V.ESWARAN,MALE,44.0,SC,IND,Television,22,4,26,0.02,193162
Tamil Nadu,17,Royapuram,MURTHY.R.IDREAM,MALE,54.0,GENERAL,DMK,Rising Sun,64095,329,64424,53.16,192635
Tamil Nadu,17,Royapuram,JAYAKUMAR.D,MALE,60.0,GENERAL,ADMK,Two Leaves,36458,187,36645,30.24,192635
Tamil Nadu,17,Royapuram,GUNASEKARAN.S,MALE,65.0,GENERAL,MNM,Battery torch,8139,27,8166,6.74,192635
Tamil Nadu,17,Royapuram,KAMALI.S,FEMALE,43.0,GENERAL,NTK,Ganna Kisan,7923,30,7953,6.56,192635
Tamil Nadu,17,Royapuram,RAMAJAYAM.C,MALE,57.0,GENERAL,AMMKMNKZ,Pressure Cooker,1124,4,1128,0.93,192635
Tamil Nadu,17,Royapuram,NOTA,,,,NOTA,NOTA,896,5,901,0.74,192635
Tamil Nadu,17,Royapuram,JAMES MARTIN.M,MALE,33.0,GENERAL,TNLK,Ring,554,3,557,0.46,192635
Tamil Nadu,17,Royapuram,SUGANTHAN.T,MALE,25.0,GENERAL,IND,Pen Nib with Seven Rays,205,0,205,0.17,192635
Tamil Nadu,17,Royapuram,KUMAR.S,MALE,43.0,SC,BSP,Elephant,180,0,180,0.15,192635
Tamil Nadu,17,Royapuram,MOHAN.A,MALE,49.0,GENERAL,TPSTP,Tractor Chalata Kisan,172,0,172,0.14,192635
Tamil Nadu,17,Royapuram,SELVAKUMAR.J,MALE,44.0,GENERAL,IND,Pen Drive,133,0,133,0.11,192635
Tamil Nadu,17,Royapuram,DHANASEKARAN.G,MALE,50.0,GENERAL,IND,Pot,109,0,109,0.09,192635
Tamil Nadu,17,Royapuram,SUBRAMANI.S.N,MALE,50.0,GENERAL,IND,Hat,85,0,85,0.07,192635
Tamil Nadu,17,Royapuram,SUNDARAPANDIAN.R,MALE,39.0,GENERAL,IND,Gas Cylinder,60,0,60,0.05,192635
Tamil Nadu,17,Royapuram,PRASATH.K,MALE,39.0,GENERAL,IND,COCONUT FARM,58,0,58,0.05,192635
Tamil Nadu,17,Royapuram,DINAKARAN.S,MALE,47.0,GENERAL,IND,DIAMOND,56,0,56,0.05,192635
Tamil Nadu,17,Royapuram,PRABHAKARAN.V,MALE,40.0,GENERAL,IND,Auto- Rickshaw,55,0,55,0.05,192635
Tamil Nadu,17,Royapuram,GOKUL.G,MALE,30.0,GENERAL,IND,SHIP,52,0,52,0.04,192635
Tamil Nadu,17,Royapuram,CHELLAPPPAN.T,MALE,40.0,GENERAL,IND,Stumps,50,0,50,0.04,192635
Tamil Nadu,17,Royapuram,MURTHY.T.C.S,MALE,45.0,GENERAL,IND,Gas Stove,42,1,43,0.04,192635
Tamil Nadu,17,Royapuram,SATHISH.S,MALE,41.0,GENERAL,IND,Electric Pole,30,0,30,0.02,192635
Tamil Nadu,17,Royapuram,VELU.G,MALE,48.0,GENERAL,IND,Head Phone,27,0,27,0.02,192635
Tamil Nadu,17,Royapuram,KALIDASS.K.R,MALE,29.0,GENERAL,IND,Batsman,27,0,27,0.02,192635
Tamil Nadu,17,Royapuram,KARUNAKARAN.H,MALE,42.0,GENERAL,IND,Gift Pack,26,0,26,0.02,192635
Tamil Nadu,17,Royapuram,KARTHICK.V,MALE,26.0,GENERAL,IND,Football,21,0,21,0.02,192635
Tamil Nadu,17,Royapuram,PRABHU.D,MALE,32.0,SC,IND,Spanner,18,0,18,0.01,192635
Tamil Nadu,17,Royapuram,VINDHAN.A,MALE,35.0,SC,IND,Harmonium,10,0,10,0.01,192635
Tamil Nadu,18,Harbour,SEKARBABU. P.K,MALE,58.0,GENERAL,DMK,Rising Sun,59073,244,59317,58.35,175785
Tamil Nadu,18,Harbour,VINOJ. P. SELVAM,MALE,34.0,GENERAL,BJP,Lotus,31971,72,32043,31.52,175785
Tamil Nadu,18,Harbour,RAMESH. A,MALE,41.0,GENERAL,MNM,Battery torch,3758,5,3763,3.7,175785
Tamil Nadu,18,Harbour,AHAMED FAZIL. M,MALE,31.0,GENERAL,NTK,Ganna Kisan,3345,12,3357,3.3,175785
Tamil Nadu,18,Harbour,NOTA,,,,NOTA,NOTA,910,3,913,0.9,175785
Tamil Nadu,18,Harbour,SANTHANA KRISHNAN. P,MALE,46.0,GENERAL,AMMKMNKZ,Pressure Cooker,771,4,775,0.76,175785
Tamil Nadu,18,Harbour,RAVIKUMAR. C,MALE,35.0,GENERAL,BSP,Elephant,410,0,410,0.4,175785
Tamil Nadu,18,Harbour,SELVAM. P,MALE,53.0,GENERAL,IND,Cot,247,0,247,0.24,175785
Tamil Nadu,18,Harbour,VIVEK RAM. A,MALE,31.0,SC,IND,Pen Nib with Seven Rays,166,0,166,0.16,175785
Tamil Nadu,18,Harbour,SURESH. R,MALE,39.0,GENERAL,IND,Bat,117,0,117,0.12,175785
Tamil Nadu,18,Harbour,GANESH. S,MALE,39.0,GENERAL,IND,DIAMOND,68,0,68,0.07,175785
Tamil Nadu,18,Harbour,SELVARAJ. S,MALE,46.0,GENERAL,IND,Hat,63,0,63,0.06,175785
Tamil Nadu,18,Harbour,KAMAL. J,MALE,27.0,GENERAL,IND,COMPUTER,45,2,47,0.05,175785
Tamil Nadu,18,Harbour,SIVARAMAN. G,MALE,46.0,GENERAL,IND,Football,40,0,40,0.04,175785
Tamil Nadu,18,Harbour,SHANKAR. A,MALE,31.0,SC,IND,Electric Pole,37,1,38,0.04,175785
Tamil Nadu,18,Harbour,SELVAKUMAR. R,MALE,60.0,GENERAL,IND,Gas Cylinder,37,0,37,0.04,175785
Tamil Nadu,18,Harbour,RAMKI. P,MALE,32.0,GENERAL,IND,CCTV Camera,33,0,33,0.03,175785
Tamil Nadu,18,Harbour,PUGALENTHI. P,MALE,48.0,GENERAL,IND,Pot,27,0,27,0.03,175785
Tamil Nadu,18,Harbour,UDHAYAKUMAR. V,MALE,31.0,SC,IND,Boat with Man and Sail,25,0,25,0.02,175785
Tamil Nadu,18,Harbour,SRINIVASAN. P,MALE,49.0,GENERAL,IND,BUCKET,24,0,24,0.02,175785
Tamil Nadu,18,Harbour,KRISHNAKUMAR. G,MALE,35.0,SC,IND,Cauliflower,22,0,22,0.02,175785
Tamil Nadu,18,Harbour,ANANDRAJ. T.K,MALE,37.0,SC,IND,Scissors,21,0,21,0.02,175785
Tamil Nadu,18,Harbour,DAMODHARAN. A.G,MALE,47.0,GENERAL,IND,Gift Pack,20,0,20,0.02,175785
Tamil Nadu,18,Harbour,ZIONRAJ. M,MALE,37.0,GENERAL,IND,Batsman,18,0,18,0.02,175785
Tamil Nadu,18,Harbour,CHANDRAN. R,MALE,30.0,SC,IND,Camera,13,0,13,0.01,175785
Tamil Nadu,18,Harbour,RAMESH. D,MALE,58.0,GENERAL,IND,Balloon,11,1,12,0.01,175785
Tamil Nadu,18,Harbour,RAGHUNATH. K,MALE,49.0,GENERAL,IND,Letter Box,12,0,12,0.01,175785
Tamil Nadu,18,Harbour,NAGARAJ. S,MALE,35.0,SC,IND,Black Board,11,0,11,0.01,175785
Tamil Nadu,18,Harbour,MAHALINGAM. D,MALE,50.0,GENERAL,IND,SHIP,11,0,11,0.01,175785
Tamil Nadu,19,Chepauk-Thiruvallikeni,UDHAYANIDHI STALIN,MALE,43.0,GENERAL,DMK,Rising Sun,92636,649,93285,67.89,234067
Tamil Nadu,19,Chepauk-Thiruvallikeni,KASSALI A.V.A,MALE,61.0,GENERAL,PMK,Mango,23763,167,23930,17.42,234067
Tamil Nadu,19,Chepauk-Thiruvallikeni,JAYASIMMARAJA S M,MALE,26.0,GENERAL,NTK,Ganna Kisan,9170,23,9193,6.69,234067
Tamil Nadu,19,Chepauk-Thiruvallikeni,MOHAMMED IDRIS K,MALE,44.0,GENERAL,IJK,Auto- Rickshaw,4090,6,4096,2.98,234067
Tamil Nadu,19,Chepauk-Thiruvallikeni,NOTA,,,,NOTA,NOTA,2047,14,2061,1.5,234067
Tamil Nadu,19,Chepauk-Thiruvallikeni,RAJENDRAN L,MALE,58.0,GENERAL,AMMKMNKZ,Pressure Cooker,1865,8,1873,1.36,234067
Tamil Nadu,19,Chepauk-Thiruvallikeni,RAGHU C,MALE,44.0,SC,BSP,Elephant,715,8,723,0.53,234067
Tamil Nadu,19,Chepauk-Thiruvallikeni,TABREZ,MALE,39.0,GENERAL,TPSTP,Tractor Chalata Kisan,366,1,367,0.27,234067
Tamil Nadu,19,Chepauk-Thiruvallikeni,RAVI E,MALE,43.0,GENERAL,IND,Sitar,353,14,367,0.27,234067
Tamil Nadu,19,Chepauk-Thiruvallikeni,SENTHIL KUMAR H,MALE,37.0,GENERAL,IND,Tyres,244,0,244,0.18,234067
Tamil Nadu,19,Chepauk-Thiruvallikeni,SRINIVASAN,MALE,43.0,GENERAL,IND,Scissors,138,1,139,0.1,234067
Tamil Nadu,19,Chepauk-Thiruvallikeni,CHANDRANATHAN S,MALE,29.0,GENERAL,IND,Lady Finger,118,0,118,0.09,234067
Tamil Nadu,19,Chepauk-Thiruvallikeni,MOHAMED RIOZ,MALE,33.0,GENERAL,AMAK,Gas Cylinder,112,0,112,0.08,234067
Tamil Nadu,19,Chepauk-Thiruvallikeni,NAGARAJAN,MALE,51.0,GENERAL,IND,Bead Necklace,109,1,110,0.08,234067
Tamil Nadu,19,Chepauk-Thiruvallikeni,ABID BAKSHQ H HUSSAIN,MALE,44.0,GENERAL,RPPRINAT,Helicopter,104,1,105,0.08,234067
Tamil Nadu,19,Chepauk-Thiruvallikeni,RAVI M L,MALE,56.0,GENERAL,DMSK,Football,89,0,89,0.06,234067
Tamil Nadu,19,Chepauk-Thiruvallikeni,ANANDAN K,MALE,46.0,GENERAL,IND,Man Blowing Turha,87,1,88,0.06,234067
Tamil Nadu,19,Chepauk-Thiruvallikeni,MUNIYANDI,MALE,55.0,GENERAL,IND,COMPUTER,81,0,81,0.06,234067
Tamil Nadu,19,Chepauk-Thiruvallikeni,KANNAN C,MALE,45.0,GENERAL,IND,Robot,63,2,65,0.05,234067
Tamil Nadu,19,Chepauk-Thiruvallikeni,KRISHNADASAN S,MALE,46.0,GENERAL,IND,T.V. Remote,57,0,57,0.04,234067
Tamil Nadu,19,Chepauk-Thiruvallikeni,BALAJI C,MALE,42.0,GENERAL,IND,Coat,53,0,53,0.04,234067
Tamil Nadu,19,Chepauk-Thiruvallikeni,MANIKANDAN E,MALE,32.0,GENERAL,IND,Petrol Pump,49,1,50,0.04,234067
Tamil Nadu,19,Chepauk-Thiruvallikeni,DILLIRAJ P,MALE,29.0,GENERAL,IND,Kettle,49,0,49,0.04,234067
Tamil Nadu,19,Chepauk-Thiruvallikeni,MADHANA GOPAL T,MALE,44.0,GENERAL,IND,Pineapple,42,0,42,0.03,234067
Tamil Nadu,19,Chepauk-Thiruvallikeni,Ganesan P,MALE,45.0,GENERAL,IND,Brush,39,0,39,0.03,234067
Tamil Nadu,19,Chepauk-Thiruvallikeni,BALAJI K,MALE,41.0,GENERAL,IND,Helmet,34,1,35,0.03,234067
Tamil Nadu,19,Chepauk-Thiruvallikeni,MOHAMMED HUSSAIN,MALE,32.0,GENERAL,IND,Telephone,33,1,34,0.02,234067
Tamil Nadu,20,Thousand Lights,EZHILAN N,MALE,41.0,GENERAL,DMK,Rising Sun,71437,430,71867,52.87,240096
Tamil Nadu,20,Thousand Lights,KUSHBOO SUNDAR,FEMALE,50.0,GENERAL,BJP,Lotus,39237,168,39405,28.99,240096
Tamil Nadu,20,Thousand Lights,K M SHARIFF,MALE,55.0,GENERAL,MNM,Battery torch,11769,22,11791,8.67,240096
Tamil Nadu,20,Thousand Lights,SHERINE AJ,FEMALE,28.0,GENERAL,NTK,Ganna Kisan,8860,24,8884,6.54,240096
Tamil Nadu,20,Thousand Lights,NOTA,,,,NOTA,NOTA,1381,4,1385,1.02,240096
Tamil Nadu,20,Thousand Lights,VAIDHYANATHAN N,MALE,54.0,GENERAL,AMMKMNKZ,Pressure Cooker,1145,10,1155,0.85,240096
Tamil Nadu,20,Thousand Lights,WILLIAMS D,MALE,50.0,GENERAL,BSP,Elephant,245,1,246,0.18,240096
Tamil Nadu,20,Thousand Lights,RADHA KRISHNAN S,MALE,28.0,GENERAL,IND,Camera,230,1,231,0.17,240096
Tamil Nadu,20,Thousand Lights,MANIVANNAN N,MALE,45.0,GENERAL,IND,Tractor Chalata Kisan,229,0,229,0.17,240096
Tamil Nadu,20,Thousand Lights,PARTHIBAN V,MALE,26.0,GENERAL,IND,Bat,154,0,154,0.11,240096
Tamil Nadu,20,Thousand Lights,DOMNIC A,MALE,40.0,GENERAL,NINIK,Pineapple,72,0,72,0.05,240096
Tamil Nadu,20,Thousand Lights,SUDAKAR R,MALE,27.0,SC,IND,Electric Pole,63,3,66,0.05,240096
Tamil Nadu,20,Thousand Lights,SANJEEVI S,MALE,48.0,GENERAL,IND,Capsicum,66,0,66,0.05,240096
Tamil Nadu,20,Thousand Lights,BABU A,MALE,44.0,GENERAL,IND,Football,65,0,65,0.05,240096
Tamil Nadu,20,Thousand Lights,A GEORGE BENNY,MALE,73.0,GENERAL,IND,Auto- Rickshaw,62,0,62,0.05,240096
Tamil Nadu,20,Thousand Lights,NIRMAL KUMAR S,MALE,25.0,GENERAL,IND,Jackfruit,53,0,53,0.04,240096
Tamil Nadu,20,Thousand Lights,RIAZ(A) SYED ZAKEERULLA,MALE,43.0,GENERAL,AMAK,Gas Cylinder,52,0,52,0.04,240096
Tamil Nadu,20,Thousand Lights,P PARIMALA,FEMALE,46.0,GENERAL,IND,CALCULATOR,47,0,47,0.03,240096
Tamil Nadu,20,Thousand Lights,VELRAJ S,MALE,33.0,GENERAL,IND,Tube light,41,1,42,0.03,240096
Tamil Nadu,20,Thousand Lights,DEEBAN M,MALE,28.0,SC,IND,Helmet,37,0,37,0.03,240096
Tamil Nadu,20,Thousand Lights,SEKAR K,MALE,62.0,GENERAL,IND,BUCKET,30,1,31,0.02,240096
Tamil Nadu,21,Anna Nagar,M.K. Mohan,MALE,68.0,GENERAL,DMK,Rising Sun,79356,698,80054,48.49,286090
Tamil Nadu,21,Anna Nagar,S. Gokula Indira,FEMALE,55.0,GENERAL,ADMK,Two Leaves,52297,312,52609,31.87,286090
Tamil Nadu,21,Anna Nagar,V. Ponraj,MALE,54.0,GENERAL,MNM,Battery Torch,17434,88,17522,10.61,286090
Tamil Nadu,21,Anna Nagar,S. Shankar,MALE,48.0,GENERAL,NTK,Ganna Kisan,10361,45,10406,6.3,286090
Tamil Nadu,21,Anna Nagar,NOTA,,,,NOTA,NOTA,1529,16,1545,0.94,286090
Tamil Nadu,21,Anna Nagar,K.N. Gunasekaran,MALE,60.0,GENERAL,AMMKMNKZ,Pressure Cooker,1163,6,1169,0.71,286090
Tamil Nadu,21,Anna Nagar,S.D. Prabhakar,MALE,41.0,GENERAL,TNLK,Ring,406,2,408,0.25,286090
Tamil Nadu,21,Anna Nagar,D. JeevithKumar,MALE,30.0,SC,BSP,Elephant,220,0,220,0.13,286090
Tamil Nadu,21,Anna Nagar,S. Sathyanarayanan,MALE,47.0,GENERAL,IND,Sitar,158,0,158,0.1,286090
Tamil Nadu,21,Anna Nagar,Hari Shankar,MALE,45.0,GENERAL,IND,Tractor Chalata Kisan,141,1,142,0.09,286090
Tamil Nadu,21,Anna Nagar,K. Sathish Kumar,MALE,32.0,GENERAL,IND,Bat,125,0,125,0.08,286090
Tamil Nadu,21,Anna Nagar,R. Saravanan,MALE,55.0,GENERAL,IND,Ginger,122,0,122,0.07,286090
Tamil Nadu,21,Anna Nagar,V.M. Nagarajan,MALE,44.0,GENERAL,IND,DIAMOND,84,2,86,0.05,286090
Tamil Nadu,21,Anna Nagar,L. Kasinathan,MALE,64.0,GENERAL,IND,Hat,74,0,74,0.04,286090
Tamil Nadu,21,Anna Nagar,V. Paulraj Guna,MALE,48.0,GENERAL,RPPRINAT,Helicopter,73,0,73,0.04,286090
Tamil Nadu,21,Anna Nagar,Ansar Ahamed,MALE,54.0,GENERAL,AMAK,Gas Cylinder,69,0,69,0.04,286090
Tamil Nadu,21,Anna Nagar,P.E. Gopinath,MALE,30.0,GENERAL,IND,Electric Pole,62,0,62,0.04,286090
Tamil Nadu,21,Anna Nagar,P. Dhanasekar,MALE,37.0,SC,NINIK,Pineapple,59,0,59,0.04,286090
Tamil Nadu,21,Anna Nagar,S. Yuvaraja,MALE,48.0,GENERAL,VTVTK,Pestle and Mortar,56,0,56,0.03,286090
Tamil Nadu,21,Anna Nagar,J. Nagaraj,MALE,42.0,GENERAL,NGPP,Pot,53,0,53,0.03,286090
Tamil Nadu,21,Anna Nagar,M. Veriyandi,MALE,36.0,GENERAL,AMGRDMK,Pan,32,0,32,0.02,286090
Tamil Nadu,21,Anna Nagar,M. Manokaran,MALE,51.0,GENERAL,IND,Spanner,27,0,27,0.02,286090
Tamil Nadu,21,Anna Nagar,P. Manimaran,MALE,55.0,SC,IND,Stool,13,0,13,0.01,286090
Tamil Nadu,21,Anna Nagar,A. Jayaprakash,MALE,54.0,GENERAL,IND,Slate,12,0,12,0.01,286090
Tamil Nadu,22,Virugampakkam,AMV.PRABHAKARA RAJA,MALE,32.0,GENERAL,DMK,Rising Sun,73814,537,74351,43.97,291691
Tamil Nadu,22,Virugampakkam,VIRUGAI V.N.RAVI,MALE,58.0,GENERAL,ADMK,Two Leaves,55526,458,55984,33.11,291691
Tamil Nadu,22,Virugampakkam,SENEGAN,MALE,48.0,GENERAL,MNM,Battery Torch,16871,68,16939,10.02,291691
Tamil Nadu,22,Virugampakkam,T.S.RAJENDRAN,MALE,57.0,GENERAL,NTK,Ganna Kisan,10153,32,10185,6.02,291691
Tamil Nadu,22,Virugampakkam,M.GUNASEKARAN (A) STAR M.GUNASEKARAN,MALE,47.0,GENERAL,IND,Auto- Rickshaw,5165,21,5186,3.07,291691
Tamil Nadu,22,Virugampakkam,B.PARTHASARATHY,MALE,56.0,GENERAL,DMDK,Nagara,1584,1,1585,0.94,291691
Tamil Nadu,22,Virugampakkam,NOTA,,,,NOTA,NOTA,1551,12,1563,0.92,291691
Tamil Nadu,22,Virugampakkam,R.MAYILSAMY,MALE,56.0,GENERAL,IND,Whistle,1436,4,1440,0.85,291691
Tamil Nadu,22,Virugampakkam,SATHASIVAM,MALE,35.0,GENERAL,IND,Bricks,344,0,344,0.2,291691
Tamil Nadu,22,Virugampakkam,M.S.ISMAIL KHAN,MALE,40.0,GENERAL,AIJYMKG,Mixee,206,3,209,0.12,291691
Tamil Nadu,22,Virugampakkam,M.MANNU,MALE,42.0,GENERAL,IND,DIAMOND,146,2,148,0.09,291691
Tamil Nadu,22,Virugampakkam,V.GUNASEKARAN,MALE,60.0,GENERAL,IND,Dustbin,131,0,131,0.08,291691
Tamil Nadu,22,Virugampakkam,M.SIVAKUMAR,MALE,40.0,SC,IND,Football,119,0,119,0.07,291691
Tamil Nadu,22,Virugampakkam,G.THANIGACHALAM,MALE,42.0,GENERAL,VTVTK,Pestle and Mortar,90,0,90,0.05,291691
Tamil Nadu,22,Virugampakkam,MANJU,FEMALE,36.0,GENERAL,AMAK,Gas Cylinder,89,1,90,0.05,291691
Tamil Nadu,22,Virugampakkam,S.GUNASEKAR,MALE,31.0,GENERAL,IND,Dish Antenna,86,2,88,0.05,291691
Tamil Nadu,22,Virugampakkam,G.RAVI,MALE,36.0,GENERAL,RJD,Hurricane Lamp,69,4,73,0.04,291691
Tamil Nadu,22,Virugampakkam,M.ELLANGOVAN,MALE,40.0,GENERAL,IND,Hat,68,4,72,0.04,291691
Tamil Nadu,22,Virugampakkam,E.SANKAR,MALE,49.0,GENERAL,IND,Truck,68,0,68,0.04,291691
Tamil Nadu,22,Virugampakkam,R.PRABAHARAN,MALE,40.0,GENERAL,MMKA,Matchbox,63,2,65,0.04,291691
Tamil Nadu,22,Virugampakkam,D.PRABAKARAN,MALE,52.0,GENERAL,IND,Balloon,55,1,56,0.03,291691
Tamil Nadu,22,Virugampakkam,D.SUNDAR SINGH,MALE,43.0,GENERAL,IND,Helmet,56,0,56,0.03,291691
Tamil Nadu,22,Virugampakkam,M.SRINIVASAN,MALE,30.0,SC,IND,Wallet,49,0,49,0.03,291691
Tamil Nadu,22,Virugampakkam,V.THALAPATHI,MALE,53.0,GENERAL,IND,Bread,49,0,49,0.03,291691
Tamil Nadu,22,Virugampakkam,V.K.KATHIR,MALE,40.0,GENERAL,IND,Electric Pole,48,0,48,0.03,291691
Tamil Nadu,22,Virugampakkam,S.R.DINESH KUMAR,MALE,34.0,GENERAL,AMGRDMK,Pan,40,1,41,0.02,291691
Tamil Nadu,22,Virugampakkam,K.BOOPATHY,MALE,45.0,GENERAL,IND,Bat,34,0,34,0.02,291691
Tamil Nadu,22,Virugampakkam,V.K.SENTHIL KUMAR,MALE,38.0,GENERAL,IND,Television,24,0,24,0.01,291691
Tamil Nadu,23,Saidapet,SUBRAMANIAN. MA,MALE,61.0,GENERAL,DMK,Rising Sun,79715,479,80194,50.02,279033
Tamil Nadu,23,Saidapet,SAIDAI DURAISAMY,MALE,69.0,GENERAL,ADMK,Two Leaves,50633,153,50786,31.68,279033
Tamil Nadu,23,Saidapet,SNEGAPRIYA,FEMALE,29.0,SC,MNM,Battery Torch,13413,41,13454,8.39,279033
Tamil Nadu,23,Saidapet,SURESH KUMAR. B,MALE,37.0,GENERAL,NTK,Ganna Kisan,10687,30,10717,6.68,279033
Tamil Nadu,23,Saidapet,SENTHAMIZHAN. G,MALE,57.0,GENERAL,AMMKMNKZ,Pressure Cooker,2076,5,2081,1.3,279033
Tamil Nadu,23,Saidapet,NOTA,,,,NOTA,NOTA,1155,3,1158,0.72,279033
Tamil Nadu,23,Saidapet,KOTTUR KUMAR. R,MALE,40.0,SC,BSP,Elephant,274,0,274,0.17,279033
Tamil Nadu,23,Saidapet,SAGAYAMARY. N,FEMALE,41.0,GENERAL,RPPRINAT,Helicopter,208,1,209,0.13,279033
Tamil Nadu,23,Saidapet,SIVASANKAR. S. R,MALE,40.0,GENERAL,IND,Television,182,0,182,0.11,279033
Tamil Nadu,23,Saidapet,BALAJI. V,MALE,45.0,GENERAL,IND,Pen Stand,145,0,145,0.09,279033
Tamil Nadu,23,Saidapet,KANDHASAMY. R,MALE,52.0,GENERAL,IND,Ring,141,0,141,0.09,279033
Tamil Nadu,23,Saidapet,MURTHI. R,MALE,38.0,GENERAL,IND,DIAMOND,125,0,125,0.08,279033
Tamil Nadu,23,Saidapet,SATHISH KUMAR. S,MALE,29.0,GENERAL,IND,SHIP,121,0,121,0.08,279033
Tamil Nadu,23,Saidapet,SARAVANAN. D,MALE,39.0,GENERAL,IND,Mike,91,0,91,0.06,279033
Tamil Nadu,23,Saidapet,SIVAGNANASAMBANDAN. T,MALE,66.0,GENERAL,DMSK,Football,87,2,89,0.06,279033
Tamil Nadu,23,Saidapet,JOTHI SAIRAM. S,MALE,27.0,GENERAL,IND,Pen Drive,66,0,66,0.04,279033
Tamil Nadu,23,Saidapet,KOTHANDAPANI. K,MALE,45.0,GENERAL,IND,Kettle,48,0,48,0.03,279033
Tamil Nadu,23,Saidapet,IMRAN KHAN. M,MALE,36.0,GENERAL,IND,Hat,47,0,47,0.03,279033
Tamil Nadu,23,Saidapet,MANIMARAN. S,MALE,50.0,GENERAL,IND,Bread,43,0,43,0.03,279033
Tamil Nadu,23,Saidapet,PREM KUMAR. A,MALE,27.0,GENERAL,IND,Gift Pack,40,0,40,0.02,279033
Tamil Nadu,23,Saidapet,ASHOK KUMAR. V,MALE,41.0,GENERAL,IND,Camera,38,0,38,0.02,279033
Tamil Nadu,23,Saidapet,VIJAYA KUMAR. R,MALE,43.0,GENERAL,IND,Helmet,37,0,37,0.02,279033
Tamil Nadu,23,Saidapet,LOGANATHAN. J,MALE,57.0,GENERAL,IND,Matchbox,34,0,34,0.02,279033
Tamil Nadu,23,Saidapet,VENKATESH. K,MALE,28.0,GENERAL,IND,Water Melon,32,0,32,0.02,279033
Tamil Nadu,23,Saidapet,RISHI KUMAR. A,MALE,25.0,GENERAL,IND,Rubber Stamp,31,0,31,0.02,279033
Tamil Nadu,23,Saidapet,ARUN KUMAR. M,MALE,25.0,GENERAL,IND,BOX,30,0,30,0.02,279033
Tamil Nadu,23,Saidapet,VASANTH. H,MALE,39.0,SC,IND,FLUTE,30,0,30,0.02,279033
Tamil Nadu,23,Saidapet,RAJESH. N,MALE,36.0,SC,IND,Door Bell,23,0,23,0.01,279033
Tamil Nadu,23,Saidapet,ELANGO. K,MALE,58.0,GENERAL,IND,Truck,22,1,23,0.01,279033
Tamil Nadu,23,Saidapet,PRAKASH. C,MALE,35.0,GENERAL,IND,Window,20,0,20,0.01,279033
Tamil Nadu,23,Saidapet,ALAGANATHAN. B,MALE,41.0,GENERAL,IND,CALCULATOR,18,0,18,0.01,279033
Tamil Nadu,24,Thiyagarayanagar,KARUNANITHI J,MALE,51.0,GENERAL,DMK,Rising Sun,55465,570,56035,40.57,245040
Tamil Nadu,24,Thiyagarayanagar,SATHIYANAARAYANAN B,MALE,57.0,GENERAL,ADMK,Two Leaves,55006,892,55898,40.47,245040
Tamil Nadu,24,Thiyagarayanagar,KARUPPIAH PALA,MALE,77.0,GENERAL,MNM,Battery torch,14473,94,14567,10.55,245040
Tamil Nadu,24,Thiyagarayanagar,SIVASANKARI S,FEMALE,33.0,GENERAL,NTK,Ganna Kisan,8259,25,8284,6.0,245040
Tamil Nadu,24,Thiyagarayanagar,NOTA,,,,NOTA,NOTA,1597,20,1617,1.17,245040
Tamil Nadu,24,Thiyagarayanagar,BHARANEESWARAN R,MALE,40.0,GENERAL,AMMKMNKZ,Pressure Cooker,774,8,782,0.57,245040
Tamil Nadu,24,Thiyagarayanagar,JOHNSON R,MALE,38.0,GENERAL,BSP,Elephant,259,10,269,0.19,245040
Tamil Nadu,24,Thiyagarayanagar,PALAYAN R,MALE,30.0,SC,IND,Mike,124,0,124,0.09,245040
Tamil Nadu,24,Thiyagarayanagar,DHANUSH M,MALE,25.0,GENERAL,USIP,Tiller,109,0,109,0.08,245040
Tamil Nadu,24,Thiyagarayanagar,RAJASEKARAN D,MALE,38.0,SC,IND,Laptop,92,0,92,0.07,245040
Tamil Nadu,24,Thiyagarayanagar,VETRI SELVI,FEMALE,47.0,GENERAL,AMAK,Gas Cylinder,79,9,88,0.06,245040
Tamil Nadu,24,Thiyagarayanagar,KANNAN S,MALE,29.0,GENERAL,IND,Wallet,86,2,88,0.06,245040
Tamil Nadu,24,Thiyagarayanagar,DHANASEKARAN R,MALE,60.0,GENERAL,DMSK,Football,72,2,74,0.05,245040
Tamil Nadu,24,Thiyagarayanagar,ELLAPPAN A.K.D,MALE,53.0,SC,MAHMMK,Robot,50,2,52,0.04,245040
Tamil Nadu,24,Thiyagarayanagar,THIRUNAVUKKARASU V,MALE,43.0,GENERAL,MKat,Telephone,33,2,35,0.03,245040
Tamil Nadu,25,Mylapore,VELU.DHA,MALE,50.0,GENERAL,DMK,Rising Sun,67919,473,68392,44.58,270568
Tamil Nadu,25,Mylapore,NATARAJ.R,MALE,70.0,GENERAL,ADMK,Two Leaves,55466,293,55759,36.34,270568
Tamil Nadu,25,Mylapore,SRIPRIYA,FEMALE,63.0,GENERAL,MNM,Battery torch,14850,54,14904,9.71,270568
Tamil Nadu,25,Mylapore,MAHALAKSHMI.K,FEMALE,39.0,GENERAL,NTK,Ganna Kisan,10098,26,10124,6.6,270568
Tamil Nadu,25,Mylapore,NOTA,,,,NOTA,NOTA,1279,8,1287,0.84,270568
Tamil Nadu,25,Mylapore,KARTHICK.D,MALE,29.0,GENERAL,AMMKMNKZ,Pressure Cooker,1113,5,1118,0.73,270568
Tamil Nadu,25,Mylapore,BALAJI,MALE,40.0,SC,BSP,Elephant,410,3,413,0.27,270568
Tamil Nadu,25,Mylapore,RADHA M (TRANSGENDER),THIRD,53.0,GENERAL,IND,Telephone,203,0,203,0.13,270568
Tamil Nadu,25,Mylapore,NALLAPPAN.G,MALE,62.0,GENERAL,IND,CALCULATOR,181,0,181,0.12,270568
Tamil Nadu,25,Mylapore,NATARAJAN P,MALE,52.0,GENERAL,IND,Socks,127,2,129,0.08,270568
Tamil Nadu,25,Mylapore,PASUPATHI PRAGALATHAN,MALE,37.0,GENERAL,IND,Safety Pin,117,0,117,0.08,270568
Tamil Nadu,25,Mylapore,MOHANRAJ.J,MALE,68.0,GENERAL,JJ,Green Chilli,113,0,113,0.07,270568
Tamil Nadu,25,Mylapore,SELVAKUMAR,MALE,48.0,GENERAL,IND,Almirah,112,0,112,0.07,270568
Tamil Nadu,25,Mylapore,RANGARAJAN.R,MALE,35.0,GENERAL,IND,Dish Antenna,93,0,93,0.06,270568
Tamil Nadu,25,Mylapore,NANDAGOPAL.G,MALE,50.0,GENERAL,IND,Television,85,2,87,0.06,270568
Tamil Nadu,25,Mylapore,SENTHIL KUMAR.D,MALE,47.0,GENERAL,AMAK,Gas Cylinder,82,0,82,0.05,270568
Tamil Nadu,25,Mylapore,ARUNRAJ BALAN,MALE,31.0,SC,IND,Dumbbells,76,0,76,0.05,270568
Tamil Nadu,25,Mylapore,VARATHARAJAN.V.S,MALE,48.0,GENERAL,IND,Letter Box,49,1,50,0.03,270568
Tamil Nadu,25,Mylapore,KAJENDRAN.M,MALE,39.0,SC,IND,Head Phone,35,3,38,0.02,270568
Tamil Nadu,25,Mylapore,V. VIJAYA KRISHNA,MALE,42.0,GENERAL,IND,Bangles,38,0,38,0.02,270568
Tamil Nadu,25,Mylapore,SHANMUGARAJAN B,MALE,69.0,GENERAL,IND,Violin,35,0,35,0.02,270568
Tamil Nadu,25,Mylapore,MALAR KANNAN.R,MALE,41.0,GENERAL,IND,Envelope,29,0,29,0.02,270568
Tamil Nadu,25,Mylapore,KUPPUSWAMY.T.M,MALE,53.0,GENERAL,IND,Matchbox,26,0,26,0.02,270568
Tamil Nadu,25,Mylapore,VENKATESH,MALE,31.0,SC,IND,Kettle,24,0,24,0.02,270568
Tamil Nadu,26,Velachery,JMH.AASSAN MAULAANA,MALE,36.0,GENERAL,INC,Hand,67998,495,68493,38.76,314578
Tamil Nadu,26,Velachery,M.K.ASHOK,MALE,49.0,GENERAL,ADMK,Two Leaves,63830,311,64141,36.3,314578
Tamil Nadu,26,Velachery,Dr. SANTHOSH BABU IAS (Retd),MALE,53.0,GENERAL,MNM,Battery Torch,22992,80,23072,13.06,314578
Tamil Nadu,26,Velachery,M.KEERTHANA,FEMALE,28.0,GENERAL,NTK,Ganna Kisan,14142,29,14171,8.02,314578
Tamil Nadu,26,Velachery,M.CHANDRABOSE,MALE,61.0,GENERAL,AMMKMNKZ,Pressure Cooker,1972,5,1977,1.12,314578
Tamil Nadu,26,Velachery,NOTA,,,,NOTA,NOTA,1725,17,1742,0.99,314578
Tamil Nadu,26,Velachery,V.L.REVATHI JAYAKUMARI,FEMALE,50.0,SC,TNLK,Ring,746,4,750,0.42,314578
Tamil Nadu,26,Velachery,C.VELU,MALE,31.0,SC,BSP,Elephant,473,4,477,0.27,314578
Tamil Nadu,26,Velachery,V.SIVARAMAN,MALE,69.0,GENERAL,IND,Auto- Rickshaw,282,0,282,0.16,314578
Tamil Nadu,26,Velachery,GEETHA,FEMALE,48.0,GENERAL,NGPP,Pot,277,1,278,0.16,314578
Tamil Nadu,26,Velachery,A.TAMIL AZHAGAN,MALE,32.0,GENERAL,IND,Baby Walker,229,0,229,0.13,314578
Tamil Nadu,26,Velachery,V.HARIHARAN,MALE,32.0,GENERAL,IND,DIAMOND,170,0,170,0.1,314578
Tamil Nadu,26,Velachery,N.MAHALAKSHMI,FEMALE,57.0,GENERAL,IND,Green Chilli,143,0,143,0.08,314578
Tamil Nadu,26,Velachery,S.JOTHI KANNAN,MALE,32.0,GENERAL,IND,Laptop,116,1,117,0.07,314578
Tamil Nadu,26,Velachery,MURALI BALAJI,MALE,29.0,GENERAL,IND,Tyres,116,0,116,0.07,314578
Tamil Nadu,26,Velachery,S.GOKUL,MALE,31.0,GENERAL,IND,Telephone,89,0,89,0.05,314578
Tamil Nadu,26,Velachery,R.KANCHANA,FEMALE,45.0,GENERAL,MMKA,Matchbox,86,1,87,0.05,314578
Tamil Nadu,26,Velachery,A.CHANDRAN,MALE,61.0,GENERAL,MGRMKKT,Air Conditioner,85,0,85,0.05,314578
Tamil Nadu,26,Velachery,J.VICTOR PAUL,MALE,40.0,GENERAL,RPPRINAT,Helicopter,69,0,69,0.04,314578
Tamil Nadu,26,Velachery,D.VENKATESHAN,MALE,41.0,GENERAL,AMAK,Gas Cylinder,63,0,63,0.04,314578
Tamil Nadu,26,Velachery,K.KANNAN,MALE,49.0,GENERAL,IND,Balloon,57,0,57,0.03,314578
Tamil Nadu,26,Velachery,G.YESUDASAN,MALE,69.0,GENERAL,IND,Almirah,48,0,48,0.03,314578
Tamil Nadu,26,Velachery,M.VIGNESH,MALE,29.0,GENERAL,IND,Mike,34,0,34,0.02,314578
Tamil Nadu,26,Velachery,A.VETRISELVAN,MALE,34.0,GENERAL,IND,Black Board,24,0,24,0.01,314578
Tamil Nadu,27,Shozhinganallur,S.ARAVINDRAMESH,MALE,53.0,GENERAL,DMK,Rising Sun,170675,883,171558,44.18,698893
Tamil Nadu,27,Shozhinganallur,K.P.KANDAN,MALE,57.0,GENERAL,ADMK,Two Leaves,135834,319,136153,35.06,698893
Tamil Nadu,27,Shozhinganallur,S.MICHAEL,MALE,36.0,GENERAL,NTK,Ganna Kisan,38825,47,38872,10.01,698893
Tamil Nadu,27,Shozhinganallur,RAJIV KUMAR,MALE,48.0,GENERAL,MNM,Battery Torch,30229,55,30284,7.8,698893
Tamil Nadu,27,Shozhinganallur,R.MURUGAN,MALE,36.0,GENERAL,DMDK,Nagara,3903,9,3912,1.01,698893
Tamil Nadu,27,Shozhinganallur,NOTA,,,,NOTA,NOTA,3021,9,3030,0.78,698893
Tamil Nadu,27,Shozhinganallur,K.SURJITHKUMAR,MALE,33.0,GENERAL,IND,Ring,674,2,676,0.17,698893
Tamil Nadu,27,Shozhinganallur,G.PRAKASH ROBERT,MALE,42.0,GENERAL,BSP,Elephant,551,3,554,0.14,698893
Tamil Nadu,27,Shozhinganallur,S.SENTHIL,MALE,39.0,GENERAL,IND,Syringe,477,0,477,0.12,698893
Tamil Nadu,27,Shozhinganallur,H.ARAVINDHKUMAR,MALE,26.0,SC,IND,Pen Nib with Seven Rays,448,4,452,0.12,698893
Tamil Nadu,27,Shozhinganallur,M.RAJESWARIPRIYA,FEMALE,38.0,GENERAL,AMAK,Gas Cylinder,426,1,427,0.11,698893
Tamil Nadu,27,Shozhinganallur,K.SENTHILKUMAR,MALE,42.0,GENERAL,IND,BISCUIT,310,0,310,0.08,698893
Tamil Nadu,27,Shozhinganallur,R.SELVAVIGNESH,MALE,26.0,GENERAL,IND,Laptop,176,0,176,0.05,698893
Tamil Nadu,27,Shozhinganallur,A.I.AHAMED SHAH,MALE,27.0,GENERAL,IND,COMPUTER,171,1,172,0.04,698893
Tamil Nadu,27,Shozhinganallur,T.ELUMALAI,MALE,41.0,GENERAL,AMDMK,Pan,160,0,160,0.04,698893
Tamil Nadu,27,Shozhinganallur,D.SRINIVASAN,MALE,31.0,GENERAL,IND,Stumps,149,0,149,0.04,698893
Tamil Nadu,27,Shozhinganallur,Dr. V.KANDAN,MALE,40.0,GENERAL,IND,BUCKET,146,1,147,0.04,698893
Tamil Nadu,27,Shozhinganallur,G.VELAVAN,MALE,33.0,GENERAL,IND,Tube light,134,0,134,0.03,698893
Tamil Nadu,27,Shozhinganallur,E.RAJESH,MALE,26.0,SC,IND,Scissors,127,0,127,0.03,698893
Tamil Nadu,27,Shozhinganallur,D.VENUGOPAL,MALE,57.0,SC,IND,Football,117,0,117,0.03,698893
Tamil Nadu,27,Shozhinganallur,D.KALANITHI,MALE,41.0,GENERAL,IND,Cake,96,0,96,0.02,698893
Tamil Nadu,27,Shozhinganallur,R.RAVICHANDRAN,MALE,55.0,GENERAL,IND,Bat,95,0,95,0.02,698893
Tamil Nadu,27,Shozhinganallur,P.ARULRAJ,MALE,35.0,SC,IND,Helmet,67,5,72,0.02,698893
Tamil Nadu,27,Shozhinganallur,K.NARASIMMAN,MALE,42.0,GENERAL,IND,Spanner,58,0,58,0.01,698893
Tamil Nadu,27,Shozhinganallur,A.DHANASEKAR,MALE,48.0,GENERAL,IND,Almirah,57,0,57,0.01,698893
Tamil Nadu,27,Shozhinganallur,A.MOHAMMED GANI,MALE,41.0,GENERAL,IND,CARPET,45,0,45,0.01,698893
Tamil Nadu,27,Shozhinganallur,S.PRITHIVIRAJ,MALE,31.0,GENERAL,IND,Bricks,45,0,45,0.01,698893
Tamil Nadu,28,Alandur,T.M.Anbarasan,MALE,61.0,GENERAL,DMK,Rising Sun,115777,1008,116785,49.12,389118
Tamil Nadu,28,Alandur,B.Valarmathi,FEMALE,62.0,GENERAL,ADMK,Two Leaves,75634,580,76214,32.06,389118
Tamil Nadu,28,Alandur,Sarathbabu,MALE,42.0,GENERAL,MNM,Battery torch,21067,72,21139,8.89,389118
Tamil Nadu,28,Alandur,Dr.R.Karthikeyan,MALE,33.0,GENERAL,NTK,Ganna Kisan,16469,53,16522,6.95,389118
Tamil Nadu,28,Alandur,NOTA,,,,NOTA,NOTA,1898,10,1908,0.8,389118
Tamil Nadu,28,Alandur,M Mohammed Thameem Ansari,MALE,39.0,GENERAL,SDPI,Pressure Cooker,1759,11,1770,0.74,389118
Tamil Nadu,28,Alandur,G Kamalakannan,MALE,34.0,GENERAL,TNLK,Ring,1096,9,1105,0.46,389118
Tamil Nadu,28,Alandur,N.Raja,MALE,36.0,GENERAL,DMSK,Football,261,4,265,0.11,389118
Tamil Nadu,28,Alandur,A.Abrahamlincon,MALE,36.0,GENERAL,IND,Bread,262,0,262,0.11,389118
Tamil Nadu,28,Alandur,M.Valarmathi,FEMALE,41.0,SC,IND,Electric Pole,229,10,239,0.1,389118
Tamil Nadu,28,Alandur,Ali Mohamed,MALE,46.0,GENERAL,IND,Bead Necklace,219,1,220,0.09,389118
Tamil Nadu,28,Alandur,E.Anbarasu,MALE,55.0,GENERAL,IND,Pen Nib with Seven Rays,204,3,207,0.09,389118
Tamil Nadu,28,Alandur,Subashree,FEMALE,40.0,GENERAL,AMAK,Gas Cylinder,148,0,148,0.06,389118
Tamil Nadu,28,Alandur,P.Sathiyaraj,MALE,32.0,SC,IND,Bat,138,0,138,0.06,389118
Tamil Nadu,28,Alandur,S.Sridhar,MALE,45.0,GENERAL,IND,COCONUT FARM,137,0,137,0.06,389118
Tamil Nadu,28,Alandur,Nithyanandham S,MALE,35.0,SC,IND,Hat,109,1,110,0.05,389118
Tamil Nadu,28,Alandur,M Anbarasu,MALE,36.0,GENERAL,IND,DIAMOND,109,0,109,0.05,389118
Tamil Nadu,28,Alandur,S.Anbarasu,MALE,43.0,GENERAL,IND,Auto- Rickshaw,80,0,80,0.03,389118
Tamil Nadu,28,Alandur,M.Ashok Kumar,MALE,34.0,SC,IND,Scissors,73,1,74,0.03,389118
Tamil Nadu,28,Alandur,Dr.R.Suresh,MALE,57.0,SC,BMFP,BISCUIT,59,0,59,0.02,389118
Tamil Nadu,28,Alandur,Rajesh Chinnadurai,MALE,33.0,GENERAL,NDPOSI,Air Conditioner,50,6,56,0.02,389118
Tamil Nadu,28,Alandur,S.V.Saravanan,MALE,31.0,SC,IND,Glass Tumbler,53,0,53,0.02,389118
Tamil Nadu,28,Alandur,J.Vincent,MALE,36.0,SC,RPPRINAT,Helicopter,34,10,44,0.02,389118
Tamil Nadu,28,Alandur,C Saravanan,MALE,41.0,GENERAL,IND,COMPUTER,41,1,42,0.02,389118
Tamil Nadu,28,Alandur,K Saravanan,MALE,29.0,SC,IND,Balloon,40,0,40,0.02,389118
Tamil Nadu,28,Alandur,B Raji,MALE,30.0,GENERAL,IND,Water Tank,25,0,25,0.01,389118
Tamil Nadu,29,Sriperumbudur,SELVAPERUNTHAGAI,MALE,60.0,SC,INC,Hand,114554,799,115353,43.65,355267
Tamil Nadu,29,Sriperumbudur,PALANI,MALE,59.0,SC,ADMK,Two Leaves,104017,457,104474,39.53,355267
Tamil Nadu,29,Sriperumbudur,PUSHPARAJ,MALE,45.0,SC,NTK,Ganna Kisan,21998,36,22034,8.34,355267
Tamil Nadu,29,Sriperumbudur,THANIGAIVEL,MALE,43.0,SC,MNM,Battery torch,8838,32,8870,3.36,355267
Tamil Nadu,29,Sriperumbudur,VAIRAMUTHU,MALE,43.0,SC,IND,Cot,6325,15,6340,2.4,355267
Tamil Nadu,29,Sriperumbudur,PERUMAL,MALE,63.0,SC,AMMKMNKZ,Pressure Cooker,3125,19,3144,1.19,355267
Tamil Nadu,29,Sriperumbudur,NOTA,,,,NOTA,NOTA,2132,7,2139,0.81,355267
Tamil Nadu,29,Sriperumbudur,VINOTH,MALE,34.0,SC,BSP,Elephant,802,1,803,0.3,355267
Tamil Nadu,29,Sriperumbudur,SAROJA,FEMALE,68.0,SC,IND,BENCH,280,2,282,0.11,355267
Tamil Nadu,29,Sriperumbudur,LEENA,FEMALE,39.0,SC,IND,Grapes,138,0,138,0.05,355267
Tamil Nadu,29,Sriperumbudur,VEDHAGIRI,MALE,51.0,SC,IND,Truck,132,3,135,0.05,355267
Tamil Nadu,29,Sriperumbudur,DEVARAJAN,MALE,41.0,SC,IND,Road Roller,114,15,129,0.05,355267
Tamil Nadu,29,Sriperumbudur,VASANTHI,FEMALE,38.0,SC,IND,Iron,123,1,124,0.05,355267
Tamil Nadu,29,Sriperumbudur,LOKESH,MALE,28.0,SC,DMSK,Football,123,0,123,0.05,355267
Tamil Nadu,29,Sriperumbudur,SUDHAKAR,MALE,41.0,SC,IND,Noodles Bowl,88,12,100,0.04,355267
Tamil Nadu,29,Sriperumbudur,PARTHIBAN,MALE,38.0,SC,IND,BOX,74,0,74,0.03,355267
Tamil Nadu,30,Pallavaram,KARUNANITHI,MALE,62.0,GENERAL,DMK,Rising Sun,125705,722,126427,47.5,436239
Tamil Nadu,30,Pallavaram,RAJENDRAN,MALE,60.0,GENERAL,ADMK,Two Leaves,88310,334,88644,33.3,436239
Tamil Nadu,30,Pallavaram,MINISHREE KANAGARAJ,FEMALE,36.0,GENERAL,NTK,Ganna Kisan,21482,40,21522,8.09,436239
Tamil Nadu,30,Pallavaram,SENTHIL ARUMUGAM,MALE,43.0,GENERAL,MNM,Battery torch,20729,45,20774,7.8,436239
Tamil Nadu,30,Pallavaram,MURUGESAN,MALE,59.0,GENERAL,DMDK,Nagara,3714,5,3719,1.4,436239
Tamil Nadu,30,Pallavaram,NOTA,,,,NOTA,NOTA,1935,10,1945,0.73,436239
Tamil Nadu,30,Pallavaram,KARTHICK,MALE,38.0,SC,BSP,Elephant,517,0,517,0.19,436239
Tamil Nadu,30,Pallavaram,GOKULKRISHNAN,MALE,27.0,GENERAL,TNLK,Ring,430,2,432,0.16,436239
Tamil Nadu,30,Pallavaram,SERMA SELVARAJ,MALE,49.0,GENERAL,DMSK,Football,351,0,351,0.13,436239
Tamil Nadu,30,Pallavaram,KUMARA DOSS,MALE,40.0,GENERAL,IND,Auto- Rickshaw,274,0,274,0.1,436239
Tamil Nadu,30,Pallavaram,SADAM HUSSAIN,MALE,26.0,GENERAL,IND,Bat,267,1,268,0.1,436239
Tamil Nadu,30,Pallavaram,AJITHKUMAR,MALE,29.0,SC,PT,Television,201,2,203,0.08,436239
Tamil Nadu,30,Pallavaram,BALAJI,MALE,41.0,GENERAL,IND,Balloon,167,1,168,0.06,436239
Tamil Nadu,30,Pallavaram,VEERALAKSHMI,FEMALE,32.0,GENERAL,MIDP,CCTV Camera,136,0,136,0.05,436239
Tamil Nadu,30,Pallavaram,KANAGARAJ,MALE,36.0,GENERAL,IND,Glass Tumbler,135,0,135,0.05,436239
Tamil Nadu,30,Pallavaram,MICHAEL,MALE,50.0,GENERAL,IND,Gift Pack,124,0,124,0.05,436239
Tamil Nadu,30,Pallavaram,SATHYASEELAN,MALE,68.0,SC,LJP,Bungalow,117,2,119,0.04,436239
Tamil Nadu,30,Pallavaram,RAMACHANDRAN.R,MALE,28.0,GENERAL,IND,COMPUTER,96,0,96,0.04,436239
Tamil Nadu,30,Pallavaram,PERUMAL,MALE,43.0,GENERAL,IND,DIAMOND,86,0,86,0.03,436239
Tamil Nadu,30,Pallavaram,SASIKUMAR LAKSHMIPATHY,MALE,42.0,GENERAL,NDPOSI,Air Conditioner,83,1,84,0.03,436239
Tamil Nadu,30,Pallavaram,SRIDHARAN,MALE,64.0,GENERAL,DRMRPMKKC,Mike,66,0,66,0.02,436239
Tamil Nadu,30,Pallavaram,KUMAR,MALE,45.0,GENERAL,AMGRDMK,Pan,58,1,59,0.02,436239
Tamil Nadu,30,Pallavaram,BHASKARAN,MALE,68.0,GENERAL,IND,Gas Cylinder,40,1,41,0.02,436239
Tamil Nadu,31,Tambaram,Raja.S.R,MALE,64.0,GENERAL,DMK,Rising Sun,115721,1119,116840,46.93,415663
Tamil Nadu,31,Tambaram,Chinnaiyah.T.K.M,MALE,59.0,GENERAL,ADMK,Two Leaves,79509,507,80016,32.14,415663
Tamil Nadu,31,Tambaram,Elango.Siva,MALE,44.0,GENERAL,MNM,Battery torch,22466,64,22530,9.05,415663
Tamil Nadu,31,Tambaram,Sureshkumar.T,MALE,47.0,GENERAL,NTK,Ganna Kisan,19463,31,19494,7.83,415663
Tamil Nadu,31,Tambaram,Karikalan.M,MALE,55.0,GENERAL,AMMKMNKZ,Pressure Cooker,4194,13,4207,1.69,415663
Tamil Nadu,31,Tambaram,NOTA,,,,NOTA,NOTA,2276,8,2284,0.92,415663
Tamil Nadu,31,Tambaram,Abdulnazar P A,MALE,47.0,GENERAL,TNLK,Ring,1348,3,1351,0.54,415663
Tamil Nadu,31,Tambaram,Harikrishnan.R,MALE,34.0,GENERAL,BSP,Elephant,314,3,317,0.13,415663
Tamil Nadu,31,Tambaram,Laksmanan N.,MALE,42.0,GENERAL,IND,Electric Pole,264,0,264,0.11,415663
Tamil Nadu,31,Tambaram,Sigamani S,MALE,50.0,SC,IND,Television,247,0,247,0.1,415663
Tamil Nadu,31,Tambaram,KRISHNA T V N H S R.,MALE,41.0,GENERAL,IND,Letter Box,212,3,215,0.09,415663
Tamil Nadu,31,Tambaram,KAMATCHI U.,FEMALE,33.0,GENERAL,AMAK,Gas Cylinder,199,0,199,0.08,415663
Tamil Nadu,31,Tambaram,Sivaraman.S,MALE,56.0,GENERAL,IND,Auto- Rickshaw,168,1,169,0.07,415663
Tamil Nadu,31,Tambaram,Rathinakumar R.,MALE,28.0,GENERAL,IND,Bangles,149,2,151,0.06,415663
Tamil Nadu,31,Tambaram,Anand Prabhu B.,MALE,36.0,GENERAL,IND,DIAMOND,122,0,122,0.05,415663
Tamil Nadu,31,Tambaram,Kannairam.B,MALE,60.0,GENERAL,IND,Bottle,116,1,117,0.05,415663
Tamil Nadu,31,Tambaram,Manojkumar A.,MALE,36.0,SC,SHS,Almirah,85,3,88,0.04,415663
Tamil Nadu,31,Tambaram,Venkatesan.C,MALE,44.0,GENERAL,VTVTK,Pestle and Mortar,73,0,73,0.03,415663
Tamil Nadu,31,Tambaram,Venkatesan Balaji B.,MALE,55.0,GENERAL,IND,CCTV Camera,71,0,71,0.03,415663
Tamil Nadu,31,Tambaram,Justin Charles.P,MALE,52.0,GENERAL,RPPRINAT,Helicopter,64,0,64,0.03,415663
Tamil Nadu,31,Tambaram,Ramu A,MALE,53.0,GENERAL,NDPOSI,Air Conditioner,53,3,56,0.02,415663
Tamil Nadu,31,Tambaram,Thangaraj V.,MALE,47.0,SC,IND,Iron,46,1,47,0.02,415663
Tamil Nadu,31,Tambaram,Balakrishnan G.,MALE,54.0,GENERAL,IND,Toffee,46,0,46,0.02,415663
Tamil Nadu,32,Chengalpattu,VARALAKSHMI.M,FEMALE,47.0,GENERAL,DMK,Rising Sun,129317,1256,130573,47.64,428440
Tamil Nadu,32,Chengalpattu,GAJENDRAN.M,MALE,42.0,GENERAL,ADMK,Two Leaves,103561,347,103908,37.91,428440
Tamil Nadu,32,Chengalpattu,SANJEEVINATHAN.K,MALE,40.0,GENERAL,NTK,Ganna Kisan,26813,55,26868,9.8,428440
Tamil Nadu,32,Chengalpattu,MUTHAMILSELVAN.S,MALE,47.0,GENERAL,IJK,Auto- Rickshaw,4133,13,4146,1.51,428440
Tamil Nadu,32,Chengalpattu,NOTA,,,,NOTA,NOTA,3058,17,3075,1.12,428440
Tamil Nadu,32,Chengalpattu,SATHISHKUMAR.A,MALE,34.0,GENERAL,AMMKMNKZ,Pressure Cooker,3063,6,3069,1.12,428440
Tamil Nadu,32,Chengalpattu,ERANIAPPAN.S,MALE,60.0,GENERAL,CPI(ML)(L),Flag with Three Stars,684,0,684,0.25,428440
Tamil Nadu,32,Chengalpattu,DILLIBABU.S,MALE,46.0,SC,TPSTP,Tractor Chalata Kisan,403,1,404,0.15,428440
Tamil Nadu,32,Chengalpattu,VEERADOSS.E,MALE,44.0,GENERAL,IND,Hat,343,1,344,0.13,428440
Tamil Nadu,32,Chengalpattu,SEETHALAKSHMI.I,FEMALE,27.0,SC,IND,Football,314,3,317,0.12,428440
Tamil Nadu,32,Chengalpattu,RAJAGOPAL.G,MALE,35.0,GENERAL,IND,Laptop,233,0,233,0.09,428440
Tamil Nadu,32,Chengalpattu,SARAVANAN.D,MALE,33.0,SC,AIJYMKG,Mixee,195,0,195,0.07,428440
Tamil Nadu,32,Chengalpattu,VASUMATHI.G,FEMALE,37.0,GENERAL,AMAK,Gas Cylinder,141,1,142,0.05,428440
Tamil Nadu,32,Chengalpattu,GOPALAKRISHNAN.N,MALE,49.0,GENERAL,IND,Bangles,129,0,129,0.05,428440
Tamil Nadu,33,Thiruporur,S.S.Balaji,MALE,51.0,GENERAL,VCK,Pot,92987,967,93954,41.44,294620
Tamil Nadu,33,Thiruporur,Arumugam.K,MALE,60.0,GENERAL,PMK,Mango,91388,619,92007,40.58,294620
Tamil Nadu,33,Thiruporur,Mohana Sundari.S,FEMALE,36.0,GENERAL,NTK,Ganna Kisan,20354,74,20428,9.01,294620
Tamil Nadu,33,Thiruporur,Lavanya.N,FEMALE,41.0,GENERAL,MNM,Battery torch,8125,69,8194,3.61,294620
Tamil Nadu,33,Thiruporur,Kothandapani.M,MALE,62.0,GENERAL,AMMKMNKZ,Pressure Cooker,7629,33,7662,3.38,294620
Tamil Nadu,33,Thiruporur,NOTA,,,,NOTA,NOTA,1971,11,1982,0.87,294620
Tamil Nadu,33,Thiruporur,V.K.Pakkiri Ambadkar,MALE,54.0,SC,BSP,Elephant,1129,6,1135,0.5,294620
Tamil Nadu,33,Thiruporur,A.Joshva,MALE,52.0,GENERAL,IND,Swing,367,0,367,0.16,294620
Tamil Nadu,33,Thiruporur,S.Nataraj,MALE,37.0,GENERAL,IND,Air Conditioner,268,3,271,0.12,294620
Tamil Nadu,33,Thiruporur,D.Ravi,MALE,47.0,SC,IND,Auto- Rickshaw,266,2,268,0.12,294620
Tamil Nadu,33,Thiruporur,U.Akbar Bhasha,MALE,32.0,GENERAL,IND,Hat,267,1,268,0.12,294620
Tamil Nadu,33,Thiruporur,M.Duraisamy,MALE,38.0,GENERAL,IND,BISCUIT,190,3,193,0.09,294620
Tamil Nadu,34,Cheyyur,Babu M,MALE,44.0,SC,VCK,Pot,81533,1217,82750,46.2,227468
Tamil Nadu,34,Cheyyur,Kanitha S,FEMALE,56.0,SC,ADMK,Two Leaves,78144,564,78708,43.94,227468
Tamil Nadu,34,Cheyyur,Rajesh R,MALE,34.0,SC,NTK,Ganna Kisan,9568,85,9653,5.39,227468
Tamil Nadu,34,Cheyyur,Siva A,MALE,44.0,SC,DMDK,Nagara,3026,28,3054,1.71,227468
Tamil Nadu,34,Cheyyur,Anbu Tamilsekaran P,MALE,71.0,SC,MNM,Battery Torch,1927,41,1968,1.1,227468
Tamil Nadu,34,Cheyyur,NOTA,,,,NOTA,NOTA,1127,14,1141,0.64,227468
Tamil Nadu,34,Cheyyur,Ilayaraja S,MALE,33.0,SC,BSP,Elephant,960,4,964,0.54,227468
Tamil Nadu,34,Cheyyur,Vinoth M,MALE,30.0,SC,IND,Scissors,402,1,403,0.22,227468
Tamil Nadu,34,Cheyyur,Babu E,MALE,49.0,SC,IND,Truck,247,16,263,0.15,227468
Tamil Nadu,34,Cheyyur,Amarnath B,MALE,29.0,SC,IND,Electric Pole,215,1,216,0.12,227468
Tamil Nadu,35,Madurantakam,Maragatham. K,FEMALE,38.0,SC,ADMK,Two Leaves,85791,855,86646,46.62,226715
Tamil Nadu,35,Madurantakam,Sathya. C.E,MALE,57.0,SC,DMK,Rising Sun,81739,1337,83076,44.7,226715
Tamil Nadu,35,Madurantakam,Sumitha. P,FEMALE,30.0,SC,NTK,Ganna Kisan,9249,44,9293,5.0,226715
Tamil Nadu,35,Madurantakam,Moorthi . N,MALE,49.0,SC,DMDK,Nagara,2130,7,2137,1.15,226715
Tamil Nadu,35,Madurantakam,Dinesh. K,MALE,38.0,SC,MNM,Battery Torch,1476,12,1488,0.8,226715
Tamil Nadu,35,Madurantakam,NOTA,,,,NOTA,NOTA,1369,2,1371,0.74,226715
Tamil Nadu,35,Madurantakam,Tamizhselvan. S,MALE,27.0,SC,IND,DIAMOND,633,6,639,0.34,226715
Tamil Nadu,35,Madurantakam,Madhanraj. M,MALE,29.0,SC,BSP,Elephant,587,0,587,0.32,226715
Tamil Nadu,35,Madurantakam,Kothandan. A,MALE,50.0,SC,DESMI,COCONUT FARM,249,2,251,0.14,226715
Tamil Nadu,35,Madurantakam,Ranjitham. M,FEMALE,41.0,SC,IND,Helicopter,233,0,233,0.13,226715
Tamil Nadu,35,Madurantakam,Subash. S,MALE,28.0,SC,MKLMNTRAPR,Bat,120,1,121,0.07,226715
Tamil Nadu,36,Uthiramerur,SUNDAR K,MALE,66.0,GENERAL,DMK,Rising Sun,92161,1266,93427,44.38,260462
Tamil Nadu,36,Uthiramerur,SOMASUNDARAM V,MALE,55.0,GENERAL,ADMK,Two Leaves,91127,678,91805,43.61,260462
Tamil Nadu,36,Uthiramerur,KAMACTHI.S,FEMALE,47.0,GENERAL,NTK,Ganna Kisan,11320,85,11405,5.42,260462
Tamil Nadu,36,Uthiramerur,RANJITHKUMAR.R.V,MALE,45.0,GENERAL,AMMKMNKZ,Pressure Cooker,7181,30,7211,3.43,260462
Tamil Nadu,36,Uthiramerur,SUSAIAPPAR.A,MALE,49.0,GENERAL,MNM,Battery Torch,2077,23,2100,1.0,260462
Tamil Nadu,36,Uthiramerur,NOTA,,,,NOTA,NOTA,946,6,952,0.45,260462
Tamil Nadu,36,Uthiramerur,PONNAMBALAM.R,MALE,46.0,GENERAL,IND,Capsicum,752,1,753,0.36,260462
Tamil Nadu,36,Uthiramerur,SURESH D,MALE,40.0,SC,BSP,Elephant,600,2,602,0.29,260462
Tamil Nadu,36,Uthiramerur,MADHAVARAJ.K.V,MALE,53.0,GENERAL,IND,Grapes,448,0,448,0.21,260462
Tamil Nadu,36,Uthiramerur,THANGARAJ.K,MALE,26.0,GENERAL,IND,School Bag,332,1,333,0.16,260462
Tamil Nadu,36,Uthiramerur,JAYABALAN.E,MALE,42.0,GENERAL,IND,T.V. Remote,305,1,306,0.15,260462
Tamil Nadu,36,Uthiramerur,SARAVANAN.A,MALE,43.0,GENERAL,IND,Peas,298,6,304,0.14,260462
Tamil Nadu,36,Uthiramerur,DEVARAJAN.C,MALE,52.0,SC,IND,Water Melon,140,1,141,0.07,260462
Tamil Nadu,36,Uthiramerur,SIVAKUMAR.A,MALE,39.0,GENERAL,DMSK,Football,134,2,136,0.06,260462
Tamil Nadu,36,Uthiramerur,GUNASEKAR.V,MALE,32.0,GENERAL,IND,Sitar,104,0,104,0.05,260462
Tamil Nadu,36,Uthiramerur,AROKIASAMY.J,MALE,69.0,GENERAL,IND,Television,91,13,104,0.05,260462
Tamil Nadu,36,Uthiramerur,CHINNASWAMY.T,MALE,75.0,SC,IND,Sofa,100,1,101,0.05,260462
Tamil Nadu,36,Uthiramerur,JAISUDHA.V,FEMALE,34.0,SC,RPPRINAT,Helicopter,82,3,85,0.04,260462
Tamil Nadu,36,Uthiramerur,JAYARAMAN.C.A,MALE,38.0,GENERAL,IND,Green Chilli,81,1,82,0.04,260462
Tamil Nadu,36,Uthiramerur,JEEVANANTHAM.D,MALE,40.0,GENERAL,IND,Stethoscope,66,0,66,0.03,260462
Tamil Nadu,36,Uthiramerur,SIVALINGAM.M,MALE,36.0,GENERAL,IND,Walnut,64,0,64,0.03,260462
Tamil Nadu,37,Kancheepuram,C.V.M.P. Ezhailzrasan,MALE,49.0,GENERAL,DMK,Rising Sun,100914,1798,102712,44.77,309192
Tamil Nadu,37,Kancheepuram,P. Magesh Kumar,MALE,41.0,GENERAL,PMK,Mango,90390,727,91117,39.71,309192
Tamil Nadu,37,Kancheepuram,S. SALDIN,MALE,43.0,SC,NTK,Ganna Kisan,13829,117,13946,6.08,309192
Tamil Nadu,37,Kancheepuram,B. GOPINATH,MALE,38.0,GENERAL,MNM,Battery torch,11936,92,12028,5.24,309192
Tamil Nadu,37,Kancheepuram,NOTA,,,,NOTA,NOTA,2516,18,2534,1.1,309192
Tamil Nadu,37,Kancheepuram,N. MANOGARAN,MALE,58.0,GENERAL,AMMKMNKZ,Pressure Cooker,2283,18,2301,1.0,309192
Tamil Nadu,37,Kancheepuram,L. ARULNATHAN,MALE,39.0,SC,IND,Grapes,2029,26,2055,0.9,309192
Tamil Nadu,37,Kancheepuram,K. Prabakaran,MALE,32.0,SC,BSP,Elephant,1185,8,1193,0.52,309192
Tamil Nadu,37,Kancheepuram,D.GNANAMOORTHY,MALE,50.0,SC,IND,Balloon,414,3,417,0.18,309192
Tamil Nadu,37,Kancheepuram,M. MEGANATHAN,MALE,39.0,GENERAL,NGPP,Pot,235,7,242,0.11,309192
Tamil Nadu,37,Kancheepuram,J. JAYARAJ,MALE,36.0,SC,IND,Camera,195,1,196,0.09,309192
Tamil Nadu,37,Kancheepuram,S. SRINIVASAN,MALE,38.0,GENERAL,IND,Binoculars,159,0,159,0.07,309192
Tamil Nadu,37,Kancheepuram,T. MAGESH,MALE,38.0,GENERAL,IND,Letter Box,144,14,158,0.07,309192
Tamil Nadu,37,Kancheepuram,R. VINOTHRAJ,MALE,33.0,SC,IND,Telephone,133,0,133,0.06,309192
Tamil Nadu,37,Kancheepuram,P. EZHILARASAN,MALE,45.0,GENERAL,IND,Bangles,126,1,127,0.06,309192
Tamil Nadu,37,Kancheepuram,M.ELANGOVAN,MALE,37.0,SC,IND,Helmet,95,17,112,0.05,309192
Tamil Nadu,38,Arakkonam,S.RAVI,MALE,57.0,SC,ADMK,Two Leaves,85057,342,85399,49.82,227320
Tamil Nadu,38,Arakkonam,GOWTHAMA SANNAH.J,MALE,48.0,SC,VCK,Pot,57345,885,58230,33.97,227320
Tamil Nadu,38,Arakkonam,E.ABIRAMI,FEMALE,27.0,SC,NTK,Ganna Kisan,14561,70,14631,8.54,227320
Tamil Nadu,38,Arakkonam,K.C.MANIVANNAN,MALE,46.0,SC,AMMKMNKZ,Pressure Cooker,4747,30,4777,2.79,227320
Tamil Nadu,38,Arakkonam,S.BASKARAN,MALE,37.0,SC,MNM,Battery torch,3522,21,3543,2.07,227320
Tamil Nadu,38,Arakkonam,P.SUDHAKAR,MALE,42.0,SC,BSP,Elephant,1816,9,1825,1.06,227320
Tamil Nadu,38,Arakkonam,NOTA,,,,NOTA,NOTA,1648,8,1656,0.97,227320
Tamil Nadu,38,Arakkonam,P.RAVI,MALE,46.0,SC,IND,Television,432,0,432,0.25,227320
Tamil Nadu,38,Arakkonam,C.M.GOWTHAMAN,MALE,30.0,SC,IND,Ring,284,1,285,0.17,227320
Tamil Nadu,38,Arakkonam,M.MADHANRAJ,MALE,31.0,SC,IND,Auto- Rickshaw,184,0,184,0.11,227320
Tamil Nadu,38,Arakkonam,C.MOHAN,MALE,40.0,SC,IND,Camera,128,0,128,0.07,227320
Tamil Nadu,38,Arakkonam,M.MANIKANDAN,MALE,27.0,SC,IND,Gift Pack,111,2,113,0.07,227320
Tamil Nadu,38,Arakkonam,A.GAUTHAMAN,MALE,28.0,SC,IND,Football,109,3,112,0.07,227320
Tamil Nadu,38,Arakkonam,V.RAVI,MALE,54.0,SC,IND,Electric Pole,96,1,97,0.06,227320
Tamil Nadu,39,Sholinghur,A.M.MUNIRATHINAM,MALE,65.0,GENERAL,INC,Hand,109138,1090,110228,49.18,278034
Tamil Nadu,39,Sholinghur,A.M.KRISHNAN,MALE,48.0,GENERAL,PMK,Mango,82919,611,83530,37.27,278034
Tamil Nadu,39,Sholinghur,N.G.PARTHIBAN,MALE,46.0,GENERAL,AMMKMNKZ,Pressure Cooker,12877,102,12979,5.79,278034
Tamil Nadu,39,Sholinghur,Y.R.PAVENDHAN,MALE,43.0,GENERAL,NTK,Ganna Kisan,9580,76,9656,4.31,278034
Tamil Nadu,39,Sholinghur,R.JAWAHAR,MALE,56.0,GENERAL,MNM,Battery torch,1649,15,1664,0.74,278034
Tamil Nadu,39,Sholinghur,NOTA,,,,NOTA,NOTA,1234,5,1239,0.55,278034
Tamil Nadu,39,Sholinghur,T.RAJENDRAN,MALE,51.0,SC,IND,Jackfruit,1014,1,1015,0.45,278034
Tamil Nadu,39,Sholinghur,M.GIRIDHARAN,MALE,35.0,GENERAL,BSP,Elephant,611,3,614,0.27,278034
Tamil Nadu,39,Sholinghur,M.MUNIRATHINAM,MALE,70.0,GENERAL,IND,Baby Walker,585,2,587,0.26,278034
Tamil Nadu,39,Sholinghur,J.BALAJI,MALE,27.0,SC,IND,Gas Cylinder,464,3,467,0.21,278034
Tamil Nadu,39,Sholinghur,A.PALANI,MALE,40.0,GENERAL,IND,Capsicum,466,0,466,0.21,278034
Tamil Nadu,39,Sholinghur,K.MANI,MALE,52.0,SC,IND,Immersion Rod,369,3,372,0.17,278034
Tamil Nadu,39,Sholinghur,N.MANI,MALE,43.0,GENERAL,IND,Air Conditioner,326,0,326,0.15,278034
Tamil Nadu,39,Sholinghur,G.VIJAYAKUMAR,MALE,41.0,GENERAL,DESMI,COCONUT FARM,222,0,222,0.1,278034
Tamil Nadu,39,Sholinghur,P.PARTHIBAN,MALE,27.0,GENERAL,IND,Almirah,204,1,205,0.09,278034
Tamil Nadu,39,Sholinghur,C.MUNIRATHINAM,MALE,52.0,GENERAL,IND,Tractor Chalata Kisan,174,0,174,0.08,278034
Tamil Nadu,39,Sholinghur,R.VINOTH,MALE,28.0,GENERAL,VTVTK,Pestle and Mortar,131,1,132,0.06,278034
Tamil Nadu,39,Sholinghur,K.SEKAR,MALE,48.0,GENERAL,IND,Pineapple,121,0,121,0.05,278034
Tamil Nadu,39,Sholinghur,R.ELUMALAI,MALE,45.0,GENERAL,IND,Auto- Rickshaw,111,1,112,0.05,278034
Tamil Nadu,40,Katpadi,DURAIMURUGAN,MALE,83.0,GENERAL,DMK,Rising Sun,83243,1897,85140,45.71,250228
Tamil Nadu,40,Katpadi,V RAMU,MALE,48.0,GENERAL,ADMK,Two Leaves,83675,719,84394,45.31,250228
Tamil Nadu,40,Katpadi,S THIRUKKUMARAN,MALE,43.0,GENERAL,NTK,Ganna Kisan,10325,124,10449,5.61,250228
Tamil Nadu,40,Katpadi,NOTA,,,,NOTA,NOTA,1852,37,1889,1.01,250228
Tamil Nadu,40,Katpadi,A S RAJA,MALE,60.0,GENERAL,AMMKMNKZ,Pressure Cooker,1059,7,1066,0.57,250228
Tamil Nadu,40,Katpadi,M SUDHARSAN,MALE,30.0,GENERAL,IJK,Auto- Rickshaw,991,12,1003,0.54,250228
Tamil Nadu,40,Katpadi,V VINAYAGAM,MALE,34.0,GENERAL,IND,Tractor Chalata Kisan,548,3,551,0.3,250228
Tamil Nadu,40,Katpadi,K RAJA,MALE,59.0,SC,BSP,Elephant,368,6,374,0.2,250228
Tamil Nadu,40,Katpadi,D RAMU,MALE,49.0,GENERAL,IND,Peas,332,0,332,0.18,250228
Tamil Nadu,40,Katpadi,R BASKARAN,MALE,55.0,GENERAL,IND,Pen Nib with Seven Rays,221,3,224,0.12,250228
Tamil Nadu,40,Katpadi,J ANANDHI,FEMALE,34.0,GENERAL,IND,Road Roller,177,16,193,0.1,250228
Tamil Nadu,40,Katpadi,P DHANANJAYAN,MALE,45.0,GENERAL,IND,Electric Pole,163,3,166,0.09,250228
Tamil Nadu,40,Katpadi,ARUMUGAM K P,MALE,45.0,SC,RPPRINAT,Helicopter,142,2,144,0.08,250228
Tamil Nadu,40,Katpadi,RAMAN,MALE,53.0,SC,IND,COCONUT FARM,144,0,144,0.08,250228
Tamil Nadu,40,Katpadi,K RAMU,MALE,43.0,GENERAL,IND,Lady Finger,99,0,99,0.05,250228
Tamil Nadu,40,Katpadi,R S SRIDHAR,MALE,59.0,GENERAL,AMGRDMK,Pan,75,3,78,0.04,250228
Tamil Nadu,41,Ranipet,R.GANDHI,MALE,75.0,GENERAL,DMK,Rising Sun,102273,1018,103291,49.79,267260
Tamil Nadu,41,Ranipet,S.M.SUGUMAR,MALE,60.0,GENERAL,ADMK,Two Leaves,86339,454,86793,41.84,267260
Tamil Nadu,41,Ranipet,V.SHYLAJA,FEMALE,30.0,GENERAL,NTK,Ganna Kisan,10152,82,10234,4.93,267260
Tamil Nadu,41,Ranipet,M.ATHAM BASHA,MALE,55.0,GENERAL,MNM,Battery torch,2746,16,2762,1.33,267260
Tamil Nadu,41,Ranipet,NOTA,,,,NOTA,NOTA,1625,7,1632,0.79,267260
Tamil Nadu,41,Ranipet,A.YUVARAJ,MALE,32.0,SC,BSP,Elephant,664,5,669,0.32,267260
Tamil Nadu,41,Ranipet,G.VEERAMANI,MALE,60.0,GENERAL,AMMKMNKZ,Pressure Cooker,627,10,637,0.31,267260
Tamil Nadu,41,Ranipet,S.JAYAKUMAR,MALE,33.0,GENERAL,IND,DIAMOND,425,0,425,0.2,267260
Tamil Nadu,41,Ranipet,Dr.K.SATHIYARAJ,MALE,36.0,SC,TNLK,Ring,273,2,275,0.13,267260
Tamil Nadu,41,Ranipet,A.MANIKANDAN,MALE,25.0,GENERAL,IND,Tractor Chalata Kisan,267,1,268,0.13,267260
Tamil Nadu,41,Ranipet,A.MANSUR BASHA,MALE,53.0,GENERAL,IND,Auto- Rickshaw,194,0,194,0.09,267260
Tamil Nadu,41,Ranipet,S.YUVARAJ,MALE,29.0,GENERAL,IND,Gift Pack,106,1,107,0.05,267260
Tamil Nadu,41,Ranipet,S.GANDHI,MALE,38.0,GENERAL,IND,Bat,63,1,64,0.03,267260
Tamil Nadu,41,Ranipet,N.SUGUMAR,MALE,37.0,SC,IND,Helicopter,63,0,63,0.03,267260
Tamil Nadu,41,Ranipet,K.SAKTHIVEL NATHAN,MALE,48.0,GENERAL,IND,Iron,48,0,48,0.02,267260
Tamil Nadu,42,Arcot,J.L.Eswarappan,MALE,42.0,GENERAL,DMK,Rising Sun,102667,1218,103885,49.52,262476
Tamil Nadu,42,Arcot,Elavazagan.K.L,MALE,52.0,GENERAL,PMK,Mango,83410,517,83927,40.01,262476
Tamil Nadu,42,Arcot,R.Kathiravan,MALE,29.0,SC,NTK,Ganna Kisan,11977,111,12088,5.76,262476
Tamil Nadu,42,Arcot,A.R.Mohamed Raffi,MALE,39.0,GENERAL,MNM,Battery torch,2846,14,2860,1.36,262476
Tamil Nadu,42,Arcot,NOTA,,,,NOTA,NOTA,2238,15,2253,1.07,262476
Tamil Nadu,42,Arcot,N.Janarthanan,MALE,57.0,GENERAL,AMMKMNKZ,Pressure Cooker,2159,31,2190,1.04,262476
Tamil Nadu,42,Arcot,A.C.Kesavan,MALE,64.0,SC,BSP,Elephant,771,11,782,0.37,262476
Tamil Nadu,42,Arcot,K.Manigandan,MALE,42.0,GENERAL,IND,Pineapple,453,4,457,0.22,262476
Tamil Nadu,42,Arcot,H.Mohamed Ghouse,MALE,38.0,GENERAL,TPSTP,Tractor Chalata Kisan,392,5,397,0.19,262476
Tamil Nadu,42,Arcot,Vasanthakumar,MALE,41.0,SC,IND,Pot,380,2,382,0.18,262476
Tamil Nadu,42,Arcot,T.D.Shanmugam,MALE,63.0,SC,IND,Auto- Rickshaw,231,0,231,0.11,262476
Tamil Nadu,42,Arcot,Munivel.S,MALE,45.0,GENERAL,NDPOSI,Air Conditioner,180,4,184,0.09,262476
Tamil Nadu,42,Arcot,P.Eswaran,MALE,47.0,GENERAL,IND,Camera,155,0,155,0.07,262476
Tamil Nadu,43,Vellore,Karthikeyan .P,MALE,59.0,GENERAL,DMK,Rising Sun,82907,1392,84299,46.86,253536
Tamil Nadu,43,Vellore,Appu S.R.K,MALE,43.0,GENERAL,ADMK,Two Leaves,74457,661,75118,41.76,253536
Tamil Nadu,43,Vellore,Poonkundran .N,MALE,44.0,GENERAL,NTK,Ganna Kisan,8454,76,8530,4.74,253536
Tamil Nadu,43,Vellore,Vikram Chakravarthy .G,MALE,43.0,GENERAL,MNM,Battery torch,7179,64,7243,4.03,253536
Tamil Nadu,43,Vellore,NOTA,,,,NOTA,NOTA,1417,24,1441,0.8,253536
Tamil Nadu,43,Vellore,Naresh Kumar .R,MALE,29.0,GENERAL,TNLK,Ring,921,7,928,0.52,253536
Tamil Nadu,43,Vellore,Dharmalingam .V.D,MALE,72.0,GENERAL,AMMKMNKZ,Pressure Cooker,860,5,865,0.48,253536
Tamil Nadu,43,Vellore,Vishnumohan .E,MALE,45.0,GENERAL,IND,Laptop,364,3,367,0.2,253536
Tamil Nadu,43,Vellore,Vijayaraj .K,MALE,45.0,SC,IND,Bangles,224,0,224,0.12,253536
Tamil Nadu,43,Vellore,Senthilkumar .P,MALE,30.0,GENERAL,VTVTK,Pestle and Mortar,200,2,202,0.11,253536
Tamil Nadu,43,Vellore,Syed Jalaluddin .M,MALE,38.0,GENERAL,TPSTP,Tractor Chalata Kisan,186,1,187,0.1,253536
Tamil Nadu,43,Vellore,Panneer Sevlan .N,MALE,57.0,GENERAL,IND,Air Conditioner,135,3,138,0.08,253536
Tamil Nadu,43,Vellore,Naseer K,MALE,42.0,GENERAL,IND,Auto- Rickshaw,90,1,91,0.05,253536
Tamil Nadu,43,Vellore,Manogaran S,MALE,60.0,GENERAL,KDC,SHIP,67,0,67,0.04,253536
Tamil Nadu,43,Vellore,Srinivasan .N,MALE,45.0,GENERAL,IND,Nail Cutter,67,0,67,0.04,253536
Tamil Nadu,43,Vellore,Sathishkumar .S,MALE,33.0,GENERAL,IND,Bat,54,0,54,0.03,253536
Tamil Nadu,43,Vellore,Karthikeyan .R,MALE,44.0,GENERAL,IND,BOX,40,2,42,0.02,253536
Tamil Nadu,43,Vellore,Karthick .E,MALE,39.0,GENERAL,IND,Hat,35,1,36,0.02,253536
Tamil Nadu,44,Anaikattu,A.P.Nandakumar,MALE,52.0,GENERAL,DMK,Rising Sun,94084,1075,95159,48.11,256727
Tamil Nadu,44,Anaikattu,D.Velazhagan,MALE,51.0,GENERAL,ADMK,Two Leaves,88031,768,88799,44.89,256727
Tamil Nadu,44,Anaikattu,A.Sumithra,FEMALE,34.0,GENERAL,NTK,Ganna Kisan,7974,151,8125,4.11,256727
Tamil Nadu,44,Anaikattu,NOTA,,,,NOTA,NOTA,1768,23,1791,0.91,256727
Tamil Nadu,44,Anaikattu,M.Senthil Kumar,MALE,42.0,GENERAL,IND,Battery torch,1335,22,1357,0.69,256727
Tamil Nadu,44,Anaikattu,V.D.Sathish Kumar,MALE,30.0,GENERAL,AMMKMNKZ,Pressure Cooker,1125,15,1140,0.58,256727
Tamil Nadu,44,Anaikattu,P Venkatesan,MALE,46.0,SC,IND,Ring,468,0,468,0.24,256727
Tamil Nadu,44,Anaikattu,K.Rajasekar,MALE,29.0,GENERAL,IJK,Auto- Rickshaw,323,5,328,0.17,256727
Tamil Nadu,44,Anaikattu,M RajBabu,MALE,36.0,GENERAL,IND,Water Tank,179,0,179,0.09,256727
Tamil Nadu,44,Anaikattu,T.Mathan Kumar,MALE,30.0,GENERAL,IND,COCONUT FARM,149,1,150,0.08,256727
Tamil Nadu,44,Anaikattu,N.Kirubakaran,MALE,42.0,GENERAL,IND,CCTV Camera,104,5,109,0.06,256727
Tamil Nadu,44,Anaikattu,K.Naveenkumar,MALE,32.0,GENERAL,IND,Carrom Board,93,1,94,0.05,256727
Tamil Nadu,44,Anaikattu,R Karunamoorthy,MALE,40.0,SC,IND,Television,61,1,62,0.03,256727
Tamil Nadu,44,Anaikattu,M.Arun,MALE,32.0,GENERAL,IND,Spanner,42,2,44,0.02,256727
Tamil Nadu,45,Kilvaithinankuppam,M.JAGAN MOORTHY,MALE,54.0,SC,ADMK,Two Leaves,83989,590,84579,48.57,227241
Tamil Nadu,45,Kilvaithinankuppam,K Seetharaman,MALE,63.0,SC,DMK,Rising Sun,72933,1064,73997,42.5,227241
Tamil Nadu,45,Kilvaithinankuppam,Divya Rani J,FEMALE,33.0,SC,NTK,Ganna Kisan,9911,116,10027,5.76,227241
Tamil Nadu,45,Kilvaithinankuppam,NOTA,,,,NOTA,NOTA,1773,25,1798,1.03,227241
Tamil Nadu,45,Kilvaithinankuppam,P DHANASEELAN,MALE,56.0,SC,DMDK,Nagara,1406,26,1432,0.82,227241
Tamil Nadu,45,Kilvaithinankuppam,ELAVARASAN K,MALE,51.0,SC,RPPRINAT,Helicopter,543,4,547,0.31,227241
Tamil Nadu,45,Kilvaithinankuppam,K VENKATASAMY,MALE,45.0,SC,IJK,Auto- Rickshaw,519,0,519,0.3,227241
Tamil Nadu,45,Kilvaithinankuppam,PUSHPALATHA D,FEMALE,40.0,SC,BSP,Elephant,505,14,519,0.3,227241
Tamil Nadu,45,Kilvaithinankuppam,S SELVA CHENGUTTUVAN,MALE,37.0,SC,IND,Ring,324,7,331,0.19,227241
Tamil Nadu,45,Kilvaithinankuppam,E.P.ELANCHEZHIYAN,MALE,26.0,SC,IND,Whistle,238,4,242,0.14,227241
Tamil Nadu,45,Kilvaithinankuppam,SATHU K,MALE,41.0,SC,NDPOSI,Air Conditioner,132,1,133,0.08,227241
Tamil Nadu,46,Gudiyattam,Amulu.V,FEMALE,39.0,SC,DMK,Rising Sun,99525,887,100412,47.45,290135
Tamil Nadu,46,Gudiyattam,Paritha.G,FEMALE,37.0,SC,ADMK,Two Leaves,93066,445,93511,44.19,290135
Tamil Nadu,46,Gudiyattam,Kalaiyenthiri.R,FEMALE,30.0,SC,NTK,Ganna Kisan,11776,58,11834,5.59,290135
Tamil Nadu,46,Gudiyattam,Jayanthi Padmanaban.C,FEMALE,40.0,SC,AMMKMNKZ,Pressure Cooker,1805,17,1822,0.86,290135
Tamil Nadu,46,Gudiyattam,NOTA,,,,NOTA,NOTA,1691,8,1699,0.8,290135
Tamil Nadu,46,Gudiyattam,Raja.S,MALE,46.0,SC,BSP,Elephant,502,3,505,0.24,290135
Tamil Nadu,46,Gudiyattam,Rajan.C,MALE,50.0,SC,IJK,Auto- Rickshaw,477,5,482,0.23,290135
Tamil Nadu,46,Gudiyattam,Jaikarthikeyan.K,MALE,42.0,SC,IND,SHIP,448,1,449,0.21,290135
Tamil Nadu,46,Gudiyattam,Lakshmipathy.N,MALE,44.0,SC,IND,CCTV Camera,255,2,257,0.12,290135
Tamil Nadu,46,Gudiyattam,Elumalai.M,MALE,33.0,SC,IND,DIAMOND,166,2,168,0.08,290135
Tamil Nadu,46,Gudiyattam,Gunaseelan.P,MALE,40.0,SC,IND,Ring,138,0,138,0.07,290135
Tamil Nadu,46,Gudiyattam,Selvavinayagam.D,MALE,68.0,SC,APEP,Hat,117,2,119,0.06,290135
Tamil Nadu,46,Gudiyattam,Radha,FEMALE,45.0,SC,IND,COMPUTER,66,0,66,0.03,290135
Tamil Nadu,46,Gudiyattam,Priya.M,FEMALE,30.0,SC,IND,Gas Cylinder,60,2,62,0.03,290135
Tamil Nadu,46,Gudiyattam,Vennila.R,FEMALE,50.0,SC,RPPRINAT,Helicopter,52,2,54,0.03,290135
Tamil Nadu,46,Gudiyattam,Manojkumar.G,MALE,48.0,SC,IND,Gift Pack,52,0,52,0.02,290135
Tamil Nadu,47,Vaniyambadi,G.SENDHIL KUMAR,MALE,36.0,GENERAL,ADMK,Two Leaves,87340,678,88018,46.33,250220
Tamil Nadu,47,Vaniyambadi,N.MOHAMMED NAYEEM,MALE,65.0,GENERAL,IUML,Ladder,82317,797,83114,43.74,250220
Tamil Nadu,47,Vaniyambadi,A.J.DEVENDHIRAN,MALE,47.0,GENERAL,NTK,Ganna Kisan,11151,75,11226,5.91,250220
Tamil Nadu,47,Vaniyambadi,T.S.VAKEEL AHMED,MALE,38.0,GENERAL,AIMIM,Kite,1895,2,1897,1.0,250220
Tamil Nadu,47,Vaniyambadi,M.GNANA DOSS,MALE,37.0,GENERAL,MNM,Battery Torch,1843,25,1868,0.98,250220
Tamil Nadu,47,Vaniyambadi,NOTA,,,,NOTA,NOTA,1487,5,1492,0.79,250220
Tamil Nadu,47,Vaniyambadi,D.Ramu,MALE,37.0,SC,BSP,Elephant,715,6,721,0.38,250220
Tamil Nadu,47,Vaniyambadi,M.SURESH,MALE,37.0,GENERAL,IND,Pressure Cooker,360,0,360,0.19,250220
Tamil Nadu,47,Vaniyambadi,B.JAGAN,MALE,27.0,GENERAL,ABHM,COCONUT FARM,350,5,355,0.19,250220
Tamil Nadu,47,Vaniyambadi,P.ABDUL WAHID,MALE,55.0,GENERAL,IND,DIAMOND,259,1,260,0.14,250220
Tamil Nadu,47,Vaniyambadi,C.M.MOHAMMED HUSSAIN,MALE,40.0,GENERAL,IND,Football,186,0,186,0.1,250220
Tamil Nadu,47,Vaniyambadi,DELHI RAJI.S,MALE,33.0,GENERAL,IND,CCTV Camera,184,2,186,0.1,250220
Tamil Nadu,47,Vaniyambadi,R.Sekar,MALE,42.0,GENERAL,AIYDPMP,Cup & Saucer,176,3,179,0.09,250220
Tamil Nadu,47,Vaniyambadi,SYED MOHAMMED SALEEM,MALE,46.0,GENERAL,IND,Almirah,133,2,135,0.07,250220
Tamil Nadu,48,Ambur,VILWANATHAN.A.C,MALE,61.0,GENERAL,DMK,Rising Sun,89561,915,90476,50.86,238473
Tamil Nadu,48,Ambur,NAZAR MOHAMED.K,MALE,49.0,GENERAL,ADMK,Two Leaves,69903,341,70244,39.49,238473
Tamil Nadu,48,Ambur,MAHARUNNISHA,FEMALE,38.0,GENERAL,NTK,Ganna Kisan,10102,48,10150,5.71,238473
Tamil Nadu,48,Ambur,UMAR FAROOK.ASA,MALE,57.0,GENERAL,SDPI,Pressure Cooker,1787,6,1793,1.01,238473
Tamil Nadu,48,Ambur,RAJA.S,MALE,37.0,SC,MNM,Battery torch,1629,9,1638,0.92,238473
Tamil Nadu,48,Ambur,NOTA,,,,NOTA,NOTA,1410,7,1417,0.8,238473
Tamil Nadu,48,Ambur,WAZEER AHMED.J,MALE,49.0,GENERAL,BSP,Elephant,678,3,681,0.38,238473
Tamil Nadu,48,Ambur,MANI.S.P,MALE,63.0,GENERAL,APEP,Hat,358,5,363,0.2,238473
Tamil Nadu,48,Ambur,ASHOK KUMAR.C,MALE,34.0,SC,AMPK,Glass Tumbler,316,3,319,0.18,238473
Tamil Nadu,48,Ambur,RAJINIKANTH.P,MALE,41.0,SC,IND,Auto- Rickshaw,252,1,253,0.14,238473
Tamil Nadu,48,Ambur,MURUGAN.L,MALE,53.0,SC,IND,Tractor Chalata Kisan,199,2,201,0.11,238473
Tamil Nadu,48,Ambur,GEORGE.V.A.,MALE,65.0,GENERAL,IND,Bangles,159,1,160,0.09,238473
Tamil Nadu,48,Ambur,PARTHIBAN.V,MALE,40.0,GENERAL,AIYDPMP,Cup & Saucer,101,0,101,0.06,238473
Tamil Nadu,48,Ambur,KAREEM BASHA.A,MALE,48.0,GENERAL,RUC,Shoe,81,1,82,0.05,238473
Tamil Nadu,49,Jolarpet,DEVARAJI.K.,MALE,64.0,GENERAL,DMK,Rising Sun,88237,1253,89490,45.57,240869
Tamil Nadu,49,Jolarpet,VEERAMANI.K.C.,MALE,56.0,GENERAL,ADMK,Two Leaves,87365,1034,88399,45.02,240869
Tamil Nadu,49,Jolarpet,SIVA.A.,MALE,46.0,GENERAL,NTK,Ganna Kisan,13199,129,13328,6.79,240869
Tamil Nadu,49,Jolarpet,NOTA,,,,NOTA,NOTA,1328,9,1337,0.68,240869
Tamil Nadu,49,Jolarpet,KARUNANIDHI.R.,MALE,47.0,SC,IND,Battery torch,1057,10,1067,0.54,240869
Tamil Nadu,49,Jolarpet,KALASTHRI.S.,MALE,71.0,GENERAL,AIUUK,COCONUT FARM,861,9,870,0.44,240869
Tamil Nadu,49,Jolarpet,THENNARASU SAAMRAJ,MALE,44.0,GENERAL,AMMKMNKZ,Pressure Cooker,614,5,619,0.32,240869
Tamil Nadu,49,Jolarpet,SIVAKUMAR.V.C.,MALE,42.0,SC,BSP,Elephant,341,6,347,0.18,240869
Tamil Nadu,49,Jolarpet,VEERAMANI.S.,MALE,49.0,GENERAL,IND,Gas Cylinder,217,0,217,0.11,240869
Tamil Nadu,49,Jolarpet,VEERAMANI.H.,MALE,65.0,GENERAL,IND,BOX,208,1,209,0.11,240869
Tamil Nadu,49,Jolarpet,VEERAMANI.A.,MALE,43.0,GENERAL,IND,Television,148,0,148,0.08,240869
Tamil Nadu,49,Jolarpet,MANITHAN,MALE,53.0,GENERAL,IND,Ring,140,2,142,0.07,240869
Tamil Nadu,49,Jolarpet,DEVARAJI.R.,MALE,49.0,GENERAL,IND,Cauliflower,101,2,103,0.05,240869
Tamil Nadu,49,Jolarpet,DEVARAJ.V.K.,MALE,61.0,GENERAL,IND,Bread Toaster,80,2,82,0.04,240869
Tamil Nadu,50,Tirupattur,A. NALLATHAMBI,MALE,45.0,GENERAL,DMK,Rising Sun,95067,1455,96522,51.91,239239
Tamil Nadu,50,Tirupattur,T.K. RAJA,MALE,55.0,GENERAL,PMK,Mango,67905,377,68282,36.72,239239
Tamil Nadu,50,Tirupattur,M. SUMATHI,FEMALE,33.0,GENERAL,NTK,Ganna Kisan,12016,111,12127,6.52,239239
Tamil Nadu,50,Tirupattur,A. GNANASEKAR,MALE,50.0,GENERAL,AMMKMNKZ,Pressure Cooker,2679,23,2702,1.45,239239
Tamil Nadu,50,Tirupattur,NOTA,,,,NOTA,NOTA,1625,7,1632,0.88,239239
Tamil Nadu,50,Tirupattur,B. VIJAYAKUMAR,MALE,45.0,GENERAL,IND,Battery torch,1091,5,1096,0.59,239239
Tamil Nadu,50,Tirupattur,S. KALASHTHRI,MALE,71.0,GENERAL,AIUUK,COCONUT FARM,713,11,724,0.39,239239
Tamil Nadu,50,Tirupattur,S. SATHIYAMOORTHY,MALE,67.0,GENERAL,MNK,Bead Necklace,516,3,519,0.28,239239
Tamil Nadu,50,Tirupattur,R. AROCKIA JOE PRABU,MALE,31.0,GENERAL,IND,Pen Nib with Seven Rays,437,1,438,0.24,239239
Tamil Nadu,50,Tirupattur,R. PALANI,MALE,28.0,GENERAL,IND,Wool and Needle,361,1,362,0.19,239239
Tamil Nadu,50,Tirupattur,M. NALLASIVAM,MALE,35.0,GENERAL,IND,Helicopter,322,1,323,0.17,239239
Tamil Nadu,50,Tirupattur,MANITHAN,MALE,53.0,GENERAL,IND,Ring,308,1,309,0.17,239239
Tamil Nadu,50,Tirupattur,I. GOVINDARAJI,MALE,44.0,GENERAL,IND,Cauliflower,296,1,297,0.16,239239
Tamil Nadu,50,Tirupattur,I. ROSELIN JEEVA,FEMALE,49.0,GENERAL,SMKNK,Walking Stick,263,1,264,0.14,239239
Tamil Nadu,50,Tirupattur,G. RAJA,MALE,41.0,SC,IND,Pineapple,204,1,205,0.11,239239
Tamil Nadu,50,Tirupattur,A. JEYAMMA,FEMALE,53.0,GENERAL,AMPK,Glass Tumbler,127,1,128,0.07,239239
Tamil Nadu,51,Uthangarai,T.M.TAMILSELVAM,MALE,48.0,SC,ADMK,Two Leaves,98973,702,99675,52.96,238299
Tamil Nadu,51,Uthangarai,S.Arumugam,MALE,48.0,SC,INC,Hand,70084,1204,71288,37.87,238299
Tamil Nadu,51,Uthangarai,Elangovan,MALE,49.0,SC,NTK,Ganna Kisan,10352,72,10424,5.54,238299
Tamil Nadu,51,Uthangarai,R.Bakyaraj,MALE,42.0,SC,DMDK,Nagara,2278,13,2291,1.22,238299
Tamil Nadu,51,Uthangarai,NOTA,,,,NOTA,NOTA,1354,5,1359,0.72,238299
Tamil Nadu,51,Uthangarai,K.Murugesan,MALE,46.0,SC,MNM,Battery torch,1239,15,1254,0.67,238299
Tamil Nadu,51,Uthangarai,NAGARAJ,MALE,54.0,SC,BSP,Elephant,718,4,722,0.38,238299
Tamil Nadu,51,Uthangarai,C.Jayaraman,MALE,61.0,SC,IND,Bricks,322,0,322,0.17,238299
Tamil Nadu,51,Uthangarai,R.Vivekanandhan,MALE,40.0,SC,IND,Nagrik,280,3,283,0.15,238299
Tamil Nadu,51,Uthangarai,S.Perumal,MALE,35.0,SC,APTADMK,Jackfruit,205,1,206,0.11,238299
Tamil Nadu,51,Uthangarai,T.Tamilarasan,MALE,28.0,SC,IND,COMPUTER,180,1,181,0.1,238299
Tamil Nadu,51,Uthangarai,R.Manjunathan,MALE,38.0,SC,IND,Grapes,112,2,114,0.06,238299
Tamil Nadu,51,Uthangarai,M.Thenmozhi,FEMALE,32.0,SC,IND,Bangles,103,1,104,0.06,238299
Tamil Nadu,52,Bargur,MATHIAZHAGAN D,MALE,54.0,GENERAL,DMK,Rising Sun,95852,1404,97256,49.17,248335
Tamil Nadu,52,Bargur,KRISHNAN A,MALE,61.0,GENERAL,ADMK,Two Leaves,84177,465,84642,42.8,248335
Tamil Nadu,52,Bargur,KARUNAKARAN K,MALE,28.0,GENERAL,NTK,Ganna Kisan,10022,94,10116,5.11,248335
Tamil Nadu,52,Bargur,NOTA,,,,NOTA,NOTA,1507,11,1518,0.77,248335
Tamil Nadu,52,Bargur,GANESA KUMAR S,MALE,51.0,GENERAL,AMMKMNKZ,Pressure Cooker,1055,6,1061,0.54,248335
Tamil Nadu,52,Bargur,NIRMALA A,FEMALE,47.0,GENERAL,NPEP,Book,701,9,710,0.36,248335
Tamil Nadu,52,Bargur,MANJUNATHAN M,MALE,34.0,GENERAL,IND,Helicopter,628,1,629,0.32,248335
Tamil Nadu,52,Bargur,MURALI M,MALE,31.0,SC,BSP,Elephant,442,1,443,0.22,248335
Tamil Nadu,52,Bargur,ARUN GOWTHAM R,MALE,49.0,GENERAL,IJK,Auto- Rickshaw,337,8,345,0.17,248335
Tamil Nadu,52,Bargur,MANI K,MALE,31.0,GENERAL,IND,Gas Cylinder,318,0,318,0.16,248335
Tamil Nadu,52,Bargur,SANTHAMOORTHI K,MALE,44.0,GENERAL,IND,Scissors,215,0,215,0.11,248335
Tamil Nadu,52,Bargur,VASANTHARAJ P,MALE,47.0,SC,APTADMK,Jackfruit,180,3,183,0.09,248335
Tamil Nadu,52,Bargur,AANDI A,MALE,60.0,GENERAL,VTVTK,Pestle and Mortar,120,1,121,0.06,248335
Tamil Nadu,52,Bargur,KALPANA D,FEMALE,30.0,GENERAL,IND,Plastering Trowel,115,4,119,0.06,248335
Tamil Nadu,52,Bargur,KRISHNAN A,MALE,46.0,GENERAL,IND,Electric Pole,107,1,108,0.05,248335
Tamil Nadu,53,Krishnagiri,Ashokkumar.K,MALE,68.0,GENERAL,ADMK,Two Leaves,95300,750,96050,45.38,268189
Tamil Nadu,53,Krishnagiri,SENGUTTUVAN.T,MALE,68.0,GENERAL,DMK,Rising Sun,93507,1749,95256,45.01,268189
Tamil Nadu,53,Krishnagiri,NIRANDARI.V,FEMALE,26.0,GENERAL,NTK,Ganna Kisan,11009,128,11137,5.26,268189
Tamil Nadu,53,Krishnagiri,RAVISHANKAR.R.K,MALE,54.0,GENERAL,MNM,Battery Torch,3423,32,3455,1.63,268189
Tamil Nadu,53,Krishnagiri,NOTA,,,,NOTA,NOTA,1827,10,1837,0.87,268189
Tamil Nadu,53,Krishnagiri,CHANDRAMOHAN.K.M,MALE,50.0,GENERAL,NCP,Clock,1072,16,1088,0.51,268189
Tamil Nadu,53,Krishnagiri,AMEENULLA,MALE,39.0,GENERAL,AIMIM,Kite,851,7,858,0.41,268189
Tamil Nadu,53,Krishnagiri,TAMILSELVAN.S,MALE,26.0,SC,BSP,Elephant,485,3,488,0.23,268189
Tamil Nadu,53,Krishnagiri,SAKTHI.K,MALE,30.0,GENERAL,IND,COMPUTER,417,1,418,0.2,268189
Tamil Nadu,53,Krishnagiri,SIVAN.C,MALE,30.0,GENERAL,IND,Television,314,4,318,0.15,268189
Tamil Nadu,53,Krishnagiri,GOPINATH.M,MALE,43.0,GENERAL,IND,Dish Antenna,229,3,232,0.11,268189
Tamil Nadu,53,Krishnagiri,VIJAYAKUMAR.R,MALE,38.0,GENERAL,VTVTK,Pestle and Mortar,133,4,137,0.06,268189
Tamil Nadu,53,Krishnagiri,SASIKUMAR.K.S,MALE,46.0,GENERAL,APTADMK,Jackfruit,128,1,129,0.06,268189
Tamil Nadu,53,Krishnagiri,TVS GANDHI,MALE,48.0,GENERAL,IND,T.V. Remote,97,0,97,0.05,268189
Tamil Nadu,53,Krishnagiri,RUTHRAMANI.T,MALE,40.0,GENERAL,DMSK,Football,84,5,89,0.04,268189
Tamil Nadu,53,Krishnagiri,KUMARESAN.M,MALE,45.0,SC,IND,Road Roller,59,0,59,0.03,268189
Tamil Nadu,54,Veppanahalli,K.P.Munusamy,MALE,68.0,GENERAL,ADMK,Two Leaves,93855,249,94104,45.87,252085
Tamil Nadu,54,Veppanahalli,P.Murugan,MALE,51.0,GENERAL,DMK,Rising Sun,90593,457,91050,44.38,252085
Tamil Nadu,54,Veppanahalli,Sakthivel.M,MALE,46.0,GENERAL,NTK,Ganna Kisan,8287,23,8310,4.05,252085
Tamil Nadu,54,Veppanahalli,S.M.Murugesan,MALE,54.0,GENERAL,DMDK,Nagara,3592,9,3601,1.76,252085
Tamil Nadu,54,Veppanahalli,Abdul Azeez Amanullah,MALE,58.0,GENERAL,IND,Tractor Chalata Kisan,3015,7,3022,1.47,252085
Tamil Nadu,54,Veppanahalli,NOTA,,,,NOTA,NOTA,1661,1,1662,0.81,252085
Tamil Nadu,54,Veppanahalli,Jayapal.P,MALE,45.0,GENERAL,MNM,Battery torch,667,5,672,0.33,252085
Tamil Nadu,54,Veppanahalli,Ramasami.G.C,MALE,66.0,GENERAL,IND,Air Conditioner,565,2,567,0.28,252085
Tamil Nadu,54,Veppanahalli,Thangapandian.S,MALE,26.0,GENERAL,TNLK,Ring,416,3,419,0.2,252085
Tamil Nadu,54,Veppanahalli,Chakkarlappa.C,MALE,49.0,GENERAL,IND,Bat,403,2,405,0.2,252085
Tamil Nadu,54,Veppanahalli,Lakshmanan Shanmugam,MALE,56.0,GENERAL,IND,Bread,376,2,378,0.18,252085
Tamil Nadu,54,Veppanahalli,Yuvaraj.K.P.U,MALE,37.0,GENERAL,IND,Pan,285,0,285,0.14,252085
Tamil Nadu,54,Veppanahalli,Mariyappan.M,MALE,40.0,GENERAL,PT,Television,225,1,226,0.11,252085
Tamil Nadu,54,Veppanahalli,Krishnamoorthy.P,MALE,35.0,GENERAL,IND,Well,154,1,155,0.08,252085
Tamil Nadu,54,Veppanahalli,Usha.J,FEMALE,34.0,GENERAL,IND,Grapes,146,8,154,0.08,252085
Tamil Nadu,54,Veppanahalli,Valli.M,FEMALE,36.0,GENERAL,APTADMK,Jackfruit,124,7,131,0.06,252085
Tamil Nadu,55,Hosur,PRAKAASH Y,MALE,56.0,GENERAL,DMK,Rising Sun,117199,1032,118231,47.65,351771
Tamil Nadu,55,Hosur,JYOTHI S,FEMALE,44.0,GENERAL,ADMK,Two Leaves,105475,389,105864,42.67,351771
Tamil Nadu,55,Hosur,GEETHA LAKSHMI S,FEMALE,31.0,GENERAL,NTK,Ganna Kisan,11391,31,11422,4.6,351771
Tamil Nadu,55,Hosur,MASOOD S,MALE,29.0,GENERAL,MNM,Battery torch,6536,27,6563,2.65,351771
Tamil Nadu,55,Hosur,NOTA,,,,NOTA,NOTA,1968,8,1976,0.8,351771
Tamil Nadu,55,Hosur,MAREGOWDU M,MALE,46.0,GENERAL,AMMKMNKZ,Pressure Cooker,806,0,806,0.32,351771
Tamil Nadu,55,Hosur,RAMASWAMY G C,MALE,64.0,GENERAL,IND,Bead Necklace,628,1,629,0.25,351771
Tamil Nadu,55,Hosur,MUTHU R K,MALE,46.0,GENERAL,IND,Grapes,585,0,585,0.24,351771
Tamil Nadu,55,Hosur,EZHILAN S,MALE,39.0,GENERAL,VTVTK,Pestle and Mortar,460,2,462,0.19,351771
Tamil Nadu,55,Hosur,MUTHAMIZH MUDHALVAN S,MALE,65.0,GENERAL,IND,Truck,395,2,397,0.16,351771
Tamil Nadu,55,Hosur,LOKESH V,MALE,27.0,SC,IND,Almirah,361,0,361,0.15,351771
Tamil Nadu,55,Hosur,SELVAM G,MALE,59.0,GENERAL,NGPP,Pot,145,0,145,0.06,351771
Tamil Nadu,55,Hosur,BALARAJU N,MALE,47.0,GENERAL,IND,Iron,132,0,132,0.05,351771
Tamil Nadu,55,Hosur,SUNDAR L,MALE,32.0,GENERAL,SHS,Baby Walker,127,0,127,0.05,351771
Tamil Nadu,55,Hosur,SHANMUGAM R,MALE,45.0,SC,IND,Stethoscope,124,1,125,0.05,351771
Tamil Nadu,55,Hosur,DEVAPPA Y,MALE,53.0,GENERAL,IND,Water Tank,80,1,81,0.03,351771
Tamil Nadu,55,Hosur,GEETHA V,FEMALE,31.0,SC,IND,Dish Antenna,72,1,73,0.03,351771
Tamil Nadu,55,Hosur,JAYASEELAN G,MALE,45.0,GENERAL,APTADMK,Jackfruit,64,1,65,0.03,351771
Tamil Nadu,55,Hosur,KISHORE KUMAR R,MALE,39.0,GENERAL,IND,Cake,54,0,54,0.02,351771
Tamil Nadu,56,Thalli,RAMACHANDRAN.T,MALE,53.0,GENERAL,CPI,Ears of Corn And Sickle,119621,1020,120641,62.18,251215
Tamil Nadu,56,Thalli,Dr.NAGESH KUMAR.C,MALE,35.0,GENERAL,BJP,Lotus,64131,284,64415,33.2,251215
Tamil Nadu,56,Thalli,MARY SELVARANI.R,FEMALE,48.0,GENERAL,NTK,Ganna Kisan,3760,16,3776,1.95,251215
Tamil Nadu,56,Thalli,NOTA,,,,NOTA,NOTA,1963,3,1966,1.01,251215
Tamil Nadu,56,Thalli,ASHOK KUMAR.V,MALE,48.0,GENERAL,IJK,Auto- Rickshaw,782,6,788,0.41,251215
Tamil Nadu,56,Thalli,VASANTHAMMA.N,FEMALE,41.0,GENERAL,IND,Television,582,2,584,0.3,251215
Tamil Nadu,56,Thalli,KUMAR.M,MALE,46.0,GENERAL,IND,Ring,419,3,422,0.22,251215
Tamil Nadu,56,Thalli,RAVI MUNISWAMY,MALE,59.0,GENERAL,IND,Tractor Chalata Kisan,352,1,353,0.18,251215
Tamil Nadu,56,Thalli,SEKAR.M.V,MALE,50.0,GENERAL,AMMKMNKZ,Pressure Cooker,342,4,346,0.18,251215
Tamil Nadu,56,Thalli,DEVAPPA@DEVAGOWDA.Y,MALE,53.0,GENERAL,IND,Gas Cylinder,219,3,222,0.11,251215
Tamil Nadu,56,Thalli,USHA.M,FEMALE,36.0,GENERAL,NGPP,Pot,208,1,209,0.11,251215
Tamil Nadu,56,Thalli,RAVI.G,MALE,59.0,GENERAL,SP,Bicycle,162,0,162,0.08,251215
Tamil Nadu,56,Thalli,JANAKI.G,FEMALE,39.0,GENERAL,VTVTK,Pestle and Mortar,137,1,138,0.07,251215
Tamil Nadu,57,Palacode,ANBALAGAN.K.P.,MALE,62.0,GENERAL,ADMK,Two Leaves,109105,965,110070,53.28,237391
Tamil Nadu,57,Palacode,MURUGAN.P.K.,MALE,53.0,GENERAL,DMK,Rising Sun,81035,935,81970,39.68,237391
Tamil Nadu,57,Palacode,KALAISELVI.G.,FEMALE,25.0,GENERAL,NTK,Ganna Kisan,7647,57,7704,3.73,237391
Tamil Nadu,57,Palacode,VIJAYASANKAR.P.,MALE,44.0,GENERAL,DMDK,Nagara,2394,15,2409,1.17,237391
Tamil Nadu,57,Palacode,NOTA,,,,NOTA,NOTA,1348,3,1351,0.65,237391
Tamil Nadu,57,Palacode,RAJASEKAR.D.,MALE,46.0,GENERAL,MNM,Battery torch,1168,8,1176,0.57,237391
Tamil Nadu,57,Palacode,HARI.R.,MALE,44.0,SC,BSP,Elephant,580,5,585,0.28,237391
Tamil Nadu,57,Palacode,VADIVEL.M.,MALE,37.0,GENERAL,IND,Bead Necklace,464,1,465,0.23,237391
Tamil Nadu,57,Palacode,RAJKUMAR.T.,MALE,33.0,GENERAL,IND,Television,406,0,406,0.2,237391
Tamil Nadu,57,Palacode,MURUGAN.K.G.,MALE,43.0,GENERAL,IND,Dish Antenna,169,0,169,0.08,237391
Tamil Nadu,57,Palacode,MURUGAN.K.,MALE,48.0,GENERAL,IND,Cauliflower,115,5,120,0.06,237391
Tamil Nadu,57,Palacode,SHARAVANAN.M.P.,MALE,50.0,GENERAL,IND,Camera,90,0,90,0.04,237391
Tamil Nadu,57,Palacode,ANBARASU.D.,MALE,28.0,GENERAL,IND,Binoculars,79,1,80,0.04,237391
Tamil Nadu,58,Pennagaram,MANI. G.K,MALE,69.0,GENERAL,PMK,Mango,105250,873,106123,50.46,246772
Tamil Nadu,58,Pennagaram,INBASEKARAN. P.N.P,MALE,37.0,GENERAL,DMK,Rising Sun,83765,1172,84937,40.39,246772
Tamil Nadu,58,Pennagaram,TAMILAZHAGAN. R,MALE,37.0,GENERAL,NTK,Ganna Kisan,8890,55,8945,4.25,246772
Tamil Nadu,58,Pennagaram,UTHAYAKUMAR. R,MALE,46.0,GENERAL,DMDK,Nagara,2910,11,2921,1.39,246772
Tamil Nadu,58,Pennagaram,PERIYANANJAPPAN. A,MALE,38.0,GENERAL,IND,Water Melon,1959,9,1968,0.94,246772
Tamil Nadu,58,Pennagaram,NOTA,,,,NOTA,NOTA,1754,5,1759,0.84,246772
Tamil Nadu,58,Pennagaram,SHAKILA. K,FEMALE,36.0,GENERAL,MNM,Battery Torch,1451,20,1471,0.7,246772
Tamil Nadu,58,Pennagaram,THIRUMURUGAN. P,MALE,43.0,GENERAL,IND,Cot,450,1,451,0.21,246772
Tamil Nadu,58,Pennagaram,MUNUSAMY. S,MALE,51.0,SC,IND,Air Conditioner,263,2,265,0.13,246772
Tamil Nadu,58,Pennagaram,MOORTHI. S,MALE,30.0,SC,BSP,Elephant,238,7,245,0.12,246772
Tamil Nadu,58,Pennagaram,DHARUMAN. K,MALE,31.0,GENERAL,IND,CCTV Camera,242,1,243,0.12,246772
Tamil Nadu,58,Pennagaram,MANI. K.G.,MALE,40.0,SC,IND,Grapes,211,1,212,0.1,246772
Tamil Nadu,58,Pennagaram,ANNADURAI. C,MALE,33.0,GENERAL,DMSK,Football,208,3,211,0.1,246772
Tamil Nadu,58,Pennagaram,ANNADURAI. V,MALE,38.0,GENERAL,IND,Television,207,0,207,0.1,246772
Tamil Nadu,58,Pennagaram,MANI. P,MALE,51.0,GENERAL,IND,Sewing Machine,202,3,205,0.1,246772
Tamil Nadu,58,Pennagaram,SIVALINGAM. N,MALE,41.0,GENERAL,IND,Table,139,3,142,0.07,246772
Tamil Nadu,59,Dharmapuri,VENKATESHWARAN.S.P.,MALE,54.0,GENERAL,PMK,Mango,104415,1215,105630,48.6,269773
Tamil Nadu,59,Dharmapuri,SUBRAMANI.P,MALE,62.0,GENERAL,DMK,Rising Sun,76846,1924,78770,36.24,269773
Tamil Nadu,59,Dharmapuri,RAJENDRAN.D.K.,MALE,63.0,GENERAL,AMMKMNKZ,Pressure Cooker,11166,60,11226,5.17,269773
Tamil Nadu,59,Dharmapuri,SENTHIL KUMAR (A) SENTHIL.A.,MALE,43.0,GENERAL,NTK,Ganna Kisan,8609,91,8700,4.0,269773
Tamil Nadu,59,Dharmapuri,JAYAVENKATESAN.S.K.,MALE,38.0,GENERAL,MNM,Battery Torch,5034,49,5083,2.34,269773
Tamil Nadu,59,Dharmapuri,NATARAJAN.M.,MALE,46.0,GENERAL,APTADMK,Jackfruit,1890,7,1897,0.87,269773
Tamil Nadu,59,Dharmapuri,NOTA,,,,NOTA,NOTA,1713,13,1726,0.79,269773
Tamil Nadu,59,Dharmapuri,NATARAJAN.V.,MALE,48.0,GENERAL,IND,Water Melon,716,2,718,0.33,269773
Tamil Nadu,59,Dharmapuri,TAMILARASAN.S.,MALE,63.0,GENERAL,IND,Pot,654,0,654,0.3,269773
Tamil Nadu,59,Dharmapuri,PERUMAL.P,MALE,65.0,SC,BSP,Elephant,462,2,464,0.21,269773
Tamil Nadu,59,Dharmapuri,SUBRAMANI.K.,MALE,49.0,GENERAL,IND,DIAMOND,364,0,364,0.17,269773
Tamil Nadu,59,Dharmapuri,MANIGANDAN.E.V.,MALE,41.0,GENERAL,IND,Well,355,2,357,0.16,269773
Tamil Nadu,59,Dharmapuri,SUBRAMANI.T.,MALE,62.0,GENERAL,IND,COCONUT FARM,304,0,304,0.14,269773
Tamil Nadu,59,Dharmapuri,SHANMUGAM.P.,MALE,43.0,GENERAL,IND,Cauliflower,236,1,237,0.11,269773
Tamil Nadu,59,Dharmapuri,SAKTHIVEL.P.,MALE,46.0,GENERAL,DMSK,Football,210,3,213,0.1,269773
Tamil Nadu,59,Dharmapuri,RAMASAMY.T.,MALE,64.0,GENERAL,MIDP,CCTV Camera,208,0,208,0.1,269773
Tamil Nadu,59,Dharmapuri,MANI.L.,MALE,63.0,SC,DAMK,Gas Cylinder,194,0,194,0.09,269773
Tamil Nadu,59,Dharmapuri,PALANI.S.K.,MALE,65.0,GENERAL,IND,Auto- Rickshaw,160,0,160,0.07,269773
Tamil Nadu,59,Dharmapuri,SUNDARAMOORTHY.M.,MALE,41.0,GENERAL,IND,Bat,126,1,127,0.06,269773
Tamil Nadu,59,Dharmapuri,VENKATESWARAN.B.,MALE,35.0,GENERAL,IND,Grapes,114,3,117,0.05,269773
Tamil Nadu,59,Dharmapuri,SUBRAMANI.P.,MALE,60.0,GENERAL,IND,Green Chilli,110,0,110,0.05,269773
Tamil Nadu,59,Dharmapuri,RAJENDRAN.K.,MALE,42.0,GENERAL,IND,BOX,74,0,74,0.03,269773
Tamil Nadu,60,Pappireddipatti,GOVINDASAMY.A,MALE,49.0,GENERAL,ADMK,Two Leaves,113397,1110,114507,51.81,265487
Tamil Nadu,60,Pappireddipatti,PRABHU RAJASEKAR.M,MALE,37.0,GENERAL,DMK,Rising Sun,75831,1733,77564,35.1,265487
Tamil Nadu,60,Pappireddipatti,PALANIAPPAN.P,MALE,59.0,GENERAL,AMMKMNKZ,Pressure Cooker,15597,266,15863,7.18,265487
Tamil Nadu,60,Pappireddipatti,RAMESH.R,MALE,38.0,ST,NTK,Ganna Kisan,7490,83,7573,3.43,265487
Tamil Nadu,60,Pappireddipatti,SRINIVASAN,MALE,33.0,GENERAL,MNM,Battery Torch,1720,9,1729,0.78,265487
Tamil Nadu,60,Pappireddipatti,NOTA,,,,NOTA,NOTA,1330,8,1338,0.61,265487
Tamil Nadu,60,Pappireddipatti,GOPI.K,MALE,45.0,SC,BSP,Elephant,623,2,625,0.28,265487
Tamil Nadu,60,Pappireddipatti,GOVINDHASAMY.R,MALE,50.0,GENERAL,IND,Peas,426,6,432,0.2,265487
Tamil Nadu,60,Pappireddipatti,MURUGAN.S,MALE,48.0,GENERAL,IND,Bead Necklace,299,1,300,0.14,265487
Tamil Nadu,60,Pappireddipatti,VEERAMANI.T,MALE,46.0,GENERAL,IND,Road Roller,257,0,257,0.12,265487
Tamil Nadu,60,Pappireddipatti,ANAND KUMAR.K,MALE,53.0,GENERAL,IND,Capsicum,186,1,187,0.08,265487
Tamil Nadu,60,Pappireddipatti,MURUGAN.R,MALE,44.0,SC,AMPK,Glass Tumbler,149,1,150,0.07,265487
Tamil Nadu,60,Pappireddipatti,ELANGO.S.Dr,MALE,61.0,GENERAL,IND,Cauliflower,130,0,130,0.06,265487
Tamil Nadu,60,Pappireddipatti,MANIVANNAN.K,MALE,60.0,GENERAL,IND,Chimney,121,2,123,0.06,265487
Tamil Nadu,60,Pappireddipatti,PALANIAPPAN.R,MALE,43.0,GENERAL,IND,Letter Box,120,2,122,0.06,265487
Tamil Nadu,60,Pappireddipatti,SELVAM.P,MALE,34.0,GENERAL,IND,Balloon,89,5,94,0.04,265487
Tamil Nadu,61,Harur,SAMPATHKUMAR.V,MALE,46.0,SC,ADMK,Two Leaves,98130,931,99061,49.89,250120
Tamil Nadu,61,Harur,KUMAR.A,MALE,45.0,SC,CPI(M),"Hammer, Sickle and Star",67358,1341,68699,34.6,250120
Tamil Nadu,61,Harur,MURUGAN.R,MALE,55.0,SC,AMMKMNKZ,Pressure Cooker,14161,166,14327,7.22,250120
Tamil Nadu,61,Harur,KEERTHANA.K,FEMALE,30.0,SC,NTK,Ganna Kisan,10830,120,10950,5.51,250120
Tamil Nadu,61,Harur,NOTA,,,,NOTA,NOTA,2232,17,2249,1.13,250120
Tamil Nadu,61,Harur,SIVAKUMAR.A,MALE,46.0,SC,BSP,Elephant,920,0,920,0.46,250120
Tamil Nadu,61,Harur,MURUGAN.R,MALE,35.0,SC,IND,Frying Pan,520,1,521,0.26,250120
Tamil Nadu,61,Harur,PARTHIPAN.P,MALE,52.0,SC,IND,COMPUTER,409,4,413,0.21,250120
Tamil Nadu,61,Harur,KARUTHOVIYAM.P,MALE,32.0,SC,MIDP,CCTV Camera,377,5,382,0.19,250120
Tamil Nadu,61,Harur,SATHEESHKUMAR.S,MALE,27.0,SC,IJK,Brush,275,7,282,0.14,250120
Tamil Nadu,61,Harur,KUMAR.P,MALE,36.0,SC,IND,Dish Antenna,263,2,265,0.13,250120
Tamil Nadu,61,Harur,PALANI.C,MALE,49.0,SC,IND,Wool and Needle,172,1,173,0.09,250120
Tamil Nadu,61,Harur,CHINNASAMY.K,MALE,55.0,SC,DAMK,BOX,168,1,169,0.09,250120
Tamil Nadu,61,Harur,SARATHKUMAR.M,MALE,31.0,SC,IND,Scissors,153,1,154,0.08,250120
Tamil Nadu,62,Chengam,GIRI.M.P,MALE,46.0,SC,DMK,Rising Sun,106185,1896,108081,48.26,275419
Tamil Nadu,62,Chengam,NAINAKANNU.M.S,MALE,53.0,SC,ADMK,Two Leaves,95280,1231,96511,43.09,275419
Tamil Nadu,62,Chengam,VENNILA.S,FEMALE,34.0,SC,NTK,Ganna Kisan,11980,100,12080,5.39,275419
Tamil Nadu,62,Chengam,ANBU.S,MALE,37.0,SC,DMDK,Nagara,2741,28,2769,1.24,275419
Tamil Nadu,62,Chengam,NOTA,,,,NOTA,NOTA,1079,6,1085,0.48,275419
Tamil Nadu,62,Chengam,SUGANRAJ.S,MALE,33.0,SC,IJK,Auto- Rickshaw,823,5,828,0.37,275419
Tamil Nadu,62,Chengam,SHANMUGAM.G,MALE,65.0,SC,BSP,Elephant,790,11,801,0.36,275419
Tamil Nadu,62,Chengam,VIJAYACHANDRAN.G,MALE,26.0,SC,IND,Bat,417,0,417,0.19,275419
Tamil Nadu,62,Chengam,SELVARAJI.V,MALE,47.0,SC,IND,Tractor Chalata Kisan,379,2,381,0.17,275419
Tamil Nadu,62,Chengam,DHINAKARAN.H,MALE,36.0,SC,IND,Binoculars,200,0,200,0.09,275419
Tamil Nadu,62,Chengam,BASKAR.S,MALE,43.0,SC,NGPP,Pot,171,3,174,0.08,275419
Tamil Nadu,62,Chengam,SIVAPRAKASH.K,MALE,42.0,SC,IND,Pineapple,139,34,173,0.08,275419
Tamil Nadu,62,Chengam,SHARMA.S,MALE,34.0,SC,IND,Air Conditioner,85,42,127,0.06,275419
Tamil Nadu,62,Chengam,ARUNKUMAR.M,MALE,36.0,SC,IND,Brick,111,1,112,0.05,275419
Tamil Nadu,62,Chengam,ANBAZHAGAN.P.G,MALE,50.0,SC,IND,Noodles Bowl,110,2,112,0.05,275419
Tamil Nadu,62,Chengam,SIVAKUMAR.J,MALE,40.0,SC,IND,Laptop,99,0,99,0.04,275419
Tamil Nadu,63,Tiruvannamalai,E V VELU,MALE,71.0,GENERAL,DMK,Rising Sun,134987,2889,137876,66.02,286589
Tamil Nadu,63,Tiruvannamalai,S THANIGAIVEL,MALE,46.0,GENERAL,BJP,Lotus,42836,367,43203,20.69,286589
Tamil Nadu,63,Tiruvannamalai,J KAMALAKKANNAN,MALE,39.0,GENERAL,NTK,Ganna Kisan,13894,101,13995,6.7,286589
Tamil Nadu,63,Tiruvannamalai,ARUL R,MALE,46.0,GENERAL,MNM,Battery torch,6169,77,6246,2.99,286589
Tamil Nadu,63,Tiruvannamalai,NOTA,,,,NOTA,NOTA,2170,24,2194,1.05,286589
Tamil Nadu,63,Tiruvannamalai,A G PANCHATCHARAM,MALE,68.0,GENERAL,AMMKMNKZ,Pressure Cooker,2088,20,2108,1.01,286589
Tamil Nadu,63,Tiruvannamalai,J JAMEEL BASHA,MALE,41.0,GENERAL,IND,DIAMOND,774,6,780,0.37,286589
Tamil Nadu,63,Tiruvannamalai,J AGNI SELVARASU,MALE,38.0,GENERAL,NADLMMKLK,Fountain,545,3,548,0.26,286589
Tamil Nadu,63,Tiruvannamalai,KOTHANDAPANI.B,MALE,44.0,SC,BSP,Elephant,460,6,466,0.22,286589
Tamil Nadu,63,Tiruvannamalai,K VINAYAGAM,MALE,34.0,SC,IND,Scissors,430,0,430,0.21,286589
Tamil Nadu,63,Tiruvannamalai,R G VASUDEVAN,MALE,33.0,GENERAL,IND,Capsicum,291,0,291,0.14,286589
Tamil Nadu,63,Tiruvannamalai,N PALANI,MALE,53.0,GENERAL,IND,Auto- Rickshaw,145,19,164,0.08,286589
Tamil Nadu,63,Tiruvannamalai,D MANIMARAN,MALE,34.0,SC,IND,Ring,152,5,157,0.08,286589
Tamil Nadu,63,Tiruvannamalai,A NAKKEERAN,MALE,46.0,GENERAL,IND,Gas Cylinder,142,4,146,0.07,286589
Tamil Nadu,63,Tiruvannamalai,S K SELVAM,MALE,51.0,GENERAL,VTVTK,Pestle and Mortar,130,1,131,0.06,286589
Tamil Nadu,63,Tiruvannamalai,R CHANDRAKANTH PILLAI,MALE,37.0,GENERAL,NGPP,Pot,98,3,101,0.05,286589
Tamil Nadu,64,Kilpennathur,K.Pitchandi,MALE,67.0,GENERAL,DMK,Rising Sun,102713,1962,104675,51.34,253562
Tamil Nadu,64,Kilpennathur,K.Selvakumar,MALE,44.0,GENERAL,PMK,Mango,76854,1034,77888,38.2,253562
Tamil Nadu,64,Kilpennathur,Dr.R.Rameshbabu,MALE,44.0,GENERAL,NTK,Ganna Kisan,11464,77,11541,5.66,253562
Tamil Nadu,64,Kilpennathur,P.Karthikeyan,MALE,42.0,GENERAL,AMMKMNKZ,Pressure Cooker,2172,19,2191,1.07,253562
Tamil Nadu,64,Kilpennathur,V.Suganantham,MALE,43.0,GENERAL,MNM,Battery torch,1431,6,1437,0.7,253562
Tamil Nadu,64,Kilpennathur,NOTA,,,,NOTA,NOTA,954,7,961,0.47,253562
Tamil Nadu,64,Kilpennathur,M.Murugan,MALE,46.0,GENERAL,IND,Water Melon,835,9,844,0.41,253562
Tamil Nadu,64,Kilpennathur,R.Subash Chandra Bose,MALE,39.0,SC,BSP,Elephant,593,5,598,0.29,253562
Tamil Nadu,64,Kilpennathur,S.Sasikumar,MALE,46.0,GENERAL,IND,Capsicum,592,5,597,0.29,253562
Tamil Nadu,64,Kilpennathur,A.R.Elumalai,MALE,55.0,GENERAL,VTVTK,Pestle and Mortar,497,7,504,0.25,253562
Tamil Nadu,64,Kilpennathur,M.Sampathraj,MALE,40.0,GENERAL,IND,Cauliflower,415,2,417,0.2,253562
Tamil Nadu,64,Kilpennathur,Sakthivel,MALE,37.0,SC,IND,DIAMOND,407,1,408,0.2,253562
Tamil Nadu,64,Kilpennathur,N.Thangaraj,MALE,52.0,GENERAL,MKLMNTRAPR,Bat,313,4,317,0.16,253562
Tamil Nadu,64,Kilpennathur,M.Dhinakaran,MALE,28.0,GENERAL,IND,COMPUTER,251,20,271,0.13,253562
Tamil Nadu,64,Kilpennathur,Farmer Jayaraman,MALE,46.0,GENERAL,AMAK,Gas Cylinder,236,3,239,0.12,253562
Tamil Nadu,64,Kilpennathur,P.Ganeshraja,MALE,32.0,GENERAL,IND,Pen Nib with Seven Rays,194,3,197,0.1,253562
Tamil Nadu,64,Kilpennathur,M.Athiyaman,MALE,27.0,GENERAL,IND,Grapes,185,0,185,0.09,253562
Tamil Nadu,64,Kilpennathur,C.Jothi,FEMALE,46.0,GENERAL,IND,Dish Antenna,151,1,152,0.07,253562
Tamil Nadu,64,Kilpennathur,A.Venkatesan,MALE,44.0,GENERAL,RPPRINAT,Helicopter,147,0,147,0.07,253562
Tamil Nadu,64,Kilpennathur,G.krishnamurthy,MALE,49.0,SC,IND,T.V. Remote,86,39,125,0.06,253562
Tamil Nadu,64,Kilpennathur,M.Mohanraja,MALE,40.0,SC,IND,Saw,117,0,117,0.06,253562
Tamil Nadu,64,Kilpennathur,R.Lourdammal,FEMALE,60.0,GENERAL,IND,Electric Pole,75,0,75,0.04,253562
Tamil Nadu,65,Kalasapakkam,Saravanan.P.S.T,MALE,52.0,GENERAL,DMK,Rising Sun,92712,1422,94134,47.92,243655
Tamil Nadu,65,Kalasapakkam,Panneerselvam.V,MALE,48.0,GENERAL,ADMK,Two Leaves,84070,842,84912,43.23,243655
Tamil Nadu,65,Kalasapakkam,Balaji.E,MALE,35.0,GENERAL,NTK,Ganna Kisan,8748,74,8822,4.49,243655
Tamil Nadu,65,Kalasapakkam,Nehru.M,MALE,57.0,GENERAL,DMDK,Nagara,2738,18,2756,1.4,243655
Tamil Nadu,65,Kalasapakkam,NOTA,,,,NOTA,NOTA,1586,9,1595,0.81,243655
Tamil Nadu,65,Kalasapakkam,Tirunavukarasu.M,MALE,53.0,GENERAL,IND,Electric Pole,755,10,765,0.39,243655
Tamil Nadu,65,Kalasapakkam,Panneerselvam.S,MALE,37.0,GENERAL,IND,Peas,712,3,715,0.36,243655
Tamil Nadu,65,Kalasapakkam,Rajkumar.E,MALE,44.0,SC,BSP,Elephant,623,9,632,0.32,243655
Tamil Nadu,65,Kalasapakkam,Rajamani.K,MALE,57.0,SC,IND,Helicopter,448,1,449,0.23,243655
Tamil Nadu,65,Kalasapakkam,Amutha.G,FEMALE,32.0,ST,IND,COCONUT FARM,362,20,382,0.19,243655
Tamil Nadu,65,Kalasapakkam,Jagannathan.R,MALE,43.0,GENERAL,IND,Pot,320,1,321,0.16,243655
Tamil Nadu,65,Kalasapakkam,Saravanan.K,MALE,46.0,GENERAL,IND,Pen Nib with Seven Rays,242,6,248,0.13,243655
Tamil Nadu,65,Kalasapakkam,Rajendran.M.S,MALE,60.0,GENERAL,IJK,Auto- Rickshaw,239,5,244,0.12,243655
Tamil Nadu,65,Kalasapakkam,Panneerselvam.V,MALE,50.0,GENERAL,IND,Tractor Chalata Kisan,238,1,239,0.12,243655
Tamil Nadu,65,Kalasapakkam,Kalyanasundaram.A,MALE,47.0,GENERAL,VTVTK,Pestle and Mortar,126,2,128,0.07,243655
Tamil Nadu,65,Kalasapakkam,Sampath.R.V,MALE,56.0,GENERAL,ADK,Hat,91,1,92,0.05,243655
Tamil Nadu,66,Polur,Agri KRISHNAMURTHY. S S,MALE,61.0,GENERAL,ADMK,Two Leaves,96878,854,97732,48.38,245195
Tamil Nadu,66,Polur,SEKARAN. K.V,MALE,63.0,GENERAL,DMK,Rising Sun,86544,1463,88007,43.57,245195
Tamil Nadu,66,Polur,LAVANYA. L,FEMALE,31.0,GENERAL,NTK,Ganna Kisan,10065,132,10197,5.05,245195
Tamil Nadu,66,Polur,KALAVATHI. G,FEMALE,55.0,GENERAL,MNM,Battery torch,1561,19,1580,0.78,245195
Tamil Nadu,66,Polur,DAKSNAMOORTHY. R,MALE,48.0,SC,IND,Peas,1188,0,1188,0.59,245195
Tamil Nadu,66,Polur,NOTA,,,,NOTA,NOTA,1131,13,1144,0.57,245195
Tamil Nadu,66,Polur,VIJAYAKUMAR. C,MALE,46.0,GENERAL,AMMKMNKZ,Pressure Cooker,646,10,656,0.32,245195
Tamil Nadu,66,Polur,Ezhil Arasu. M,MALE,37.0,GENERAL,BSP,Elephant,600,4,604,0.3,245195
Tamil Nadu,66,Polur,MURUGESAN. D,MALE,52.0,SC,IND,Cot,278,0,278,0.14,245195
Tamil Nadu,66,Polur,SIVA. A,MALE,37.0,SC,IND,Matchbox,216,0,216,0.11,245195
Tamil Nadu,66,Polur,Shanmugasundaram. E,MALE,26.0,GENERAL,IND,COMPUTER,82,8,90,0.04,245195
Tamil Nadu,66,Polur,SATHIYARAJ. P,MALE,32.0,GENERAL,IND,Television,77,10,87,0.04,245195
Tamil Nadu,66,Polur,CHIDAMBARAM. V,MALE,62.0,SC,IND,Spanner,71,1,72,0.04,245195
Tamil Nadu,66,Polur,KALAIMANI. S,MALE,35.0,SC,IND,Black Board,56,0,56,0.03,245195
Tamil Nadu,66,Polur,GANESAN. C,MALE,55.0,SC,IND,Camera,55,0,55,0.03,245195
Tamil Nadu,66,Polur,KRISHNAMURTHI. K,MALE,67.0,GENERAL,IND,Binoculars,50,0,50,0.02,245195
Tamil Nadu,67,Arani,SEVOOR RAMACHANDRAN. S,MALE,63.0,GENERAL,ADMK,Two Leaves,102225,736,102961,46.5,277727
Tamil Nadu,67,Arani,S.S.ANBALAGAN,MALE,49.0,GENERAL,DMK,Rising Sun,98386,1447,99833,45.09,277727
Tamil Nadu,67,Arani,D.PRAKALATHA,FEMALE,31.0,SC,NTK,Ganna Kisan,10373,118,10491,4.74,277727
Tamil Nadu,67,Arani,V.MANIKANDAN,MALE,28.0,GENERAL,MNM,Battery torch,2196,17,2213,1.0,277727
Tamil Nadu,67,Arani,G.BASKARAN,MALE,38.0,GENERAL,DMDK,Nagara,1852,9,1861,0.84,277727
Tamil Nadu,67,Arani,NOTA,,,,NOTA,NOTA,1666,24,1690,0.76,277727
Tamil Nadu,67,Arani,S.THANIGAIVEL,MALE,56.0,GENERAL,VTVTK,Pestle and Mortar,506,3,509,0.23,277727
Tamil Nadu,67,Arani,N.KARTHIKEYAN,MALE,36.0,GENERAL,IND,Peas,395,2,397,0.18,277727
Tamil Nadu,67,Arani,K.ANBU,MALE,38.0,SC,BSP,Elephant,330,2,332,0.15,277727
Tamil Nadu,67,Arani,DHATCHANAMURTHY.R,MALE,37.0,GENERAL,IND,Sofa,313,0,313,0.14,277727
Tamil Nadu,67,Arani,A.ARUNKUMAR,MALE,49.0,GENERAL,IND,Dustbin,217,5,222,0.1,277727
Tamil Nadu,67,Arani,S.SAKTHIVEL,MALE,33.0,GENERAL,IND,Petrol Pump,165,13,178,0.08,277727
Tamil Nadu,67,Arani,S.RAMACHANDRAN,MALE,38.0,SC,IND,Nail Cutter,133,1,134,0.06,277727
Tamil Nadu,67,Arani,S.MURALI,MALE,33.0,GENERAL,IND,Matchbox,133,0,133,0.06,277727
Tamil Nadu,67,Arani,M.ANBALAGAN,MALE,35.0,GENERAL,IND,Stool,78,2,80,0.04,277727
Tamil Nadu,67,Arani,K.ANBALAGAN,MALE,50.0,SC,IND,Dish Antenna,56,19,75,0.03,277727
Tamil Nadu,68,Cheyyar,JOTHI. O,MALE,50.0,GENERAL,DMK,Rising Sun,101080,1380,102460,47.78,259890
Tamil Nadu,68,Cheyyar,DUSI. K. MOHAN,MALE,63.0,GENERAL,ADMK,Two Leaves,89469,720,90189,42.05,259890
Tamil Nadu,68,Cheyyar,BHEEMAN. G,MALE,29.0,GENERAL,NTK,Ganna Kisan,12112,80,12192,5.68,259890
Tamil Nadu,68,Cheyyar,MAYILVAGANAN. T,MALE,36.0,GENERAL,MNM,Battery torch,2403,26,2429,1.13,259890
Tamil Nadu,68,Cheyyar,NOTA,,,,NOTA,NOTA,1882,13,1895,0.88,259890
Tamil Nadu,68,Cheyyar,VARADHARAJAN. M. K,MALE,66.0,GENERAL,AMMKMNKZ,Pressure Cooker,1748,12,1760,0.82,259890
Tamil Nadu,68,Cheyyar,SURESH BABU. T,MALE,30.0,GENERAL,IND,Jackfruit,731,2,733,0.34,259890
Tamil Nadu,68,Cheyyar,VIJAYAKANTH. S,MALE,36.0,GENERAL,BSP,Elephant,726,5,731,0.34,259890
Tamil Nadu,68,Cheyyar,KUTTIMANI. S,MALE,36.0,GENERAL,VTVTK,Pestle and Mortar,503,1,504,0.24,259890
Tamil Nadu,68,Cheyyar,UDHAYAKUMAR. M,MALE,27.0,SC,IND,Gas Cylinder,289,1,290,0.14,259890
Tamil Nadu,68,Cheyyar,ANANDASEKARAN. C,MALE,53.0,SC,IND,Glass Tumbler,286,2,288,0.13,259890
Tamil Nadu,68,Cheyyar,NIRMALA. V,FEMALE,39.0,GENERAL,IND,Bangles,281,1,282,0.13,259890
Tamil Nadu,68,Cheyyar,MANIKANDAN. M,MALE,33.0,SC,GPI,Lady Finger,259,3,262,0.12,259890
Tamil Nadu,68,Cheyyar,NADARAJAN. B,MALE,40.0,GENERAL,NGPP,Pot,189,1,190,0.09,259890
Tamil Nadu,68,Cheyyar,MARYVOILET. J,FEMALE,46.0,GENERAL,DESMI,COCONUT FARM,131,12,143,0.07,259890
Tamil Nadu,68,Cheyyar,VENKATESAN .V,MALE,65.0,GENERAL,ANSMK,Bat,100,12,112,0.05,259890
Tamil Nadu,69,Vandavasi,Ambethkumar S,MALE,44.0,SC,DMK,Rising Sun,100951,1113,102064,54.88,240654
Tamil Nadu,69,Vandavasi,Murali S,MALE,31.0,SC,PMK,Mango,65617,494,66111,35.55,240654
Tamil Nadu,69,Vandavasi,Prabavathi G,FEMALE,37.0,SC,NTK,Ganna Kisan,9249,35,9284,4.99,240654
Tamil Nadu,69,Vandavasi,NOTA,,,,NOTA,NOTA,1759,10,1769,0.95,240654
Tamil Nadu,69,Vandavasi,Venkatesan P,MALE,50.0,SC,AMMKMNKZ,Pressure Cooker,1714,14,1728,0.93,240654
Tamil Nadu,69,Vandavasi,Suresh S,MALE,45.0,SC,MNM,Battery torch,1678,14,1692,0.91,240654
Tamil Nadu,69,Vandavasi,Manikandan K,MALE,29.0,SC,IND,Water Melon,1262,2,1264,0.68,240654
Tamil Nadu,69,Vandavasi,Arjunan M,MALE,45.0,SC,BSP,Elephant,597,10,607,0.33,240654
Tamil Nadu,69,Vandavasi,Vignesh S,MALE,25.0,SC,IND,Pen Nib with Seven Rays,540,6,546,0.29,240654
Tamil Nadu,69,Vandavasi,Murali C,MALE,38.0,SC,IND,Capsicum,406,1,407,0.22,240654
Tamil Nadu,69,Vandavasi,Durai B,MALE,36.0,SC,GPI,Lady Finger,360,3,363,0.2,240654
Tamil Nadu,69,Vandavasi,Muthuperumal K,MALE,28.0,SC,IND,BISCUIT,136,3,139,0.07,240654
Tamil Nadu,70,Gingee,MASTHAN K S,MALE,65.0,GENERAL,DMK,Rising Sun,107683,1942,109625,52.99,261167
Tamil Nadu,70,Gingee,RAJENDIRAN P,MALE,65.0,GENERAL,PMK,Mango,73078,744,73822,35.68,261167
Tamil Nadu,70,Gingee,SUGUMAR AP,MALE,35.0,GENERAL,NTK,Ganna Kisan,9860,60,9920,4.8,261167
Tamil Nadu,70,Gingee,GOWTHAM SAGAR A,MALE,50.0,GENERAL,AMMKMNKZ,Pressure Cooker,4751,60,4811,2.33,261167
Tamil Nadu,70,Gingee,NOTA,,,,NOTA,NOTA,2275,4,2279,1.1,261167
Tamil Nadu,70,Gingee,SRIPATHI P,MALE,35.0,GENERAL,MNM,Battery torch,2137,14,2151,1.04,261167
Tamil Nadu,70,Gingee,GOPI S,MALE,41.0,GENERAL,IND,Jackfruit,1911,3,1914,0.93,261167
Tamil Nadu,70,Gingee,JAGAJANANDAM R,MALE,51.0,SC,BSP,Elephant,632,5,637,0.31,261167
Tamil Nadu,70,Gingee,VARTHAMANAN B,MALE,53.0,GENERAL,IND,Pen Nib with Seven Rays,554,5,559,0.27,261167
Tamil Nadu,70,Gingee,ELUMALAI N A,MALE,49.0,SC,ADK,Hat,401,9,410,0.2,261167
Tamil Nadu,70,Gingee,MARIYAPPAN S,MALE,62.0,GENERAL,IND,Lady Finger,245,1,246,0.12,261167
Tamil Nadu,70,Gingee,KIRUBAKARAN T,MALE,32.0,GENERAL,IND,Frying Pan,179,2,181,0.09,261167
Tamil Nadu,70,Gingee,SAHEERA,FEMALE,54.0,GENERAL,IND,Auto- Rickshaw,167,1,168,0.08,261167
Tamil Nadu,70,Gingee,SENJIRAJA KNK,MALE,45.0,GENERAL,IND,Football,156,1,157,0.08,261167
Tamil Nadu,71,Mailam,SIVAKUMAR C,MALE,47.0,GENERAL,PMK,Mango,80203,841,81044,45.79,220324
Tamil Nadu,71,Mailam,Dr. MASILAMANI R,MALE,70.0,GENERAL,DMK,Rising Sun,77899,915,78814,44.53,220324
Tamil Nadu,71,Mailam,UMAMAHESWARI L,FEMALE,27.0,GENERAL,NTK,Ganna Kisan,8315,25,8340,4.71,220324
Tamil Nadu,71,Mailam,SUNDARESAN A,MALE,40.0,GENERAL,DMDK,Nagara,3913,8,3921,2.22,220324
Tamil Nadu,71,Mailam,NOTA,,,,NOTA,NOTA,882,2,884,0.5,220324
Tamil Nadu,71,Mailam,MASILAMANI V,MALE,56.0,GENERAL,IND,Pen Nib with Seven Rays,805,2,807,0.46,220324
Tamil Nadu,71,Mailam,DURAI M,MALE,37.0,SC,BSP,Elephant,647,1,648,0.37,220324
Tamil Nadu,71,Mailam,RAJASEKAR M,MALE,26.0,GENERAL,IND,Pestle and Mortar,641,6,647,0.37,220324
Tamil Nadu,71,Mailam,MASILAMANI V,MALE,58.0,GENERAL,IND,Pineapple,519,5,524,0.3,220324
Tamil Nadu,71,Mailam,MANAVALAN A,MALE,35.0,SC,AMGRDMK,Pan,373,4,377,0.21,220324
Tamil Nadu,71,Mailam,SRIDHAR D,MALE,30.0,GENERAL,IND,Auto- Rickshaw,343,1,344,0.19,220324
Tamil Nadu,71,Mailam,CHANDRA PRAKASH R,MALE,26.0,SC,IND,DIAMOND,249,0,249,0.14,220324
Tamil Nadu,71,Mailam,SATHIYARAJ S,MALE,31.0,GENERAL,IND,Tractor Chalata Kisan,144,0,144,0.08,220324
Tamil Nadu,71,Mailam,SEKAR NAYAKKAR I M,MALE,59.0,GENERAL,IND,Bat,137,0,137,0.08,220324
Tamil Nadu,71,Mailam,KANNAN G,MALE,49.0,GENERAL,IND,SHIP,109,0,109,0.06,220324
Tamil Nadu,72,Tindivanam,ARJUNAN P,MALE,51.0,SC,ADMK,Two Leaves,86155,997,87152,47.74,230570
Tamil Nadu,72,Tindivanam,SEETHAPATHY P,FEMALE,70.0,SC,DMK,Rising Sun,76038,1361,77399,42.4,230570
Tamil Nadu,72,Tindivanam,PACHIMUTHU P,MALE,29.0,SC,NTK,Ganna Kisan,9162,41,9203,5.04,230570
Tamil Nadu,72,Tindivanam,CHANDRALEKHA K,FEMALE,39.0,SC,DMDK,Nagara,2678,23,2701,1.48,230570
Tamil Nadu,72,Tindivanam,POYATHU @ ANBIN POYYAMOZHI S,MALE,50.0,SC,MNM,Battery torch,2068,11,2079,1.14,230570
Tamil Nadu,72,Tindivanam,NOTA,,,,NOTA,NOTA,1514,9,1523,0.83,230570
Tamil Nadu,72,Tindivanam,GOVINDASAMY A,MALE,51.0,SC,BSP,Elephant,599,4,603,0.33,230570
Tamil Nadu,72,Tindivanam,ILAVARASAN K,MALE,31.0,SC,ADK,Hat,424,0,424,0.23,230570
Tamil Nadu,72,Tindivanam,THAMBIRAJ A,MALE,36.0,SC,IND,COMPUTER,378,1,379,0.21,230570
Tamil Nadu,72,Tindivanam,SETTU M,MALE,56.0,SC,DESMI,COCONUT FARM,247,0,247,0.14,230570
Tamil Nadu,72,Tindivanam,VETRIVENDHAN S,MALE,27.0,SC,IND,Television,195,0,195,0.11,230570
Tamil Nadu,72,Tindivanam,VISWANATHAN S A,MALE,44.0,SC,AINPMK,Water Melon,148,0,148,0.08,230570
Tamil Nadu,72,Tindivanam,GOKULAKRISHNAN M,MALE,29.0,SC,IND,BOX,132,9,141,0.08,230570
Tamil Nadu,72,Tindivanam,ARULMARAN J,MALE,46.0,SC,IND,Grapes,120,2,122,0.07,230570
Tamil Nadu,72,Tindivanam,MOHAN A,MALE,39.0,SC,MSK,Whistle,108,4,112,0.06,230570
Tamil Nadu,72,Tindivanam,VINOTH S,MALE,26.0,SC,IND,Camera,110,0,110,0.06,230570
Tamil Nadu,73,Vanur,CHAKRAPANI M,MALE,66.0,SC,ADMK,Two Leaves,91501,718,92219,50.61,226608
Tamil Nadu,73,Vanur,VANNI ARASU,MALE,50.0,SC,VCK,Pot,69843,649,70492,38.69,226608
Tamil Nadu,73,Vanur,LATCHOUMY M,FEMALE,39.0,SC,NTK,Ganna Kisan,8537,50,8587,4.71,226608
Tamil Nadu,73,Vanur,GANAPATHI P M,MALE,60.0,SC,DMDK,Nagara,5430,30,5460,3.0,226608
Tamil Nadu,73,Vanur,SANDOSHKUMAR M,MALE,43.0,SC,MNM,Battery torch,2492,8,2500,1.37,226608
Tamil Nadu,73,Vanur,NOTA,,,,NOTA,NOTA,1356,7,1363,0.75,226608
Tamil Nadu,73,Vanur,SAKTHIVEL S,MALE,37.0,SC,IND,BUCKET,811,2,813,0.45,226608
Tamil Nadu,73,Vanur,VINAYAGAMURTHY M,MALE,34.0,SC,BSP,Elephant,765,9,774,0.42,226608
Tamil Nadu,74,Villupuram,LAKSHMANAN R,MALE,49.0,GENERAL,DMK,Rising Sun,100423,1848,102271,49.92,262175
Tamil Nadu,74,Villupuram,SHANMUGAM C Ve,MALE,56.0,GENERAL,ADMK,Two Leaves,86368,1035,87403,42.66,262175
Tamil Nadu,74,Villupuram,SELVAM J,MALE,51.0,GENERAL,NTK,Ganna Kisan,6314,61,6375,3.11,262175
Tamil Nadu,74,Villupuram,DASS K,MALE,43.0,GENERAL,MNM,Battery torch,3207,35,3242,1.58,262175
Tamil Nadu,74,Villupuram,BALASUNDARAM R,MALE,48.0,GENERAL,AMMKMNKZ,Pressure Cooker,1684,11,1695,0.83,262175
Tamil Nadu,74,Villupuram,NOTA,,,,NOTA,NOTA,960,10,970,0.47,262175
Tamil Nadu,74,Villupuram,SHANMUGAM A,MALE,38.0,GENERAL,IND,Dish Antenna,491,0,491,0.24,262175
Tamil Nadu,74,Villupuram,SIVABALAN N,MALE,60.0,SC,BSP,Elephant,412,3,415,0.2,262175
Tamil Nadu,74,Villupuram,SHANMUGAM G,MALE,74.0,GENERAL,IND,Grapes,371,0,371,0.18,262175
Tamil Nadu,74,Villupuram,DURAISAMY D,MALE,49.0,GENERAL,MKLMNTRAPR,Bat,318,4,322,0.16,262175
Tamil Nadu,74,Villupuram,KESAVAN P,MALE,38.0,GENERAL,IND,Pineapple,321,0,321,0.16,262175
Tamil Nadu,74,Villupuram,SHANMUGAM V,MALE,50.0,GENERAL,IND,Binoculars,233,0,233,0.11,262175
Tamil Nadu,74,Villupuram,DEVANATHAN N,MALE,40.0,GENERAL,VTVTK,Pestle and Mortar,118,0,118,0.06,262175
Tamil Nadu,74,Villupuram,JAIAADHE R,MALE,46.0,GENERAL,IND,Road Roller,84,0,84,0.04,262175
Tamil Nadu,74,Villupuram,RAMAN K,MALE,32.0,GENERAL,IND,Football,78,0,78,0.04,262175
Tamil Nadu,74,Villupuram,VICTOR A S,MALE,46.0,GENERAL,DESMI,COCONUT FARM,78,0,78,0.04,262175
Tamil Nadu,74,Villupuram,KUPPAN V,MALE,30.0,GENERAL,IND,Tyres,67,0,67,0.03,262175
Tamil Nadu,74,Villupuram,KUMAR R,MALE,30.0,GENERAL,IND,Fountain,66,0,66,0.03,262175
Tamil Nadu,74,Villupuram,DAKSHINAMOORTHY SU VA,MALE,43.0,GENERAL,IND,Tractor Chalata Kisan,47,1,48,0.02,262175
Tamil Nadu,74,Villupuram,BALU K,MALE,53.0,SC,IND,Auto- Rickshaw,42,0,42,0.02,262175
Tamil Nadu,74,Villupuram,PRABAKARAN M,MALE,29.0,GENERAL,IND,Capsicum,35,0,35,0.02,262175
Tamil Nadu,74,Villupuram,IYYANAR G,MALE,55.0,GENERAL,IND,Electric Pole,34,0,34,0.02,262175
Tamil Nadu,74,Villupuram,MOHAMED IBRAIM A,MALE,29.0,GENERAL,ADK,Hat,32,0,32,0.02,262175
Tamil Nadu,74,Villupuram,SUBRAMANIAN R,MALE,43.0,GENERAL,IND,BOX,25,2,27,0.01,262175
Tamil Nadu,74,Villupuram,NARENDIRAN D,MALE,31.0,GENERAL,IND,Gift Pack,23,0,23,0.01,262175
Tamil Nadu,74,Villupuram,INIYADAYALAN G,MALE,70.0,GENERAL,IND,Balloon,19,0,19,0.01,262175
Tamil Nadu,75,Vikravandi,PUGAZHENTHI N,MALE,66.0,GENERAL,DMK,Rising Sun,92621,1109,93730,48.41,234841
Tamil Nadu,75,Vikravandi,MUTHAMILSELVAN R,MALE,56.0,GENERAL,ADMK,Two Leaves,83258,899,84157,43.47,234841
Tamil Nadu,75,Vikravandi,SHEEBA ASHMI R,FEMALE,39.0,GENERAL,NTK,Ganna Kisan,8141,75,8216,4.24,234841
Tamil Nadu,75,Vikravandi,IYYANAR R,MALE,42.0,GENERAL,AMMKMNKZ,Pressure Cooker,3039,14,3053,1.58,234841
Tamil Nadu,75,Vikravandi,NOTA,,,,NOTA,NOTA,1108,14,1122,0.58,234841
Tamil Nadu,75,Vikravandi,RAGHUPATHY P,MALE,24.0,GENERAL,IND,Peas,906,1,907,0.47,234841
Tamil Nadu,75,Vikravandi,ELANGOVAN S,MALE,52.0,SC,ABHM,Bead Necklace,652,3,655,0.34,234841
Tamil Nadu,75,Vikravandi,ARUMUGAM C,MALE,60.0,SC,BSP,Elephant,517,3,520,0.27,234841
Tamil Nadu,75,Vikravandi,SATHISH R,MALE,34.0,GENERAL,IND,Noodles Bowl,436,0,436,0.23,234841
Tamil Nadu,75,Vikravandi,GAYATHRI J,FEMALE,32.0,GENERAL,IND,Winnower,303,2,305,0.16,234841
Tamil Nadu,75,Vikravandi,SENTHIL R,MALE,42.0,GENERAL,IJK,Auto- Rickshaw,204,3,207,0.11,234841
Tamil Nadu,75,Vikravandi,RAJIVGANDHI P,MALE,33.0,GENERAL,NADLMMKLK,Television,95,1,96,0.05,234841
Tamil Nadu,75,Vikravandi,KANNADHASAN A,MALE,38.0,GENERAL,IND,Camera,73,8,81,0.04,234841
Tamil Nadu,75,Vikravandi,AYYANAR A,MALE,28.0,GENERAL,IND,Chakki,75,3,78,0.04,234841
Tamil Nadu,75,Vikravandi,IYYAPPAN K,MALE,30.0,GENERAL,IND,Soap Dish,54,0,54,0.03,234841
Tamil Nadu,76,Tirukkoyilur,K.PONMUDY,MALE,70.0,GENERAL,DMK,Rising Sun,109226,1754,110980,56.56,254716
Tamil Nadu,76,Tirukkoyilur,VAT.KALIVARADHAN,MALE,56.0,GENERAL,BJP,Lotus,50887,413,51300,26.14,254716
Tamil Nadu,76,Tirukkoyilur,L.VENKATESAN,MALE,53.0,GENERAL,DMDK,Nagara,13928,69,13997,7.13,254716
Tamil Nadu,76,Tirukkoyilur,MURUGAN S,MALE,36.0,GENERAL,NTK,Ganna Kisan,11567,53,11620,5.92,254716
Tamil Nadu,76,Tirukkoyilur,NOTA,,,,NOTA,NOTA,2030,9,2039,1.04,254716
Tamil Nadu,76,Tirukkoyilur,VIGNESH M,MALE,26.0,GENERAL,IND,COMPUTER,1482,0,1482,0.76,254716
Tamil Nadu,76,Tirukkoyilur,SENTHILKUMAR M,MALE,41.0,GENERAL,IJK,Auto- Rickshaw,1056,10,1066,0.54,254716
Tamil Nadu,76,Tirukkoyilur,PRAKASH A,MALE,36.0,SC,IND,DIAMOND,881,2,883,0.45,254716
Tamil Nadu,76,Tirukkoyilur,SIVA.PANJAVARNAM,MALE,40.0,SC,BSP,Elephant,691,5,696,0.35,254716
Tamil Nadu,76,Tirukkoyilur,SANKAR S,MALE,37.0,GENERAL,VTVTK,Pestle and Mortar,565,1,566,0.29,254716
Tamil Nadu,76,Tirukkoyilur,JAYAVINDAN G,MALE,28.0,GENERAL,IND,Bat,480,0,480,0.24,254716
Tamil Nadu,76,Tirukkoyilur,MATHIVANAN S,MALE,28.0,GENERAL,IND,Balloon,412,0,412,0.21,254716
Tamil Nadu,76,Tirukkoyilur,MAGESH M,MALE,34.0,GENERAL,IND,Electric Pole,271,5,276,0.14,254716
Tamil Nadu,76,Tirukkoyilur,RAJINI VR,MALE,44.0,SC,NADLMMKLK,Fountain,231,0,231,0.12,254716
Tamil Nadu,76,Tirukkoyilur,KATHIRAVAN K,MALE,32.0,GENERAL,IND,Pot,183,6,189,0.1,254716
Tamil Nadu,77,Ulundurpettai,MANIKANNAN. A.J,MALE,57.0,GENERAL,DMK,Rising Sun,114344,1107,115451,47.15,293464
Tamil Nadu,77,Ulundurpettai,KUMARAGURU. R,MALE,60.0,GENERAL,ADMK,Two Leaves,108960,1235,110195,45.0,293464
Tamil Nadu,77,Ulundurpettai,PUSHBA MARY. L,FEMALE,36.0,GENERAL,NTK,Ganna Kisan,8954,46,9000,3.68,293464
Tamil Nadu,77,Ulundurpettai,RAJAMANI. K.G.P.,MALE,48.0,GENERAL,AMMKMNKZ,Pressure Cooker,2843,5,2848,1.16,293464
Tamil Nadu,77,Ulundurpettai,NOTA,,,,NOTA,NOTA,2277,3,2280,0.93,293464
Tamil Nadu,77,Ulundurpettai,MANIKKANNAN. M,MALE,64.0,GENERAL,IND,Pen Nib with Seven Rays,2106,1,2107,0.86,293464
Tamil Nadu,77,Ulundurpettai,SELVA.SATHIYAMOORTHY,MALE,37.0,SC,BSP,Elephant,823,2,825,0.34,293464
Tamil Nadu,77,Ulundurpettai,CHINNAIYAN. S,MALE,45.0,GENERAL,MNM,Battery torch,673,4,677,0.28,293464
Tamil Nadu,77,Ulundurpettai,RAJA STALIN. K,MALE,36.0,GENERAL,IND,Electric Pole,351,1,352,0.14,293464
Tamil Nadu,77,Ulundurpettai,MANI. R,MALE,60.0,GENERAL,IND,Syringe,298,1,299,0.12,293464
Tamil Nadu,77,Ulundurpettai,DEEPA. M,FEMALE,30.0,GENERAL,IND,CCTV Camera,263,0,263,0.11,293464
Tamil Nadu,77,Ulundurpettai,VENKATESAN. M,MALE,49.0,SC,CPI(ML)(L),Flag with Three Stars,140,3,143,0.06,293464
Tamil Nadu,77,Ulundurpettai,RAJAMANI. K,MALE,46.0,SC,IND,Whistle,116,1,117,0.05,293464
Tamil Nadu,77,Ulundurpettai,KUMAR. A,MALE,44.0,SC,INKK,Matchbox,110,0,110,0.04,293464
Tamil Nadu,77,Ulundurpettai,KATHIRVEL. M,MALE,51.0,SC,IND,Bead Necklace,102,3,105,0.04,293464
Tamil Nadu,77,Ulundurpettai,DHANAPAL. P,MALE,48.0,SC,LJP,Bungalow,81,0,81,0.03,293464
Tamil Nadu,78,Rishivandiyam,KARTHIKEYAN K,MALE,43.0,GENERAL,DMK,Rising Sun,112998,914,113912,52.96,268323
Tamil Nadu,78,Rishivandiyam,SANTHOSH S A,MALE,30.0,GENERAL,ADMK,Two Leaves,71921,263,72184,33.56,268323
Tamil Nadu,78,Rishivandiyam,SURESH MANIVANNAN R,MALE,35.0,GENERAL,NTK,Ganna Kisan,12041,25,12066,5.61,268323
Tamil Nadu,78,Rishivandiyam,PRABHU S,MALE,41.0,GENERAL,AMMKMNKZ,Pressure Cooker,10367,20,10387,4.83,268323
Tamil Nadu,78,Rishivandiyam,NOTA,,,,NOTA,NOTA,2419,1,2420,1.13,268323
Tamil Nadu,78,Rishivandiyam,MURUGAN K,MALE,43.0,SC,IND,DIAMOND,1508,0,1508,0.7,268323
Tamil Nadu,78,Rishivandiyam,SHANMUGASUNDARAM K,MALE,43.0,GENERAL,MNM,Battery torch,637,3,640,0.3,268323
Tamil Nadu,78,Rishivandiyam,VEERAN S,MALE,47.0,SC,BSP,Elephant,424,2,426,0.2,268323
Tamil Nadu,78,Rishivandiyam,SANTHOSH M,MALE,37.0,GENERAL,IND,Water Tank,308,0,308,0.14,268323
Tamil Nadu,78,Rishivandiyam,CHANDRASEKARAN V,MALE,51.0,GENERAL,IND,Pen Nib with Seven Rays,287,0,287,0.13,268323
Tamil Nadu,78,Rishivandiyam,GURU K,MALE,56.0,GENERAL,IND,COCONUT FARM,267,1,268,0.12,268323
Tamil Nadu,78,Rishivandiyam,TAMILVANAN M,MALE,30.0,GENERAL,MIDP,CCTV Camera,150,1,151,0.07,268323
Tamil Nadu,78,Rishivandiyam,VENKATRAMAN J,MALE,35.0,GENERAL,NADLMMKLK,Fountain,149,0,149,0.07,268323
Tamil Nadu,78,Rishivandiyam,NARAYANAN A,MALE,30.0,GENERAL,AMGRDMK,Pan,141,1,142,0.07,268323
Tamil Nadu,78,Rishivandiyam,RADHAKRISHNAN K,MALE,30.0,SC,MKLMNTRAPR,Bat,127,2,129,0.06,268323
Tamil Nadu,78,Rishivandiyam,KARTHIK G,MALE,31.0,SC,IND,Helicopter,129,0,129,0.06,268323
Tamil Nadu,79,Sankarapuram,UDHAYASURIYAN T,MALE,57.0,GENERAL,DMK,Rising Sun,119487,1699,121186,56.16,268594
Tamil Nadu,79,Sankarapuram,Dr.RAJA G,MALE,34.0,GENERAL,PMK,Mango,74702,521,75223,34.86,268594
Tamil Nadu,79,Sankarapuram,RAJIYAMA B,FEMALE,49.0,GENERAL,NTK,Ganna Kisan,9824,49,9873,4.58,268594
Tamil Nadu,79,Sankarapuram,ARUL P,MALE,35.0,GENERAL,IND,Jackfruit,2119,1,2120,0.98,268594
Tamil Nadu,79,Sankarapuram,MANNAN M P,MALE,60.0,SC,IND,Hat,1155,1,1156,0.54,268594
Tamil Nadu,79,Sankarapuram,NOTA,,,,NOTA,NOTA,944,9,953,0.44,268594
Tamil Nadu,79,Sankarapuram,MAYILAMPARAI MARI A,MALE,45.0,GENERAL,IND,COCONUT FARM,844,0,844,0.39,268594
Tamil Nadu,79,Sankarapuram,Sakthivel S,MALE,57.0,GENERAL,BSP,Elephant,807,3,810,0.38,268594
Tamil Nadu,79,Sankarapuram,VIMALAMARY S,FEMALE,46.0,GENERAL,AMGRDMK,Pan,603,6,609,0.28,268594
Tamil Nadu,79,Sankarapuram,RAMESH G,MALE,38.0,GENERAL,IJK,Auto- Rickshaw,458,2,460,0.21,268594
Tamil Nadu,79,Sankarapuram,KUBENDIRAN A,MALE,35.0,SC,IND,DIAMOND,428,0,428,0.2,268594
Tamil Nadu,79,Sankarapuram,MUJIBUR RAGIMAN M,MALE,50.0,GENERAL,AIMIM,Kite,377,2,379,0.18,268594
Tamil Nadu,79,Sankarapuram,DHANAM K,FEMALE,46.0,SC,IND,Bead Necklace,348,0,348,0.16,268594
Tamil Nadu,79,Sankarapuram,BABUGANESH S,MALE,28.0,GENERAL,IND,Funnel,292,1,293,0.14,268594
Tamil Nadu,79,Sankarapuram,GOPINATH E,MALE,42.0,SC,IND,Pot,272,0,272,0.13,268594
Tamil Nadu,79,Sankarapuram,OVIYAR ANANDH C,MALE,40.0,SC,LJP,Bungalow,256,1,257,0.12,268594
Tamil Nadu,79,Sankarapuram,ARUNKENNADI A P,MALE,56.0,GENERAL,AINPMK,Winnower,203,0,203,0.09,268594
Tamil Nadu,79,Sankarapuram,UTHAYAKUMAR A,MALE,43.0,GENERAL,IND,SHIP,165,1,166,0.08,268594
Tamil Nadu,79,Sankarapuram,JAYAPRAKASH K,MALE,41.0,GENERAL,IND,Tractor Chalata Kisan,134,0,134,0.06,268594
Tamil Nadu,79,Sankarapuram,RAJKUMAR E,MALE,26.0,GENERAL,IND,Fountain,88,0,88,0.04,268594
Tamil Nadu,80,Kallakurichi,Senthilkumar.M,MALE,43.0,SC,ADMK,Two Leaves,109909,734,110643,48.99,286621
Tamil Nadu,80,Kallakurichi,Manirathinem.K.I,MALE,62.0,SC,INC,Hand,83367,1385,84752,37.52,286621
Tamil Nadu,80,Kallakurichi,Dravidamuthamilselvi.D,FEMALE,37.0,SC,NTK,Ganna Kisan,16409,65,16474,7.29,286621
Tamil Nadu,80,Kallakurichi,Vijayakumar.N,MALE,38.0,SC,DMDK,Nagara,6555,16,6571,2.91,286621
Tamil Nadu,80,Kallakurichi,NOTA,,,,NOTA,NOTA,1247,10,1257,0.56,286621
Tamil Nadu,80,Kallakurichi,Devimangayarkarasi.K,FEMALE,40.0,SC,IND,Pineapple,1197,0,1197,0.53,286621
Tamil Nadu,80,Kallakurichi,Palanisamy.A,MALE,50.0,SC,BSP,Elephant,1096,1,1097,0.49,286621
Tamil Nadu,80,Kallakurichi,Prabu.C,MALE,38.0,SC,IND,Whistle,937,0,937,0.41,286621
Tamil Nadu,80,Kallakurichi,Ayyasamy.M,MALE,40.0,SC,IJK,Auto- Rickshaw,864,7,871,0.39,286621
Tamil Nadu,80,Kallakurichi,Suriyaprakash.M,MALE,25.0,SC,IND,Matchbox,655,4,659,0.29,286621
Tamil Nadu,80,Kallakurichi,Selvaraj.M,MALE,52.0,SC,IND,T.V. Remote,265,1,266,0.12,286621
Tamil Nadu,80,Kallakurichi,Subramaniyan.P,MALE,38.0,SC,IND,Television,248,2,250,0.11,286621
Tamil Nadu,80,Kallakurichi,Dinesh.M,MALE,44.0,SC,MIDP,CCTV Camera,197,1,198,0.09,286621
Tamil Nadu,80,Kallakurichi,Elaiyaperumal.K,MALE,45.0,SC,IND,Pot,185,0,185,0.08,286621
Tamil Nadu,80,Kallakurichi,Kuppusamy.K,MALE,45.0,SC,AMGRDMK,Pan,171,0,171,0.08,286621
Tamil Nadu,80,Kallakurichi,Sivakumar.S,MALE,37.0,SC,IND,Truck,125,0,125,0.06,286621
Tamil Nadu,80,Kallakurichi,Gurusamy.M,MALE,42.0,SC,IND,Gas Cylinder,103,0,103,0.05,286621
Tamil Nadu,80,Kallakurichi,Oviyar Ananth C,MALE,40.0,SC,LJP,Bungalow,102,0,102,0.05,286621
Tamil Nadu,81,Gangavalli,"NALLATHAMBI,A.",MALE,56.0,SC,ADMK,Two Leaves,88900,668,89568,48.02,239024
Tamil Nadu,81,Gangavalli,"REKHA PRIYADHARSHINI,J.",FEMALE,38.0,SC,DMK,Rising Sun,80466,1741,82207,44.08,239024
Tamil Nadu,81,Gangavalli,"VINOTHINI,R.",FEMALE,26.0,SC,NTK,Ganna Kisan,9241,82,9323,5.0,239024
Tamil Nadu,81,Gangavalli,"PANDIAN,A.",MALE,58.0,SC,AMMKMNKZ,Pressure Cooker,1497,22,1519,0.81,239024
Tamil Nadu,81,Gangavalli,NOTA,,,,NOTA,NOTA,1241,10,1251,0.67,239024
Tamil Nadu,81,Gangavalli,"NAVAN,P.",MALE,34.0,SC,PT,Television,603,6,609,0.33,239024
Tamil Nadu,81,Gangavalli,"PERIYASAMY,K.",MALE,43.0,SC,IJK,Black Board,488,5,493,0.26,239024
Tamil Nadu,81,Gangavalli,"SELLAMMAL,V.M.",FEMALE,47.0,SC,BSP,Elephant,481,4,485,0.26,239024
Tamil Nadu,81,Gangavalli,"SARAVANAN,R.",MALE,33.0,SC,IND,Bead Necklace,396,0,396,0.21,239024
Tamil Nadu,81,Gangavalli,"SENTHILKUMAR,K.",MALE,43.0,SC,IND,BELT,392,0,392,0.21,239024
Tamil Nadu,81,Gangavalli,"CHANDRASEKARAN,K.",MALE,47.0,SC,IND,Bat,155,0,155,0.08,239024
Tamil Nadu,81,Gangavalli,"AYYADURAI,J.",MALE,37.0,SC,IND,Baby Walker,104,1,105,0.06,239024
Tamil Nadu,82,Attur,"JAYASANKARAN, A.P.",MALE,50.0,SC,ADMK,Two Leaves,94262,1046,95308,47.72,254705
Tamil Nadu,82,Attur,"CHINNADURAI, K.",MALE,55.0,SC,DMK,Rising Sun,85243,1808,87051,43.58,254705
Tamil Nadu,82,Attur,"KRISHNAVENI, S.",FEMALE,28.0,SC,NTK,Ganna Kisan,10141,92,10233,5.12,254705
Tamil Nadu,82,Attur,"SIVAKUMAR, P.",MALE,43.0,SC,MNM,Battery torch,1937,22,1959,0.98,254705
Tamil Nadu,82,Attur,NOTA,,,,NOTA,NOTA,1817,17,1834,0.92,254705
Tamil Nadu,82,Attur,"MADHESWARAN, S.",MALE,53.0,SC,AMMKMNKZ,Pressure Cooker,1675,24,1699,0.85,254705
Tamil Nadu,82,Attur,"PERIYANNAN, M.",MALE,38.0,SC,BSP,Elephant,492,2,494,0.25,254705
Tamil Nadu,82,Attur,"ARUMUGAM, D.",MALE,46.0,SC,IND,Bat,367,0,367,0.18,254705
Tamil Nadu,82,Attur,"SADHA SIVAM, R.",MALE,25.0,SC,APoI,Coat,240,1,241,0.12,254705
Tamil Nadu,82,Attur,"SILAMBARASAN, J.",MALE,34.0,SC,IND,Fountain,222,0,222,0.11,254705
Tamil Nadu,82,Attur,"JANARTHANAM, A.",MALE,27.0,SC,DAMK,Water Melon,215,0,215,0.11,254705
Tamil Nadu,82,Attur,"MATHESWARI, K.K.",FEMALE,52.0,SC,ADK,Hat,117,3,120,0.06,254705
Tamil Nadu,83,Yercaud,G. Chitra,FEMALE,40.0,ST,ADMK,Two Leaves,120542,1019,121561,50.88,284029
Tamil Nadu,83,Yercaud,C. TAMILSELVAN,MALE,50.0,ST,DMK,Rising Sun,93927,1679,95606,40.02,284029
Tamil Nadu,83,Yercaud,Jothi,FEMALE,26.0,ST,NTK,Ganna Kisan,13214,94,13308,5.57,284029
Tamil Nadu,83,Yercaud,C. KUMAR,MALE,41.0,ST,DMDK,Nagara,2962,24,2986,1.25,284029
Tamil Nadu,83,Yercaud,NOTA,,,,NOTA,NOTA,1955,24,1979,0.83,284029
Tamil Nadu,83,Yercaud,T. Duraisamy,MALE,62.0,ST,IJK,Auto- Rickshaw,870,6,876,0.37,284029
Tamil Nadu,83,Yercaud,D. MADESH,MALE,36.0,ST,IND,BUCKET,659,1,660,0.28,284029
Tamil Nadu,83,Yercaud,P. Ramasamy,MALE,40.0,ST,BSP,Elephant,579,0,579,0.24,284029
Tamil Nadu,83,Yercaud,K. Manikandan,MALE,27.0,ST,IND,Green Chilli,485,5,490,0.21,284029
Tamil Nadu,83,Yercaud,T. Priya,FEMALE,26.0,ST,IND,Clip,284,5,289,0.12,284029
Tamil Nadu,83,Yercaud,Santhosam,FEMALE,31.0,ST,IND,Balloon,165,2,167,0.07,284029
Tamil Nadu,83,Yercaud,S.T. Rajendhiran,MALE,39.0,ST,IND,Pot,158,7,165,0.07,284029
Tamil Nadu,83,Yercaud,P. SATHISHKUMAR,MALE,26.0,ST,IND,Football,148,0,148,0.06,284029
Tamil Nadu,83,Yercaud,K. UNNAMALAI,FEMALE,51.0,ST,IND,Gas Cylinder,109,1,110,0.05,284029
Tamil Nadu,84,Omalur,R.MANI,MALE,43.0,GENERAL,ADMK,Two Leaves,141527,961,142488,57.22,296192
Tamil Nadu,84,Omalur,RANGARAJAN MOHAN KUMARAMANGALAM,MALE,42.0,GENERAL,INC,Hand,85826,1368,87194,35.01,296192
Tamil Nadu,84,Omalur,A.RAJA,MALE,59.0,GENERAL,NTK,Ganna Kisan,9341,75,9416,3.78,296192
Tamil Nadu,84,Omalur,V.SRINIVASAN,MALE,37.0,GENERAL,MNM,Battery torch,2888,42,2930,1.18,296192
Tamil Nadu,84,Omalur,NOTA,,,,NOTA,NOTA,1581,19,1600,0.64,296192
Tamil Nadu,84,Omalur,M.KARUNAKARAN,MALE,32.0,GENERAL,TNLK,Ring,1204,24,1228,0.49,296192
Tamil Nadu,84,Omalur,K.K.MADHESWARAN,MALE,62.0,GENERAL,AMMKMNKZ,Pressure Cooker,1188,14,1202,0.48,296192
Tamil Nadu,84,Omalur,N.V.THOMAS,MALE,49.0,GENERAL,BSP,Elephant,804,8,812,0.33,296192
Tamil Nadu,84,Omalur,R.MURUGAN,MALE,59.0,GENERAL,IND,COCONUT FARM,676,0,676,0.27,296192
Tamil Nadu,84,Omalur,P.RAJA,MALE,44.0,GENERAL,IND,Hat,433,1,434,0.17,296192
Tamil Nadu,84,Omalur,R.MANI,MALE,56.0,GENERAL,IND,Auto- Rickshaw,282,2,284,0.11,296192
Tamil Nadu,84,Omalur,S.DHIVYA,FEMALE,27.0,SC,DAMK,Water Melon,277,4,281,0.11,296192
Tamil Nadu,84,Omalur,S.MANI,MALE,53.0,GENERAL,IND,Bat,144,5,149,0.06,296192
Tamil Nadu,84,Omalur,K.GOVINDARAJU,MALE,44.0,GENERAL,IND,Gift Pack,116,2,118,0.05,296192
Tamil Nadu,84,Omalur,E.MANI,MALE,47.0,SC,IND,Binoculars,104,7,111,0.04,296192
Tamil Nadu,84,Omalur,T.SURESH,MALE,39.0,GENERAL,IND,Bangles,104,0,104,0.04,296192
Tamil Nadu,85,Mettur,SADHASIVAM.S,MALE,54.0,GENERAL,PMK,Mango,95795,1260,97055,44.43,286849
Tamil Nadu,85,Mettur,SRINIVASAPERUMAL.S,MALE,46.0,GENERAL,DMK,Rising Sun,94437,1962,96399,44.13,286849
Tamil Nadu,85,Mettur,MANIKANDAN.C,MALE,29.0,GENERAL,NTK,Ganna Kisan,9004,105,9109,4.17,286849
Tamil Nadu,85,Mettur,ANUSUYA.P,FEMALE,25.0,GENERAL,MNM,Battery torch,4549,56,4605,2.11,286849
Tamil Nadu,85,Mettur,SELVAN,MALE,37.0,SC,IND,Jackfruit,2817,6,2823,1.29,286849
Tamil Nadu,85,Mettur,NOTA,,,,NOTA,NOTA,2239,8,2247,1.03,286849
Tamil Nadu,85,Mettur,RAMESH ARAVIND.M,MALE,42.0,GENERAL,DMDK,Nagara,1860,14,1874,0.86,286849
Tamil Nadu,85,Mettur,THANGAVEL. K,MALE,37.0,SC,DAMK,Water Melon,1781,2,1783,0.82,286849
Tamil Nadu,85,Mettur,AMBIKA.A,FEMALE,30.0,GENERAL,IND,Ring,732,6,738,0.34,286849
Tamil Nadu,85,Mettur,BANUPRIYA.P,FEMALE,25.0,SC,GPI,Lady Finger,434,1,435,0.2,286849
Tamil Nadu,85,Mettur,SADHASIVAM.P,MALE,32.0,SC,IND,Electric Pole,383,3,386,0.18,286849
Tamil Nadu,85,Mettur,Dr.PADMARAJAN.K,MALE,60.0,GENERAL,IND,Tyres,321,4,325,0.15,286849
Tamil Nadu,85,Mettur,SEKAR.P,MALE,54.0,GENERAL,IND,Gas Cylinder,266,3,269,0.12,286849
Tamil Nadu,85,Mettur,RASAPPAN.K,MALE,57.0,GENERAL,MIDP,CCTV Camera,226,0,226,0.1,286849
Tamil Nadu,85,Mettur,ARIVAZHAGAN.P,MALE,51.0,GENERAL,IND,Grapes,166,2,168,0.08,286849
Tamil Nadu,86,Edappadi,EDAPPADI PALANISWAMI. K,MALE,67.0,GENERAL,ADMK,Two Leaves,160931,2223,163154,65.97,285298
Tamil Nadu,86,Edappadi,SAMBATHKUMAR. T,MALE,36.0,GENERAL,DMK,Rising Sun,68082,1270,69352,28.04,285298
Tamil Nadu,86,Edappadi,SHRI RATHNA,FEMALE,33.0,GENERAL,NTK,Ganna Kisan,6574,52,6626,2.68,285298
Tamil Nadu,86,Edappadi,THASAPPARAJ. D,MALE,61.0,GENERAL,MNM,Battery torch,1532,15,1547,0.63,285298
Tamil Nadu,86,Edappadi,NOTA,,,,NOTA,NOTA,1091,18,1109,0.45,285298
Tamil Nadu,86,Edappadi,JAMUNA. A,FEMALE,25.0,SC,BSP,Elephant,813,2,815,0.33,285298
Tamil Nadu,86,Edappadi,POOKADAI SEKAR. N,MALE,54.0,GENERAL,AMMKMNKZ,Pressure Cooker,764,10,774,0.31,285298
Tamil Nadu,86,Edappadi,KATHIRAVAN. V,MALE,47.0,GENERAL,IND,FLUTE,555,0,555,0.22,285298
Tamil Nadu,86,Edappadi,IYYAPPAN. P,MALE,37.0,GENERAL,IND,Binoculars,483,0,483,0.2,285298
Tamil Nadu,86,Edappadi,GUHESHKUMAR. M,MALE,22.0,GENERAL,IND,Dumbbells,474,0,474,0.19,285298
Tamil Nadu,86,Edappadi,KATHIRESAN. L,MALE,48.0,GENERAL,IND,COCONUT FARM,407,0,407,0.16,285298
Tamil Nadu,86,Edappadi,AGNI SRI RAMACHANDRAN. N,MALE,40.0,GENERAL,IND,Pen Nib with Seven Rays,259,2,261,0.11,285298
Tamil Nadu,86,Edappadi,LOGANATHAN. S,MALE,61.0,GENERAL,IND,Wheel Barrow,208,0,208,0.08,285298
Tamil Nadu,86,Edappadi,STALIN. A,MALE,53.0,GENERAL,IND,BOX,202,0,202,0.08,285298
Tamil Nadu,86,Edappadi,LAKSHMI. G,FEMALE,51.0,GENERAL,IND,DIAMOND,199,0,199,0.08,285298
Tamil Nadu,86,Edappadi,ESWARAMOORTHY P,MALE,50.0,GENERAL,IND,Gift Pack,165,1,166,0.07,285298
Tamil Nadu,86,Edappadi,MANIKANDAN. R,MALE,27.0,GENERAL,TNLK,Ring,147,6,153,0.06,285298
Tamil Nadu,86,Edappadi,SOCIAL WORKER ESWARI. P,FEMALE,53.0,GENERAL,APoI,Coat,132,3,135,0.05,285298
Tamil Nadu,86,Edappadi,GUNASEKARAN. K.N,MALE,62.0,GENERAL,MIDP,CCTV Camera,117,1,118,0.05,285298
Tamil Nadu,86,Edappadi,MURUGAN. M,MALE,32.0,GENERAL,IND,Camera,90,1,91,0.04,285298
Tamil Nadu,86,Edappadi,ESWARAMURTHY. N,MALE,45.0,GENERAL,IND,Balloon,89,0,89,0.04,285298
Tamil Nadu,86,Edappadi,SHANMUGAM. G,MALE,51.0,GENERAL,IND,BUCKET,66,0,66,0.03,285298
Tamil Nadu,86,Edappadi,SURIYAMOORTHY. S,MALE,28.0,GENERAL,MGRMKKT,Auto- Rickshaw,64,0,64,0.03,285298
Tamil Nadu,86,Edappadi,BALASUBRAMANIAM. J,MALE,49.0,GENERAL,IND,Bat,60,1,61,0.02,285298
Tamil Nadu,86,Edappadi,MANI. C,MALE,59.0,SC,DAMK,Grapes,46,1,47,0.02,285298
Tamil Nadu,86,Edappadi,SOWNTHARARAJAN. G,MALE,30.0,GENERAL,IND,Well,44,0,44,0.02,285298
Tamil Nadu,86,Edappadi,BALAMURUGAN. M,MALE,34.0,GENERAL,IND,Whistle,39,0,39,0.02,285298
Tamil Nadu,86,Edappadi,DR. PADMARAJAN. K,MALE,60.0,GENERAL,IND,Tyres,35,1,36,0.01,285298
Tamil Nadu,86,Edappadi,PALANISAMY. A,MALE,56.0,GENERAL,IND,HOCKEY and BALL,26,0,26,0.01,285298
Tamil Nadu,87,Sankari,"SUNDARARAJAN, S.",MALE,49.0,GENERAL,ADMK,Two Leaves,114376,1096,115472,49.72,274307
Tamil Nadu,87,Sankari,"RAJESH, K.M.",MALE,41.0,GENERAL,DMK,Rising Sun,93897,1530,95427,41.09,274307
Tamil Nadu,87,Sankari,"SHOBANA, S.",FEMALE,28.0,GENERAL,NTK,Ganna Kisan,10788,74,10862,4.68,274307
Tamil Nadu,87,Sankari,"SENGODAN, K.",MALE,51.0,GENERAL,MNM,Battery torch,3140,35,3175,1.37,274307
Tamil Nadu,87,Sankari,"CHELLAMUTHU, A.",MALE,55.0,GENERAL,AMMKMNKZ,Pressure Cooker,1462,9,1471,0.63,274307
Tamil Nadu,87,Sankari,NOTA,,,,NOTA,NOTA,1453,16,1469,0.63,274307
Tamil Nadu,87,Sankari,"BAKKIYAMANI, M.",FEMALE,47.0,GENERAL,IND,Grapes,846,1,847,0.36,274307
Tamil Nadu,87,Sankari,"SIVALINGAM, C.",MALE,41.0,GENERAL,TMTHK,DIAMOND,812,2,814,0.35,274307
Tamil Nadu,87,Sankari,"PALANIYAPPAN, M.",MALE,55.0,SC,IND,Ring,524,1,525,0.23,274307
Tamil Nadu,87,Sankari,"PRABHU, K.",MALE,40.0,GENERAL,IND,Balloon,481,0,481,0.21,274307
Tamil Nadu,87,Sankari,"MANIVEL, P.",MALE,37.0,GENERAL,IND,Gift Pack,276,2,278,0.12,274307
Tamil Nadu,87,Sankari,"DURAIRAJ, C.",MALE,64.0,SC,IND,Table,209,2,211,0.09,274307
Tamil Nadu,87,Sankari,"RAVIKUMAR, P.",MALE,41.0,SC,GPI,Lady Finger,197,3,200,0.09,274307
Tamil Nadu,87,Sankari,"GOPALAKRISHNAN, S.",MALE,28.0,GENERAL,IND,COCONUT FARM,166,0,166,0.07,274307
Tamil Nadu,87,Sankari,"AROKIASAMI, A.",MALE,58.0,GENERAL,IND,Iron,135,0,135,0.06,274307
Tamil Nadu,87,Sankari,"JAGANNATHAN, M.",MALE,35.0,GENERAL,IND,Auto- Rickshaw,119,0,119,0.05,274307
Tamil Nadu,87,Sankari,"JAGANATHAN, I.",MALE,29.0,GENERAL,IND,Pineapple,99,0,99,0.04,274307
Tamil Nadu,87,Sankari,"SENGOTEN, R.",MALE,32.0,GENERAL,IND,Gas Cylinder,97,0,97,0.04,274307
Tamil Nadu,87,Sankari,"SETTU, K.",MALE,51.0,GENERAL,MIDP,CCTV Camera,96,0,96,0.04,274307
Tamil Nadu,87,Sankari,"GUNASEKARAN, M.",MALE,48.0,GENERAL,IND,Television,92,3,95,0.04,274307
Tamil Nadu,87,Sankari,"SATHISHKUMAR, V.",MALE,35.0,GENERAL,IND,Electric Pole,87,2,89,0.04,274307
Tamil Nadu,87,Sankari,"VIJAYAKUMAR, P.",MALE,31.0,GENERAL,IND,Letter Box,55,0,55,0.02,274307
Tamil Nadu,87,Sankari,"VENGADACHALAM, T.",MALE,37.0,GENERAL,IND,Hat,33,0,33,0.01,274307
Tamil Nadu,87,Sankari,"VIJI @ VIJAYAN, K.",MALE,32.0,GENERAL,IND,FLUTE,30,1,31,0.01,274307
Tamil Nadu,88,Salem (West),ARUL. R,MALE,49.0,GENERAL,PMK,Mango,104728,755,105483,48.69,299693
Tamil Nadu,88,Salem (West),RAJENDRAN. A,MALE,54.0,GENERAL,DMK,Rising Sun,82389,1595,83984,38.77,299693
Tamil Nadu,88,Salem (West),NAGAMMAL. S,FEMALE,34.0,GENERAL,NTK,Ganna Kisan,10592,76,10668,4.92,299693
Tamil Nadu,88,Salem (West),THIYAGARAJAN. A,MALE,29.0,GENERAL,MNM,Battery torch,7867,72,7939,3.66,299693
Tamil Nadu,88,Salem (West),ALAGAAPURAM R. MOHANRAJ,MALE,67.0,GENERAL,DMDK,Nagara,2280,27,2307,1.06,299693
Tamil Nadu,88,Salem (West),NOTA,,,,NOTA,NOTA,1663,20,1683,0.78,299693
Tamil Nadu,88,Salem (West),VIJAYAKUMAR. R,MALE,26.0,SC,DAMK,Water Melon,637,2,639,0.29,299693
Tamil Nadu,88,Salem (West),KARTHIKEYAN. J,MALE,35.0,GENERAL,TNLK,Ring,576,4,580,0.27,299693
Tamil Nadu,88,Salem (West),KATHIRVEL. A,MALE,54.0,GENERAL,MIDP,CCTV Camera,329,1,330,0.15,299693
Tamil Nadu,88,Salem (West),THIYAGARAJAN. M,MALE,36.0,GENERAL,IND,Camera,315,0,315,0.15,299693
Tamil Nadu,88,Salem (West),TAMIL SELVAN. S,MALE,41.0,SC,BSP,Elephant,277,6,283,0.13,299693
Tamil Nadu,88,Salem (West),SARATHKUMAR. S,MALE,26.0,GENERAL,IND,Plate Containing Food,240,1,241,0.11,299693
Tamil Nadu,88,Salem (West),KATHAVARAYAN. S,MALE,54.0,GENERAL,IND,BENCH,230,2,232,0.11,299693
Tamil Nadu,88,Salem (West),SIVARAMAN. S,MALE,42.0,GENERAL,IND,Football,221,1,222,0.1,299693
Tamil Nadu,88,Salem (West),GOPI. M,MALE,39.0,SC,IND,Baby Walker,211,0,211,0.1,299693
Tamil Nadu,88,Salem (West),CHANDRASEKARAN. G,MALE,38.0,GENERAL,IND,Carrom Board,191,0,191,0.09,299693
Tamil Nadu,88,Salem (West),MUTHUSAMY. R,MALE,60.0,GENERAL,TMTHK,DIAMOND,156,8,164,0.08,299693
Tamil Nadu,88,Salem (West),RAJENDIRAN. B,MALE,46.0,GENERAL,IND,Iron,132,0,132,0.06,299693
Tamil Nadu,88,Salem (West),JEEVANANTHAM. M,MALE,58.0,GENERAL,IND,Television,128,1,129,0.06,299693
Tamil Nadu,88,Salem (West),RAMKUMAR. R,MALE,42.0,GENERAL,IND,Balloon,128,0,128,0.06,299693
Tamil Nadu,88,Salem (West),MARIMUTHU. M,MALE,35.0,GENERAL,IND,Auto- Rickshaw,120,0,120,0.06,299693
Tamil Nadu,88,Salem (West),INBARAJ. A,MALE,38.0,GENERAL,IND,BELT,108,2,110,0.05,299693
Tamil Nadu,88,Salem (West),NATARAJAN. C,MALE,41.0,GENERAL,IND,Door Bell,105,0,105,0.05,299693
Tamil Nadu,88,Salem (West),SENTHILKUMAR. A,MALE,43.0,SC,AMPK,Glass Tumbler,97,2,99,0.05,299693
Tamil Nadu,88,Salem (West),SABBAPATHI. M,MALE,35.0,GENERAL,IND,Dustbin,93,0,93,0.04,299693
Tamil Nadu,88,Salem (West),MURUGAN. A,MALE,54.0,SC,IND,Bat,78,1,79,0.04,299693
Tamil Nadu,88,Salem (West),GOPINATH. R,MALE,31.0,GENERAL,IND,Binoculars,68,0,68,0.03,299693
Tamil Nadu,88,Salem (West),MAYAKANNAN. M,MALE,34.0,GENERAL,IND,Telephone,57,0,57,0.03,299693
Tamil Nadu,88,Salem (West),BALAJI. D,MALE,33.0,SC,IND,Table,36,0,36,0.02,299693
Tamil Nadu,89,Salem (North),R. RAJENDRAN,MALE,61.0,GENERAL,DMK,Rising Sun,91222,2210,93432,46.17,276022
Tamil Nadu,89,Salem (North),G.VENKATACHALAM,MALE,57.0,GENERAL,ADMK,Two Leaves,85026,818,85844,42.42,276022
Tamil Nadu,89,Salem (North),R S GURU CHAKRAVARTHY,MALE,40.0,GENERAL,MNM,Battery torch,10610,108,10718,5.3,276022
Tamil Nadu,89,Salem (North),IMAYAESWARAN N,MALE,39.0,GENERAL,NTK,Ganna Kisan,8079,76,8155,4.03,276022
Tamil Nadu,89,Salem (North),NOTA,,,,NOTA,NOTA,1505,34,1539,0.76,276022
Tamil Nadu,89,Salem (North),C NATARAJAN,MALE,58.0,GENERAL,AMMKMNKZ,Pressure Cooker,800,5,805,0.4,276022
Tamil Nadu,89,Salem (North),M.P.PANNEER SELVAM,MALE,60.0,GENERAL,NPEP,Book,338,7,345,0.17,276022
Tamil Nadu,89,Salem (North),S VELAN,MALE,58.0,GENERAL,BSP,Elephant,299,1,300,0.15,276022
Tamil Nadu,89,Salem (North),A RAMESHKUMAR,MALE,33.0,GENERAL,IND,Balloon,213,0,213,0.11,276022
Tamil Nadu,89,Salem (North),R PALANISAMY,MALE,50.0,SC,IND,Gas Cylinder,208,0,208,0.1,276022
Tamil Nadu,89,Salem (North),S RAJASEKAR,MALE,53.0,SC,IND,Sofa,177,0,177,0.09,276022
Tamil Nadu,89,Salem (North),N DEVARAJ,MALE,47.0,GENERAL,IND,DIAMOND,165,2,167,0.08,276022
Tamil Nadu,89,Salem (North),M AHAMEDSHAHJAHAN,MALE,51.0,GENERAL,MGRMKKT,Auto- Rickshaw,95,1,96,0.05,276022
Tamil Nadu,89,Salem (North),M.SHANMUGA SUNDARAM,MALE,35.0,GENERAL,IND,Pen Nib with Seven Rays,69,4,73,0.04,276022
Tamil Nadu,89,Salem (North),R SENTHILKUMAR,MALE,41.0,GENERAL,IND,Football,62,1,63,0.03,276022
Tamil Nadu,89,Salem (North),VAATHIAR C MURUGAN,MALE,42.0,SC,APoI,Coat,54,1,55,0.03,276022
Tamil Nadu,89,Salem (North),M.R.NAWAZUDIEEN,MALE,36.0,GENERAL,IND,Bat,50,0,50,0.02,276022
Tamil Nadu,89,Salem (North),T.VIJAYA RAJ,MALE,38.0,GENERAL,IND,Drill Machine,44,1,45,0.02,276022
Tamil Nadu,89,Salem (North),S. BABU,MALE,45.0,GENERAL,MIDP,CCTV Camera,39,0,39,0.02,276022
Tamil Nadu,89,Salem (North),P.RAMACHANDRAN,MALE,33.0,GENERAL,IND,Hat,27,0,27,0.01,276022
Tamil Nadu,89,Salem (North),D.MURALI,MALE,29.0,SC,DAMK,Water Melon,24,1,25,0.01,276022
Tamil Nadu,90,Salem (South),E.BALASUBRAMANIAN,MALE,60.0,GENERAL,ADMK,Two Leaves,96787,719,97506,48.76,260403
Tamil Nadu,90,Salem (South),A.S.SARAVANAN,MALE,48.0,GENERAL,DMK,Rising Sun,73694,1203,74897,37.45,260403
Tamil Nadu,90,Salem (South),M.PRABU MANIKANDAN,MALE,30.0,GENERAL,MNM,Battery Torch,10308,60,10368,5.18,260403
Tamil Nadu,90,Salem (South),S.MARIAMMA,FEMALE,37.0,GENERAL,NTK,Ganna Kisan,10128,48,10176,5.09,260403
Tamil Nadu,90,Salem (South),SE.VENKATAJALAM,MALE,65.0,GENERAL,AMMKMNKZ,Pressure Cooker,2952,18,2970,1.49,260403
Tamil Nadu,90,Salem (South),NOTA,,,,NOTA,NOTA,1832,28,1860,0.93,260403
Tamil Nadu,90,Salem (South),S.MURALI,MALE,32.0,SC,BSP,Elephant,397,3,400,0.2,260403
Tamil Nadu,90,Salem (South),R.SUNDARAM,MALE,56.0,GENERAL,IND,Tractor Chalata Kisan,311,0,311,0.16,260403
Tamil Nadu,90,Salem (South),B.DEVI,FEMALE,40.0,SC,IND,Football Player,224,0,224,0.11,260403
Tamil Nadu,90,Salem (South),K.SELVARAJ,MALE,41.0,GENERAL,IND,Air Conditioner,210,0,210,0.11,260403
Tamil Nadu,90,Salem (South),SAMUNDESWARI.V,FEMALE,41.0,GENERAL,IND,Mixee,148,1,149,0.07,260403
Tamil Nadu,90,Salem (South),R.VELMURUGAN,MALE,36.0,GENERAL,CPI(ML)(L),Flag with Three Stars,130,3,133,0.07,260403
Tamil Nadu,90,Salem (South),K.N.VEERASENAN,MALE,33.0,SC,IND,CHESS BOARD,111,1,112,0.06,260403
Tamil Nadu,90,Salem (South),M.SUNDAR,MALE,35.0,GENERAL,APoI,Coat,86,1,87,0.04,260403
Tamil Nadu,90,Salem (South),SATHIYAPRIYA,FEMALE,30.0,GENERAL,RPPRINAT,Helicopter,78,1,79,0.04,260403
Tamil Nadu,90,Salem (South),R.ELAVARASAN,MALE,33.0,GENERAL,VTVTK,Pestle and Mortar,74,1,75,0.04,260403
Tamil Nadu,90,Salem (South),S.SARAVANAN,MALE,29.0,GENERAL,IND,Gift Pack,61,2,63,0.03,260403
Tamil Nadu,90,Salem (South),M.KUMAR,MALE,51.0,GENERAL,IND,Sewing Machine,61,1,62,0.03,260403
Tamil Nadu,90,Salem (South),M.PERIYASAMY,MALE,55.0,GENERAL,IND,Sitar,61,0,61,0.03,260403
Tamil Nadu,90,Salem (South),S.RAJI,MALE,45.0,GENERAL,DAMK,Water Melon,60,1,61,0.03,260403
Tamil Nadu,90,Salem (South),N.MAYAKANNAN,MALE,40.0,SC,IND,DIAMOND,58,0,58,0.03,260403
Tamil Nadu,90,Salem (South),S.KRISHNAKUMAR,MALE,46.0,SC,IND,Mike,45,1,46,0.02,260403
Tamil Nadu,90,Salem (South),K.YASIN BASHA,MALE,41.0,GENERAL,IND,Electric Pole,26,0,26,0.01,260403
Tamil Nadu,90,Salem (South),D.M.MOHAMMAD NAZEERUDEEN,MALE,75.0,GENERAL,IND,COMPUTER,25,1,26,0.01,260403
Tamil Nadu,90,Salem (South),K.MARIAPPAN,MALE,39.0,GENERAL,IND,Balloon,22,0,22,0.01,260403
Tamil Nadu,91,Veerapandi,"RAJAMUTHU, M.",MALE,52.0,GENERAL,ADMK,Two Leaves,111081,601,111682,49.92,260064
Tamil Nadu,91,Veerapandi,"THARUN, A.K.",MALE,39.0,GENERAL,DMK,Rising Sun,90732,1055,91787,41.03,260064
Tamil Nadu,91,Veerapandi,"RAJESHKUMAR, S.",MALE,27.0,GENERAL,NTK,Ganna Kisan,9734,72,9806,4.38,260064
Tamil Nadu,91,Veerapandi,"SELVAM, S.K.",MALE,59.0,GENERAL,AMMKMNKZ,Pressure Cooker,4957,29,4986,2.23,260064
Tamil Nadu,91,Veerapandi,NOTA,,,,NOTA,NOTA,1391,18,1409,0.63,260064
Tamil Nadu,91,Veerapandi,"AMUTHA, R.",FEMALE,48.0,GENERAL,IJK,Auto- Rickshaw,1293,9,1302,0.58,260064
Tamil Nadu,91,Veerapandi,"MOHAN, V.",MALE,60.0,GENERAL,IND,DIAMOND,384,2,386,0.17,260064
Tamil Nadu,91,Veerapandi,"CHINNANANN, M.",MALE,32.0,SC,BSP,Elephant,358,3,361,0.16,260064
Tamil Nadu,91,Veerapandi,"VENKAT, A.",MALE,47.0,GENERAL,IND,Electric Pole,324,0,324,0.14,260064
Tamil Nadu,91,Veerapandi,"SENTHILMURUGAN, E.",MALE,38.0,GENERAL,IND,Hat,265,0,265,0.12,260064
Tamil Nadu,91,Veerapandi,"RAJARATHINAM, K.",MALE,39.0,GENERAL,IND,Bat,236,1,237,0.11,260064
Tamil Nadu,91,Veerapandi,INDRAJITH GUPTHA,MALE,30.0,SC,IND,COCONUT FARM,229,1,230,0.1,260064
Tamil Nadu,91,Veerapandi,"SEKAR, M.",MALE,52.0,SC,IND,Walnut,208,0,208,0.09,260064
Tamil Nadu,91,Veerapandi,"MANI, M.",MALE,46.0,SC,MIDP,CCTV Camera,133,0,133,0.06,260064
Tamil Nadu,91,Veerapandi,"MOHAN, P.",MALE,65.0,GENERAL,SUCI,Gas Cylinder,126,3,129,0.06,260064
Tamil Nadu,91,Veerapandi,SATHIYAVANI,FEMALE,50.0,SC,DAMK,Water Melon,117,1,118,0.05,260064
Tamil Nadu,91,Veerapandi,"SENTHILKUMAR, J.",MALE,43.0,GENERAL,IND,Pendulum,94,0,94,0.04,260064
Tamil Nadu,91,Veerapandi,"PRABAKARAN, P.",MALE,35.0,GENERAL,VTVTK,Pestle and Mortar,67,2,69,0.03,260064
Tamil Nadu,91,Veerapandi,"VAITHI, M.",MALE,35.0,GENERAL,IND,BOX,62,0,62,0.03,260064
Tamil Nadu,91,Veerapandi,"MANIKANDAN, S.",MALE,33.0,GENERAL,AIJYMKG,Mixee,59,0,59,0.03,260064
Tamil Nadu,91,Veerapandi,"RAMESH, C.",MALE,46.0,GENERAL,IND,Black Board,55,0,55,0.02,260064
Tamil Nadu,92,Rasipuram,MATHIVENTHAN M,MALE,36.0,SC,DMK,Rising Sun,88612,2115,90727,46.08,236580
Tamil Nadu,92,Rasipuram,SAROJA V. Dr,FEMALE,72.0,SC,ADMK,Two Leaves,87851,924,88775,45.09,236580
Tamil Nadu,92,Rasipuram,SILAMBARASI K,FEMALE,34.0,SC,NTK,Ganna Kisan,11140,155,11295,5.74,236580
Tamil Nadu,92,Rasipuram,NOTA,,,,NOTA,NOTA,2088,22,2110,1.07,236580
Tamil Nadu,92,Rasipuram,RAMKUMAR R,MALE,37.0,SC,IJK,Auto- Rickshaw,1119,14,1133,0.58,236580
Tamil Nadu,92,Rasipuram,ANBALAGAN S,MALE,71.0,SC,AMMKMNKZ,Pressure Cooker,1042,9,1051,0.53,236580
Tamil Nadu,92,Rasipuram,MUNIYAPPAN M,MALE,36.0,SC,IND,Gas Cylinder,449,1,450,0.23,236580
Tamil Nadu,92,Rasipuram,VIJAYA K,FEMALE,51.0,SC,BSP,Elephant,346,5,351,0.18,236580
Tamil Nadu,92,Rasipuram,ARULMOZHIDEVAN P,MALE,64.0,SC,TMTHK,DIAMOND,216,1,217,0.11,236580
Tamil Nadu,92,Rasipuram,PALANIVEL S,MALE,63.0,SC,IND,Tractor Chalata Kisan,150,1,151,0.08,236580
Tamil Nadu,92,Rasipuram,CHINNUSAMY P,MALE,66.0,SC,GPI,Lady Finger,146,1,147,0.07,236580
Tamil Nadu,92,Rasipuram,JAYANTHI M,FEMALE,49.0,SC,APoI,Coat,140,2,142,0.07,236580
Tamil Nadu,92,Rasipuram,MADHIYAZHAGAN D,MALE,46.0,SC,IND,Gas Stove,123,0,123,0.06,236580
Tamil Nadu,92,Rasipuram,POONGODI S,FEMALE,43.0,SC,IND,Sewing Machine,88,0,88,0.04,236580
Tamil Nadu,92,Rasipuram,MANIVANNAN A,MALE,29.0,SC,IND,Fountain,81,0,81,0.04,236580
Tamil Nadu,92,Rasipuram,SEERANGAN P,MALE,59.0,SC,IND,SHIP,62,1,63,0.03,236580
Tamil Nadu,93,Senthamangalam,PONNUSAMY K,MALE,69.0,ST,DMK,Rising Sun,89146,1535,90681,45.51,243556
Tamil Nadu,93,Senthamangalam,CHANDRAN S,MALE,55.0,ST,ADMK,Two Leaves,79703,485,80188,40.25,243556
Tamil Nadu,93,Senthamangalam,ROHINI T,FEMALE,31.0,ST,NTK,Ganna Kisan,11534,120,11654,5.85,243556
Tamil Nadu,93,Senthamangalam,CHANDRASEKARAN C,MALE,55.0,ST,IND,Auto- Rickshaw,11328,43,11371,5.71,243556
Tamil Nadu,93,Senthamangalam,NOTA,,,,NOTA,NOTA,2044,14,2058,1.03,243556
Tamil Nadu,93,Senthamangalam,CHANDRAN P,MALE,59.0,ST,AMMKMNKZ,Pressure Cooker,827,4,831,0.42,243556
Tamil Nadu,93,Senthamangalam,RAMASAMY K.V,MALE,62.0,ST,IND,Bat,672,0,672,0.34,243556
Tamil Nadu,93,Senthamangalam,SELVARAJ V,MALE,44.0,ST,IJK,Black Board,428,3,431,0.22,243556
Tamil Nadu,93,Senthamangalam,RAMESH R,MALE,38.0,ST,IND,Water Melon,250,1,251,0.13,243556
Tamil Nadu,93,Senthamangalam,MUTHUSAMY C,MALE,59.0,ST,IND,Television,227,0,227,0.11,243556
Tamil Nadu,93,Senthamangalam,THIYAGARAJAN C,MALE,41.0,ST,IND,Telephone,202,0,202,0.1,243556
Tamil Nadu,93,Senthamangalam,SANKAR P,MALE,30.0,ST,IND,Ring,194,1,195,0.1,243556
Tamil Nadu,93,Senthamangalam,RANCHITH C,MALE,29.0,ST,IND,Gas Cylinder,136,1,137,0.07,243556
Tamil Nadu,93,Senthamangalam,DURAIRAJ S,MALE,38.0,ST,IND,Clip,131,0,131,0.07,243556
Tamil Nadu,93,Senthamangalam,PRASATH S,MALE,31.0,ST,IND,Grapes,116,3,119,0.06,243556
Tamil Nadu,93,Senthamangalam,DINESH C,MALE,27.0,ST,IND,Pineapple,87,0,87,0.04,243556
Tamil Nadu,94,Namakkal,RAMALINGAM P,MALE,55.0,GENERAL,DMK,Rising Sun,103480,3014,106494,51.51,257854
Tamil Nadu,94,Namakkal,BASKAR K.P.P.,MALE,51.0,GENERAL,ADMK,Two Leaves,77043,1590,78633,38.03,257854
Tamil Nadu,94,Namakkal,BASKAR B,MALE,46.0,GENERAL,NTK,Ganna Kisan,10008,114,10122,4.9,257854
Tamil Nadu,94,Namakkal,ADHAM FAROOK S,MALE,31.0,GENERAL,MNM,Battery torch,5530,59,5589,2.7,257854
Tamil Nadu,94,Namakkal,NOTA,,,,NOTA,NOTA,1266,19,1285,0.62,257854
Tamil Nadu,94,Namakkal,SELVI K,FEMALE,49.0,GENERAL,DMDK,Nagara,960,12,972,0.47,257854
Tamil Nadu,94,Namakkal,TAMIZHVANAN K,MALE,62.0,GENERAL,TMTHK,DIAMOND,428,5,433,0.21,257854
Tamil Nadu,94,Namakkal,RAMESH T,MALE,40.0,GENERAL,AHIMSASP,Batsman,307,6,313,0.15,257854
Tamil Nadu,94,Namakkal,ARUL SELVAN,MALE,53.0,SC,IND,Coat,287,4,291,0.14,257854
Tamil Nadu,94,Namakkal,RAMASAMY P,MALE,56.0,GENERAL,BSP,Elephant,254,7,261,0.13,257854
Tamil Nadu,94,Namakkal,CHO V,MALE,49.0,SC,IND,Refrigerator,252,1,253,0.12,257854
Tamil Nadu,94,Namakkal,DEEPAN CHAKKRAVARTHI S,MALE,30.0,GENERAL,IND,Truck,247,2,249,0.12,257854
Tamil Nadu,94,Namakkal,ANBUMANI,MALE,43.0,SC,IND,Wheel Barrow,220,3,223,0.11,257854
Tamil Nadu,94,Namakkal,SELVAKUMAR R,MALE,44.0,SC,IND,School Bag,197,1,198,0.1,257854
Tamil Nadu,94,Namakkal,THIYAGARAJAN R,MALE,32.0,GENERAL,SMKNK,Walking Stick,189,4,193,0.09,257854
Tamil Nadu,94,Namakkal,KANAKARAJ K,MALE,49.0,GENERAL,GPI,Lady Finger,169,6,175,0.08,257854
Tamil Nadu,94,Namakkal,SELVAKUMAR E,MALE,42.0,GENERAL,mauk,Television,144,5,149,0.07,257854
Tamil Nadu,94,Namakkal,SARAVANAN A,MALE,52.0,GENERAL,NPEP,Book,130,2,132,0.06,257854
Tamil Nadu,94,Namakkal,RAMALINGAM K,MALE,65.0,SC,IND,Black Board,114,4,118,0.06,257854
Tamil Nadu,94,Namakkal,MADHESWARAN A.S,MALE,56.0,GENERAL,MIDP,CCTV Camera,113,1,114,0.06,257854
Tamil Nadu,94,Namakkal,SURESH KUMAR L,MALE,51.0,GENERAL,IND,Matchbox,104,3,107,0.05,257854
Tamil Nadu,94,Namakkal,JAYARAMACHANDRAN P,MALE,38.0,SC,IND,COCONUT FARM,100,1,101,0.05,257854
Tamil Nadu,94,Namakkal,MUTHUSAMY S,MALE,44.0,GENERAL,IND,Spanner,84,3,87,0.04,257854
Tamil Nadu,94,Namakkal,JAWAHAR,MALE,57.0,GENERAL,IND,Baby Walker,85,1,86,0.04,257854
Tamil Nadu,94,Namakkal,SIVAKUMAR D,MALE,48.0,GENERAL,APTADMK,Jackfruit,76,2,78,0.04,257854
Tamil Nadu,94,Namakkal,SARAVANAN S,MALE,31.0,GENERAL,NADLMMKLK,Fountain,57,1,58,0.03,257854
Tamil Nadu,94,Namakkal,KUPPUSAMY M,MALE,39.0,SC,IND,COMPUTER,43,2,45,0.02,257854
Tamil Nadu,95,Paramathi-Velur,SEKAR S,MALE,50.0,GENERAL,ADMK,Two Leaves,84593,1441,86034,46.83,221664
Tamil Nadu,95,Paramathi-Velur,MOORTHIY K S,MALE,59.0,GENERAL,DMK,Rising Sun,76062,2310,78372,42.66,221664
Tamil Nadu,95,Paramathi-Velur,UVARANI K,FEMALE,34.0,GENERAL,NTK,Ganna Kisan,11554,130,11684,6.36,221664
Tamil Nadu,95,Paramathi-Velur,NATARAJAN K,MALE,65.0,GENERAL,MNM,Battery torch,1858,24,1882,1.02,221664
Tamil Nadu,95,Paramathi-Velur,SAMINATHAN P P,MALE,56.0,GENERAL,AMMKMNKZ,Pressure Cooker,1321,8,1329,0.72,221664
Tamil Nadu,95,Paramathi-Velur,NOTA,,,,NOTA,NOTA,952,12,964,0.52,221664
Tamil Nadu,95,Paramathi-Velur,RAMAN V,MALE,48.0,SC,BSP,Elephant,495,0,495,0.27,221664
Tamil Nadu,95,Paramathi-Velur,SEKAR R,MALE,50.0,GENERAL,IND,COCONUT FARM,367,1,368,0.2,221664
Tamil Nadu,95,Paramathi-Velur,SUNDARAM N,MALE,50.0,GENERAL,IND,Tea Filter,280,0,280,0.15,221664
Tamil Nadu,95,Paramathi-Velur,SEKAR N,MALE,49.0,GENERAL,IND,Grapes,269,1,270,0.15,221664
Tamil Nadu,95,Paramathi-Velur,DEVANDRAN G,MALE,34.0,SC,IND,Telephone,259,0,259,0.14,221664
Tamil Nadu,95,Paramathi-Velur,PAPATHI R,FEMALE,60.0,SC,IND,DIAMOND,232,0,232,0.13,221664
Tamil Nadu,95,Paramathi-Velur,NALLAPPAN K,MALE,41.0,GENERAL,IND,Gift Pack,219,0,219,0.12,221664
Tamil Nadu,95,Paramathi-Velur,THANGARASU M,MALE,29.0,SC,IND,Capsicum,177,1,178,0.1,221664
Tamil Nadu,95,Paramathi-Velur,SEERANGAN P,MALE,42.0,GENERAL,IND,Television,155,1,156,0.08,221664
Tamil Nadu,95,Paramathi-Velur,SUNDARAM S,MALE,63.0,SC,USIP,Tiller,132,4,136,0.07,221664
Tamil Nadu,95,Paramathi-Velur,MANI K,MALE,49.0,SC,GPI,Lady Finger,128,4,132,0.07,221664
Tamil Nadu,95,Paramathi-Velur,JAYAKUMAR K,MALE,48.0,GENERAL,IND,Cake,112,0,112,0.06,221664
Tamil Nadu,95,Paramathi-Velur,PARTHASARATHY S,MALE,46.0,GENERAL,IND,Bangles,88,0,88,0.05,221664
Tamil Nadu,95,Paramathi-Velur,MOORTHY M,MALE,56.0,GENERAL,IND,Table,86,1,87,0.05,221664
Tamil Nadu,95,Paramathi-Velur,KARTHIKEYAN N,MALE,38.0,GENERAL,IND,Winnower,69,1,70,0.04,221664
Tamil Nadu,95,Paramathi-Velur,SAMYNATHAN G,MALE,26.0,GENERAL,IND,Laptop,67,1,68,0.04,221664
Tamil Nadu,95,Paramathi-Velur,SATHISKUMAR D,MALE,34.0,GENERAL,IND,CUTTING PLIERS,66,1,67,0.04,221664
Tamil Nadu,95,Paramathi-Velur,KUZHANDAIVEL K,MALE,37.0,GENERAL,IND,BENCH,65,0,65,0.04,221664
Tamil Nadu,95,Paramathi-Velur,PERIASAMY R,MALE,51.0,SC,IND,Saw,52,0,52,0.03,221664
Tamil Nadu,95,Paramathi-Velur,PRABHAHARAN M,MALE,31.0,SC,IND,COMPUTER,41,1,42,0.02,221664
Tamil Nadu,95,Paramathi-Velur,BALAJI R,MALE,41.0,GENERAL,IND,Camera,33,2,35,0.02,221664
Tamil Nadu,95,Paramathi-Velur,BALASUBRAMANIAN A,MALE,37.0,GENERAL,IND,Ludo,21,0,21,0.01,221664
Tamil Nadu,96,Tiruchengodu,ESWARAN E R,MALE,60.0,GENERAL,DMK,Rising Sun,79934,1754,81688,44.23,231133
Tamil Nadu,96,Tiruchengodu,SARASWATHI PON,FEMALE,60.0,GENERAL,ADMK,Two Leaves,78010,816,78826,42.69,231133
Tamil Nadu,96,Tiruchengodu,NATARAJAN P,MALE,40.0,GENERAL,NTK,Ganna Kisan,13857,110,13967,7.56,231133
Tamil Nadu,96,Tiruchengodu,JANAGARAJ R,MALE,46.0,GENERAL,MNM,Battery torch,3695,29,3724,2.02,231133
Tamil Nadu,96,Tiruchengodu,NOTA,,,,NOTA,NOTA,1506,12,1518,0.82,231133
Tamil Nadu,96,Tiruchengodu,SHANMUGASUNDARAM T,MALE,38.0,GENERAL,IND,Binoculars,665,1,666,0.36,231133
Tamil Nadu,96,Tiruchengodu,KALAIVANAN A,MALE,66.0,GENERAL,MIDP,CCTV Camera,510,5,515,0.28,231133
Tamil Nadu,96,Tiruchengodu,HEMALATHA R,FEMALE,65.0,GENERAL,AMMKMNKZ,Pressure Cooker,446,3,449,0.24,231133
Tamil Nadu,96,Tiruchengodu,SATHIESHKUMAR C,MALE,28.0,GENERAL,IND,Football Player,391,0,391,0.21,231133
Tamil Nadu,96,Tiruchengodu,BALAMURUGAN C,MALE,31.0,GENERAL,IND,COCONUT FARM,378,1,379,0.21,231133
Tamil Nadu,96,Tiruchengodu,KARTHIKEYAN S,MALE,36.0,GENERAL,IND,HOCKEY and BALL,373,2,375,0.2,231133
Tamil Nadu,96,Tiruchengodu,SENGOTTUVELLU N,MALE,52.0,GENERAL,AHIMSASP,Batsman,353,5,358,0.19,231133
Tamil Nadu,96,Tiruchengodu,ESWARAN M,MALE,49.0,GENERAL,IND,Pen Nib with Seven Rays,325,1,326,0.18,231133
Tamil Nadu,96,Tiruchengodu,CHANDRA R,FEMALE,44.0,GENERAL,IND,Almirah,210,0,210,0.11,231133
Tamil Nadu,96,Tiruchengodu,SIVAKUMAR K,MALE,45.0,GENERAL,TMTHK,DIAMOND,203,1,204,0.11,231133
Tamil Nadu,96,Tiruchengodu,SELVARAMLINGAM,MALE,44.0,GENERAL,IND,Whistle,196,4,200,0.11,231133
Tamil Nadu,96,Tiruchengodu,VELU K,MALE,47.0,GENERAL,IND,Auto- Rickshaw,126,1,127,0.07,231133
Tamil Nadu,96,Tiruchengodu,YUVARAJKUMAR K,MALE,36.0,GENERAL,NKMK,Gas Cylinder,100,0,100,0.05,231133
Tamil Nadu,96,Tiruchengodu,RANJIT R,MALE,32.0,GENERAL,IND,Ring,93,3,96,0.05,231133
Tamil Nadu,96,Tiruchengodu,SARASWATHI M,FEMALE,55.0,GENERAL,IND,Electric Pole,71,5,76,0.04,231133
Tamil Nadu,96,Tiruchengodu,CHINNATHAMBI K,MALE,61.0,SC,RPPRINAT,Helicopter,75,0,75,0.04,231133
Tamil Nadu,96,Tiruchengodu,SELVARAJ K R,MALE,65.0,GENERAL,IND,T.V. Remote,62,0,62,0.03,231133
Tamil Nadu,96,Tiruchengodu,ESWARAN K,MALE,43.0,GENERAL,IND,Ludo,57,4,61,0.03,231133
Tamil Nadu,96,Tiruchengodu,BALAJICHEZHIAN P,MALE,36.0,SC,IND,Scissors,54,0,54,0.03,231133
Tamil Nadu,96,Tiruchengodu,BALAMURUGAN S,MALE,40.0,GENERAL,IND,Saw,52,1,53,0.03,231133
Tamil Nadu,96,Tiruchengodu,ESWARAN A,MALE,58.0,GENERAL,IND,Window,52,0,52,0.03,231133
Tamil Nadu,96,Tiruchengodu,ESWARAN G,MALE,51.0,GENERAL,IND,Frying Pan,48,1,49,0.03,231133
Tamil Nadu,96,Tiruchengodu,SARAVANAN K,MALE,37.0,GENERAL,IND,Hat,43,0,43,0.02,231133
Tamil Nadu,96,Tiruchengodu,SENTHILKUMAR C,MALE,35.0,GENERAL,IND,COMPUTER,24,1,25,0.01,231133
Tamil Nadu,97,Kumarapalayam,THANGAMANI.P,MALE,60.0,GENERAL,ADMK,Two Leaves,100201,599,100800,49.92,254468
Tamil Nadu,97,Kumarapalayam,M.VENKATACHALAM,MALE,52.0,GENERAL,DMK,Rising Sun,68521,633,69154,34.25,254468
Tamil Nadu,97,Kumarapalayam,S.VARUN,MALE,29.0,GENERAL,NTK,Ganna Kisan,13171,69,13240,6.56,254468
Tamil Nadu,97,Kumarapalayam,OMMSHARRAVANA.S,MALE,39.0,GENERAL,IND,DIAMOND,7305,37,7342,3.64,254468
Tamil Nadu,97,Kumarapalayam,K.KAMARAJ,MALE,53.0,GENERAL,MNM,Battery torch,6107,18,6125,3.03,254468
Tamil Nadu,97,Kumarapalayam,NOTA,,,,NOTA,NOTA,1337,5,1342,0.66,254468
Tamil Nadu,97,Kumarapalayam,K.R.SIVASUBIRAMANIYAN,MALE,38.0,GENERAL,DMDK,Nagara,1021,1,1022,0.51,254468
Tamil Nadu,97,Kumarapalayam,P.SENGODAGOUNDAR,MALE,63.0,GENERAL,IND,Batsman,409,2,411,0.2,254468
Tamil Nadu,97,Kumarapalayam,R.KUMARESAN,MALE,46.0,GENERAL,mauk,COCONUT FARM,304,0,304,0.15,254468
Tamil Nadu,97,Kumarapalayam,M.DHANASEKARAN,MALE,46.0,GENERAL,IND,Auto- Rickshaw,252,0,252,0.12,254468
Tamil Nadu,97,Kumarapalayam,SARAVANAN,MALE,42.0,GENERAL,IND,Hat,242,0,242,0.12,254468
Tamil Nadu,97,Kumarapalayam,GOWRISANKARAN,MALE,35.0,GENERAL,IND,Helmet,199,1,200,0.1,254468
Tamil Nadu,97,Kumarapalayam,S.PONGIYANNAN,MALE,53.0,GENERAL,IND,Truck,193,1,194,0.1,254468
Tamil Nadu,97,Kumarapalayam,B.BALAKRISHNAN,MALE,33.0,GENERAL,IND,Saw,188,0,188,0.09,254468
Tamil Nadu,97,Kumarapalayam,KARTHI,MALE,30.0,GENERAL,IND,Pen Nib with Seven Rays,155,0,155,0.08,254468
Tamil Nadu,97,Kumarapalayam,K.SELLAPPAN,MALE,43.0,GENERAL,IND,Matchbox,131,0,131,0.06,254468
Tamil Nadu,97,Kumarapalayam,V.AMIRTHALINGAM,MALE,49.0,GENERAL,IND,Ring,118,1,119,0.06,254468
Tamil Nadu,97,Kumarapalayam,SUBRAMANI.S,MALE,40.0,GENERAL,CPI(ML)(L),Flag with Three Stars,112,1,113,0.06,254468
Tamil Nadu,97,Kumarapalayam,P.VENKATACHALAM,MALE,44.0,GENERAL,IND,Brief Case,100,1,101,0.05,254468
Tamil Nadu,97,Kumarapalayam,K.VENKATACHALAM,MALE,49.0,GENERAL,IND,Gift Pack,77,1,78,0.04,254468
Tamil Nadu,97,Kumarapalayam,M.KATHAVARAYAN,MALE,64.0,GENERAL,IND,Grapes,76,0,76,0.04,254468
Tamil Nadu,97,Kumarapalayam,GOPALAKRISHNAN,MALE,40.0,GENERAL,IND,Gas Cylinder,61,2,63,0.03,254468
Tamil Nadu,97,Kumarapalayam,R.KUMAR,MALE,37.0,GENERAL,APoI,Coat,55,2,57,0.03,254468
Tamil Nadu,97,Kumarapalayam,G.RAJUGANESAN,MALE,34.0,GENERAL,IND,Carrom Board,42,0,42,0.02,254468
Tamil Nadu,97,Kumarapalayam,S.PRABHAKARAN,MALE,36.0,GENERAL,IND,Cauliflower,37,0,37,0.02,254468
Tamil Nadu,97,Kumarapalayam,K.A.VIJAYAN,MALE,43.0,GENERAL,IND,CHESS BOARD,35,0,35,0.02,254468
Tamil Nadu,97,Kumarapalayam,M.YUVARAJ,MALE,38.0,GENERAL,IND,Football,30,0,30,0.01,254468
Tamil Nadu,97,Kumarapalayam,A.VENKATACHALAM,MALE,54.0,GENERAL,IND,Bricks,27,0,27,0.01,254468
Tamil Nadu,97,Kumarapalayam,G.RAGAVENDIRAN,MALE,32.0,GENERAL,IND,Neck Tie,23,0,23,0.01,254468
Tamil Nadu,97,Kumarapalayam,MANIKANDAN,MALE,31.0,GENERAL,IND,Balloon,22,0,22,0.01,254468
Tamil Nadu,98,Erode (East),"THIRUMAHAN EVERAA,E.",MALE,45.0,GENERAL,INC,Hand,66497,803,67300,44.27,228425
Tamil Nadu,98,Erode (East),"YUVARAJA,M.",MALE,40.0,GENERAL,ADMK,Two Leaves,58097,299,58396,38.41,228425
Tamil Nadu,98,Erode (East),"GOMATHI,S.",FEMALE,32.0,GENERAL,NTK,Ganna Kisan,11575,54,11629,7.65,228425
Tamil Nadu,98,Erode (East),"RAJAKUMAR,A.M.R",MALE,47.0,GENERAL,MNM,Battery torch,9966,39,10005,6.58,228425
Tamil Nadu,98,Erode (East),NOTA,,,,NOTA,NOTA,1530,16,1546,1.02,228425
Tamil Nadu,98,Erode (East),"MUTHUKUMARAN,S.A.",MALE,60.0,GENERAL,AMMKMNKZ,Pressure Cooker,1197,7,1204,0.79,228425
Tamil Nadu,98,Erode (East),ARUMUGA AC KANNAN,MALE,57.0,SC,APoI,Coat,373,0,373,0.25,228425
Tamil Nadu,98,Erode (East),"GOVINDARAJ,S.",MALE,34.0,SC,BSP,Elephant,366,6,372,0.24,228425
Tamil Nadu,98,Erode (East),"MEENAKSHI,V.",FEMALE,40.0,GENERAL,IND,DIAMOND,296,3,299,0.2,228425
Tamil Nadu,98,Erode (East),"SHAJAHAN,I.",MALE,45.0,GENERAL,IND,Gas Cylinder,256,0,256,0.17,228425
Tamil Nadu,98,Erode (East),"YUVARAJ,M.",MALE,42.0,GENERAL,IND,Electric Pole,234,1,235,0.15,228425
Tamil Nadu,98,Erode (East),"SHANMUGAVEL,S.",MALE,42.0,GENERAL,MGRMKKT,Auto- Rickshaw,150,1,151,0.1,228425
Tamil Nadu,98,Erode (East),"RAJA,P.",MALE,33.0,GENERAL,MTMK,Balloon,100,2,102,0.07,228425
Tamil Nadu,98,Erode (East),"ANTONY PETER,L.",MALE,49.0,GENERAL,IND,Scissors,95,1,96,0.06,228425
Tamil Nadu,98,Erode (East),"MINNAL MURUGESH,R.",MALE,53.0,GENERAL,IND,Television,72,1,73,0.05,228425
Tamil Nadu,99,Erode (West),Muthusamy S,MALE,71.0,GENERAL,DMK,Rising Sun,99032,1725,100757,49.01,293099
Tamil Nadu,99,Erode (West),Ramalingam K V,MALE,64.0,GENERAL,ADMK,Two Leaves,78200,468,78668,38.27,293099
Tamil Nadu,99,Erode (West),Chandra kumar P,MALE,41.0,GENERAL,NTK,Ganna Kisan,13297,56,13353,6.5,293099
Tamil Nadu,99,Erode (West),Durai Sevugan,MALE,41.0,GENERAL,MNM,Battery torch,8068,39,8107,3.94,293099
Tamil Nadu,99,Erode (West),NOTA,,,,NOTA,NOTA,1954,14,1968,0.96,293099
Tamil Nadu,99,Erode (West),Sivasubramaniyan S,MALE,50.0,GENERAL,AMMKMNKZ,Pressure Cooker,728,2,730,0.36,293099
Tamil Nadu,99,Erode (West),Dhanalakshmi A,FEMALE,65.0,GENERAL,BSP,Elephant,568,0,568,0.28,293099
Tamil Nadu,99,Erode (West),Vimala M,FEMALE,35.0,GENERAL,IND,Telephone,432,2,434,0.21,293099
Tamil Nadu,99,Erode (West),Muthusamy A,MALE,52.0,GENERAL,IND,Auto- Rickshaw,189,0,189,0.09,293099
Tamil Nadu,99,Erode (West),VENGATESAN A,MALE,43.0,GENERAL,IND,Grapes,177,2,179,0.09,293099
Tamil Nadu,99,Erode (West),Kalithass R,MALE,46.0,GENERAL,IND,DIAMOND,166,3,169,0.08,293099
Tamil Nadu,99,Erode (West),Chandran M,MALE,32.0,SC,APoI,Coat,113,0,113,0.05,293099
Tamil Nadu,99,Erode (West),Thangavel G,MALE,48.0,SC,USIP,Tiller,106,3,109,0.05,293099
Tamil Nadu,99,Erode (West),Madhan K,MALE,55.0,SC,GPI,Lady Finger,108,0,108,0.05,293099
Tamil Nadu,99,Erode (West),Iyyavu R,MALE,61.0,GENERAL,IND,Electric Pole,71,2,73,0.04,293099
Tamil Nadu,99,Erode (West),Balasubramaniam K,MALE,55.0,SC,IDMMK,Hat,54,0,54,0.03,293099
Tamil Nadu,100,Modakkurichi,SARASWATHI.C,FEMALE,76.0,GENERAL,BJP,Lotus,77653,472,78125,42.96,238932
Tamil Nadu,100,Modakkurichi,SUBBULAKSHMI JEGADEESAN,FEMALE,73.0,GENERAL,DMK,Rising Sun,76409,1435,77844,42.81,238932
Tamil Nadu,100,Modakkurichi,PRAKASH.G,MALE,33.0,GENERAL,NTK,Ganna Kisan,12871,73,12944,7.12,238932
Tamil Nadu,100,Modakkurichi,RAJESHKUMAR.M,MALE,39.0,GENERAL,MNM,Battery torch,4555,19,4574,2.52,238932
Tamil Nadu,100,Modakkurichi,NOTA,,,,NOTA,NOTA,2332,10,2342,1.29,238932
Tamil Nadu,100,Modakkurichi,THANGARAJ.D,MALE,45.0,GENERAL,AMMKMNKZ,Pressure Cooker,1539,8,1547,0.85,238932
Tamil Nadu,100,Modakkurichi,BOOPATHI.R,MALE,28.0,SC,BSP,Elephant,1136,7,1143,0.63,238932
Tamil Nadu,100,Modakkurichi,SAMI KANDHASAMY,MALE,55.0,GENERAL,IND,DIAMOND,881,1,882,0.48,238932
Tamil Nadu,100,Modakkurichi,VIJAYAKUMAR.M,MALE,38.0,GENERAL,IND,Pot,562,7,569,0.31,238932
Tamil Nadu,100,Modakkurichi,MAYILSAMY.P,MALE,42.0,SC,IND,Helicopter,335,0,335,0.18,238932
Tamil Nadu,100,Modakkurichi,MANICKAM.R,MALE,52.0,SC,GPI,Lady Finger,326,1,327,0.18,238932
Tamil Nadu,100,Modakkurichi,GOVANAM THANGAVEL.K.S,MALE,62.0,GENERAL,IND,COCONUT FARM,300,1,301,0.17,238932
Tamil Nadu,100,Modakkurichi,MAHESWARAN .A,MALE,43.0,GENERAL,MIDP,CCTV Camera,288,7,295,0.16,238932
Tamil Nadu,100,Modakkurichi,BHARATHI.L,FEMALE,46.0,GENERAL,IND,Pineapple,273,2,275,0.15,238932
Tamil Nadu,100,Modakkurichi,RAMESH.M,MALE,41.0,GENERAL,NKMK,Gas Cylinder,230,5,235,0.13,238932
Tamil Nadu,100,Modakkurichi,MANI.P,MALE,57.0,SC,IDMMK,Hat,119,0,119,0.07,238932
Tamil Nadu,101,Dharapuram,KAYALVIZHI N,FEMALE,52.0,SC,DMK,Rising Sun,88471,1515,89986,46.39,258581
Tamil Nadu,101,Dharapuram,MURUGAN L,MALE,43.0,SC,BJP,Lotus,87964,629,88593,45.67,258581
Tamil Nadu,101,Dharapuram,RANJITHA K,FEMALE,26.0,SC,NTK,Ganna Kisan,6691,62,6753,3.48,258581
Tamil Nadu,101,Dharapuram,CHARLI A,MALE,39.0,SC,MNM,Battery Torch,2114,16,2130,1.1,258581
Tamil Nadu,101,Dharapuram,NOTA,,,,NOTA,NOTA,1881,22,1903,0.98,258581
Tamil Nadu,101,Dharapuram,KALARANI C,FEMALE,58.0,SC,AMMKMNKZ,Pressure Cooker,1166,6,1172,0.6,258581
Tamil Nadu,101,Dharapuram,KAYALVIZHI K,FEMALE,42.0,SC,IND,Pen Nib with Seven Rays,887,5,892,0.46,258581
Tamil Nadu,101,Dharapuram,MURUGAN A,MALE,35.0,SC,IND,Cauliflower,824,2,826,0.43,258581
Tamil Nadu,101,Dharapuram,RANGASAMY S,MALE,35.0,SC,BSP,Elephant,638,2,640,0.33,258581
Tamil Nadu,101,Dharapuram,SELVARAJ V,MALE,51.0,SC,IND,BOX,233,0,233,0.12,258581
Tamil Nadu,101,Dharapuram,MUNIYAPPAN A,MALE,32.0,SC,APTADMK,Jackfruit,220,0,220,0.11,258581
Tamil Nadu,101,Dharapuram,KAYALVIZHI P,FEMALE,27.0,SC,IND,Swing,201,1,202,0.1,258581
Tamil Nadu,101,Dharapuram,KARTHIKEYAN A,MALE,26.0,SC,IND,Clip,157,1,158,0.08,258581
Tamil Nadu,101,Dharapuram,ANANTHI S,FEMALE,36.0,SC,IND,HOCKEY and BALL,152,5,157,0.08,258581
Tamil Nadu,101,Dharapuram,CHIDAMBHARAM V,MALE,59.0,SC,IDMMK,Ring,123,3,126,0.06,258581
Tamil Nadu,102,Kangayam,SAMINATHAN.M.P,MALE,57.0,GENERAL,DMK,Rising Sun,93178,1019,94197,47.14,257190
Tamil Nadu,102,Kangayam,RAMALINGAM.A.S,MALE,49.0,GENERAL,ADMK,Two Leaves,86477,389,86866,43.47,257190
Tamil Nadu,102,Kangayam,SIVANANTHAM.K,MALE,33.0,GENERAL,NTK,Ganna Kisan,11248,59,11307,5.66,257190
Tamil Nadu,102,Kangayam,APPASAMY.R,MALE,57.0,GENERAL,IND,Battery torch,2317,10,2327,1.16,257190
Tamil Nadu,102,Kangayam,NOTA,,,,NOTA,NOTA,1020,7,1027,0.51,257190
Tamil Nadu,102,Kangayam,RAMESH.C,MALE,42.0,GENERAL,AMMKMNKZ,Pressure Cooker,474,0,474,0.24,257190
Tamil Nadu,102,Kangayam,IMMANUVEL.R,MALE,35.0,GENERAL,IND,Telephone,434,1,435,0.22,257190
Tamil Nadu,102,Kangayam,AYYAVU.N,MALE,56.0,SC,BSP,Elephant,421,0,421,0.21,257190
Tamil Nadu,102,Kangayam,MANIKANDAN.R,MALE,51.0,GENERAL,IND,Gas Cylinder,330,0,330,0.17,257190
Tamil Nadu,102,Kangayam,NITHIYANDHAN.C,MALE,36.0,GENERAL,IND,Tractor Chalata Kisan,285,0,285,0.14,257190
Tamil Nadu,102,Kangayam,NALLAMUTHU.P,MALE,69.0,SC,IND,Gift Pack,276,0,276,0.14,257190
Tamil Nadu,102,Kangayam,MANI.A,MALE,53.0,GENERAL,IND,Laptop,273,0,273,0.14,257190
Tamil Nadu,102,Kangayam,GOPINATH.P,MALE,29.0,GENERAL,IND,COCONUT FARM,247,0,247,0.12,257190
Tamil Nadu,102,Kangayam,SELVAKUMAR.K,MALE,26.0,GENERAL,IND,Pot,225,0,225,0.11,257190
Tamil Nadu,102,Kangayam,MANOHARAN.S,MALE,53.0,GENERAL,APTADMK,Jackfruit,134,0,134,0.07,257190
Tamil Nadu,102,Kangayam,SUBRAMANIAN.D,MALE,53.0,GENERAL,IND,Diesel Pump,123,1,124,0.06,257190
Tamil Nadu,102,Kangayam,PRABHAKARAN.G,MALE,31.0,GENERAL,IND,Batsman,113,0,113,0.06,257190
Tamil Nadu,102,Kangayam,SATHYAMOORTHI.S,MALE,34.0,GENERAL,IND,COMPUTER,106,1,107,0.05,257190
Tamil Nadu,102,Kangayam,RAVIKUMAR.R,MALE,28.0,GENERAL,IND,Television,98,2,100,0.05,257190
Tamil Nadu,102,Kangayam,RAJENDRAN.B,MALE,64.0,GENERAL,IND,CHAIN,94,1,95,0.05,257190
Tamil Nadu,102,Kangayam,JAHANGEER.K.O.,MALE,70.0,GENERAL,IND,Whistle,88,1,89,0.04,257190
Tamil Nadu,102,Kangayam,JOTHI KALIMUTHU.G,MALE,29.0,GENERAL,IND,Water Tank,84,0,84,0.04,257190
Tamil Nadu,102,Kangayam,VADUGANATHAN.K.K.,MALE,54.0,GENERAL,IND,Electric Pole,83,0,83,0.04,257190
Tamil Nadu,102,Kangayam,SATHISH KUMAR.P,MALE,37.0,GENERAL,IND,Auto- Rickshaw,60,2,62,0.03,257190
Tamil Nadu,102,Kangayam,SUKUMARAN.N,MALE,64.0,GENERAL,IND,BENCH,59,0,59,0.03,257190
Tamil Nadu,102,Kangayam,RAJENDRAN.P,MALE,61.0,GENERAL,IND,Cauliflower,40,0,40,0.02,257190
Tamil Nadu,102,Kangayam,RAMALINGAM.N,MALE,57.0,GENERAL,IND,Ring,38,0,38,0.02,257190
Tamil Nadu,103,Perundurai,"JAYAKUMAR, S.",MALE,41.0,GENERAL,ADMK,Two Leaves,84532,593,85125,44.84,227887
Tamil Nadu,103,Perundurai,KKC BALU,MALE,59.0,GENERAL,DMK,Rising Sun,69569,1049,70618,37.2,227887
Tamil Nadu,103,Perundurai,"LOGANATHAN, C.",MALE,44.0,GENERAL,NTK,Ganna Kisan,10243,51,10294,5.42,227887
Tamil Nadu,103,Perundurai,THOPPU VENKATACHALAM (A) N.D .VENKATACHALAM,MALE,56.0,GENERAL,IND,COCONUT FARM,9815,80,9895,5.21,227887
Tamil Nadu,103,Perundurai,"NANDHAKUMAR, C. K.",MALE,42.0,GENERAL,MNM,Battery torch,3506,27,3533,1.86,227887
Tamil Nadu,103,Perundurai,SHANKARSAMY,MALE,54.0,GENERAL,IND,Cot,3328,8,3336,1.76,227887
Tamil Nadu,103,Perundurai,"THAMBI, M.",MALE,43.0,SC,BSP,Elephant,1612,8,1620,0.85,227887
Tamil Nadu,103,Perundurai,NOTA,,,,NOTA,NOTA,1179,10,1189,0.63,227887
Tamil Nadu,103,Perundurai,"KULANDAIVEL, P. R.",MALE,45.0,GENERAL,DMDK,Nagara,857,1,858,0.45,227887
Tamil Nadu,103,Perundurai,"SATHISHKUMAR, N.",MALE,35.0,GENERAL,IND,Helmet,799,0,799,0.42,227887
Tamil Nadu,103,Perundurai,"DHAKSHINAMURTHI, K. S.",MALE,47.0,GENERAL,DMSK,Football,617,1,618,0.33,227887
Tamil Nadu,103,Perundurai,"SAMPATH KUMAR, K.",MALE,38.0,GENERAL,IND,Whistle,245,0,245,0.13,227887
Tamil Nadu,103,Perundurai,"VENKADACHALAM, P. R.",MALE,62.0,GENERAL,IND,Lady Finger,219,2,221,0.12,227887
Tamil Nadu,103,Perundurai,"GOPALAKRISHNAN, J.",MALE,31.0,GENERAL,IND,COMPUTER,182,0,182,0.1,227887
Tamil Nadu,103,Perundurai,"DEVENDARAMANICKAM, S. R.",MALE,62.0,GENERAL,IND,Tractor Chalata Kisan,176,4,180,0.09,227887
Tamil Nadu,103,Perundurai,"KARTHI, M.",MALE,25.0,GENERAL,IND,Tiller,169,0,169,0.09,227887
Tamil Nadu,103,Perundurai,"BALAMURUGAN, M.",MALE,26.0,GENERAL,IND,Bat,129,0,129,0.07,227887
Tamil Nadu,103,Perundurai,"BALASUBRAMANI, V. M.",MALE,63.0,GENERAL,IND,Hat,128,0,128,0.07,227887
Tamil Nadu,103,Perundurai,"VELUSAMY, P.",MALE,62.0,GENERAL,APTADMK,Jackfruit,107,0,107,0.06,227887
Tamil Nadu,103,Perundurai,"JOTHIMURUGAN, P.",MALE,39.0,GENERAL,IND,Auto- Rickshaw,106,0,106,0.06,227887
Tamil Nadu,103,Perundurai,"PRABAKARAN, D.",MALE,46.0,SC,AIJYMKG,Mixee,102,0,102,0.05,227887
Tamil Nadu,103,Perundurai,"RAMESH, M.",MALE,41.0,GENERAL,NKMK,Gas Cylinder,89,1,90,0.05,227887
Tamil Nadu,103,Perundurai,"MYILSAMY, M.",MALE,33.0,GENERAL,IND,Telephone,85,1,86,0.05,227887
Tamil Nadu,103,Perundurai,"KRISHNAN, S.",MALE,45.0,GENERAL,IND,Lighter,79,0,79,0.04,227887
Tamil Nadu,103,Perundurai,"JEEVA, N.",MALE,29.0,GENERAL,IND,Pot,74,0,74,0.04,227887
Tamil Nadu,103,Perundurai,"VENKATACHALAM, K.",MALE,48.0,GENERAL,IND,Water Tank,59,1,60,0.03,227887
Tamil Nadu,104,Bhavani,KARUPPANAN.K.C,MALE,64.0,GENERAL,ADMK,Two Leaves,100285,630,100915,50.11,238721
Tamil Nadu,104,Bhavani,DURAIRAJ.K.P,MALE,53.0,GENERAL,DMK,Rising Sun,77079,1313,78392,38.93,238721
Tamil Nadu,104,Bhavani,SATHYA.M,FEMALE,38.0,GENERAL,NTK,Ganna Kisan,10410,61,10471,5.2,238721
Tamil Nadu,104,Bhavani,SADHANANDHAM.K,MALE,52.0,GENERAL,MNM,Battery torch,4186,35,4221,2.1,238721
Tamil Nadu,104,Bhavani,NOTA,,,,NOTA,NOTA,2070,9,2079,1.03,238721
Tamil Nadu,104,Bhavani,SATHEESH KUMAR.P,MALE,42.0,GENERAL,IND,Auto- Rickshaw,1221,3,1224,0.61,238721
Tamil Nadu,104,Bhavani,RADHAKRISHNAN.M,MALE,54.0,GENERAL,AMMKMNKZ,Pressure Cooker,953,3,956,0.47,238721
Tamil Nadu,104,Bhavani,AMMASAI.K,MALE,44.0,GENERAL,KDMMK,Matchbox,936,7,943,0.47,238721
Tamil Nadu,104,Bhavani,GOPAL.M,MALE,32.0,SC,BSP,Elephant,868,2,870,0.43,238721
Tamil Nadu,104,Bhavani,PERUMAL.V.M,MALE,67.0,SC,IND,Gas Cylinder,419,0,419,0.21,238721
Tamil Nadu,104,Bhavani,JANARTHANAM.R.P,MALE,44.0,GENERAL,TMTHK,DIAMOND,320,2,322,0.16,238721
Tamil Nadu,104,Bhavani,STANLEY.G,MALE,47.0,GENERAL,IND,Door Bell,244,1,245,0.12,238721
Tamil Nadu,104,Bhavani,KARTHIKEYAN.P,MALE,40.0,GENERAL,IND,Football,121,1,122,0.06,238721
Tamil Nadu,104,Bhavani,ABDUL KADHER.A,MALE,38.0,GENERAL,IND,Door Handle,107,0,107,0.05,238721
Tamil Nadu,104,Bhavani,APPICHI.T.K,MALE,44.0,SC,IND,Hat,99,0,99,0.05,238721
Tamil Nadu,105,Anthiyur,VENKATACHALAM.A.G,MALE,61.0,GENERAL,DMK,Rising Sun,78038,1058,79096,44.84,219615
Tamil Nadu,105,Anthiyur,SHANMUGAVEL.K.S,MALE,62.0,GENERAL,ADMK,Two Leaves,77474,347,77821,44.12,219615
Tamil Nadu,105,Anthiyur,SARAVANAN.M,MALE,42.0,GENERAL,NTK,Ganna Kisan,8162,68,8230,4.67,219615
Tamil Nadu,105,Anthiyur,GURUNATHAN.M,MALE,46.0,GENERAL,MNM,Battery torch,2466,8,2474,1.4,219615
Tamil Nadu,105,Anthiyur,PRATHABAN.A,MALE,44.0,GENERAL,AHIMSASP,Batsman,2035,10,2045,1.16,219615
Tamil Nadu,105,Anthiyur,SELVAM.S.R,MALE,67.0,GENERAL,AMMKMNKZ,Pressure Cooker,1207,5,1212,0.69,219615
Tamil Nadu,105,Anthiyur,NOTA,,,,NOTA,NOTA,1017,10,1027,0.58,219615
Tamil Nadu,105,Anthiyur,PATTAN.G,MALE,42.0,GENERAL,BSP,Elephant,956,1,957,0.54,219615
Tamil Nadu,105,Anthiyur,POORNACHANDRAN.S,MALE,37.0,GENERAL,IND,Bat,567,0,567,0.32,219615
Tamil Nadu,105,Anthiyur,THANGAVEL.M,MALE,42.0,GENERAL,IND,Auto- Rickshaw,543,0,543,0.31,219615
Tamil Nadu,105,Anthiyur,SHANMUGAM.K,MALE,64.0,GENERAL,IND,COCONUT FARM,503,0,503,0.29,219615
Tamil Nadu,105,Anthiyur,MUTHUSAMY.M,MALE,35.0,GENERAL,IND,Electric Pole,428,0,428,0.24,219615
Tamil Nadu,105,Anthiyur,RAJENDRAN.K,MALE,55.0,SC,GPI,Lady Finger,229,0,229,0.13,219615
Tamil Nadu,105,Anthiyur,KUMARASAMY.R,MALE,47.0,GENERAL,IND,Laptop,224,1,225,0.13,219615
Tamil Nadu,105,Anthiyur,ANBALAGAN.K,MALE,38.0,GENERAL,IND,Football,198,1,199,0.11,219615
Tamil Nadu,105,Anthiyur,SENGUTTUVAN.M.R,MALE,66.0,GENERAL,IND,Gas Cylinder,183,1,184,0.1,219615
Tamil Nadu,105,Anthiyur,GEETHA.M,FEMALE,47.0,GENERAL,IND,Bangles,151,1,152,0.09,219615
Tamil Nadu,105,Anthiyur,PERIYASAMY.T,MALE,44.0,GENERAL,IND,Television,146,1,147,0.08,219615
Tamil Nadu,105,Anthiyur,KARTHIKEYAN.R,MALE,37.0,GENERAL,IND,Pineapple,130,2,132,0.07,219615
Tamil Nadu,105,Anthiyur,SHEIKDAVOOD.A.M,MALE,58.0,GENERAL,IND,Sofa,110,1,111,0.06,219615
Tamil Nadu,105,Anthiyur,BAKKIYAM.M,FEMALE,45.0,GENERAL,IDMMK,Jackfruit,103,0,103,0.06,219615
Tamil Nadu,106,Gobichettipalayam,SENGOTTAIYAN K.A,MALE,73.0,GENERAL,ADMK,Two Leaves,107571,1037,108608,50.68,256363
Tamil Nadu,106,Gobichettipalayam,MANIMARAN G.V,MALE,54.0,GENERAL,DMK,Rising Sun,78488,1557,80045,37.36,256363
Tamil Nadu,106,Gobichettipalayam,SEETHALAKSHMI M.K,FEMALE,45.0,GENERAL,NTK,Ganna Kisan,11661,58,11719,5.47,256363
Tamil Nadu,106,Gobichettipalayam,PRAKASH N.K,MALE,44.0,GENERAL,MNM,Battery torch,4258,33,4291,2.0,256363
Tamil Nadu,106,Gobichettipalayam,THULASIMANI N.K,FEMALE,44.0,GENERAL,AMMKMNKZ,Pressure Cooker,2653,29,2682,1.25,256363
Tamil Nadu,106,Gobichettipalayam,NOTA,,,,NOTA,NOTA,1295,12,1307,0.61,256363
Tamil Nadu,106,Gobichettipalayam,PALANISAMY P,MALE,48.0,SC,BSP,Elephant,1027,7,1034,0.48,256363
Tamil Nadu,106,Gobichettipalayam,MOHANRAJ K,MALE,26.0,SC,IND,Pen Stand,789,0,789,0.37,256363
Tamil Nadu,106,Gobichettipalayam,RAKKIMUTHU RANGANADAR R,MALE,60.0,GENERAL,IND,Diesel Pump,611,0,611,0.29,256363
Tamil Nadu,106,Gobichettipalayam,SRIDEVI R,FEMALE,39.0,GENERAL,IND,COCONUT FARM,473,3,476,0.22,256363
Tamil Nadu,106,Gobichettipalayam,PALANISAMYRAAJ M,MALE,67.0,GENERAL,IND,Pen Nib with Seven Rays,426,4,430,0.2,256363
Tamil Nadu,106,Gobichettipalayam,BOOPATHIRAJA A.N,MALE,40.0,GENERAL,IND,Jackfruit,418,0,418,0.2,256363
Tamil Nadu,106,Gobichettipalayam,SAKTHIVEL G,MALE,46.0,SC,IDMMK,Hat,412,3,415,0.19,256363
Tamil Nadu,106,Gobichettipalayam,DHANABAL K,MALE,35.0,GENERAL,IND,Bat,310,1,311,0.15,256363
Tamil Nadu,106,Gobichettipalayam,DEVARAJ N,MALE,44.0,GENERAL,IND,Pot,305,2,307,0.14,256363
Tamil Nadu,106,Gobichettipalayam,MUTHUMANI P,MALE,70.0,GENERAL,IND,Tractor Chalata Kisan,296,0,296,0.14,256363
Tamil Nadu,106,Gobichettipalayam,JUNAYATH M,MALE,40.0,GENERAL,IND,DIAMOND,178,0,178,0.08,256363
Tamil Nadu,106,Gobichettipalayam,SANKARKUMAR K.A,MALE,35.0,GENERAL,IND,Pineapple,157,0,157,0.07,256363
Tamil Nadu,106,Gobichettipalayam,KUMAR D,MALE,38.0,GENERAL,IND,Ring,128,2,130,0.06,256363
Tamil Nadu,106,Gobichettipalayam,SELVAKKUMAR S,MALE,39.0,SC,IND,Table,77,0,77,0.04,256363
Tamil Nadu,107,Bhavanisagar,A.Bannari,MALE,41.0,SC,ADMK,Two Leaves,98934,247,99181,49.45,260249
Tamil Nadu,107,Bhavanisagar,P.L SUNDARAM,MALE,52.0,SC,CPI,Ears of Corn And Sickle,82200,973,83173,41.47,260249
Tamil Nadu,107,Bhavanisagar,V.SANGEETHA,FEMALE,33.0,SC,NTK,Ganna Kisan,8479,38,8517,4.25,260249
Tamil Nadu,107,Bhavanisagar,KARTHIKKUMAR.K,MALE,36.0,SC,MNM,Battery torch,4280,17,4297,2.14,260249
Tamil Nadu,107,Bhavanisagar,RAMESH.G,MALE,51.0,SC,DMDK,Nagara,2193,4,2197,1.1,260249
Tamil Nadu,107,Bhavanisagar,NOTA,,,,NOTA,NOTA,2003,2,2005,1.0,260249
Tamil Nadu,107,Bhavanisagar,G.SAKTHIVEL,MALE,39.0,SC,BSP,Elephant,1194,3,1197,0.6,260249
Tamil Nadu,108,Udhagamandalam,"GANESH, R.",MALE,58.0,GENERAL,INC,Hand,64148,1382,65530,46.44,206039
Tamil Nadu,108,Udhagamandalam,"BHOJARAJAN, M.",MALE,74.0,GENERAL,BJP,Lotus,59553,629,60182,42.65,206039
Tamil Nadu,108,Udhagamandalam,"JAYAKUMAR, A.",MALE,41.0,SC,NTK,Ganna Kisan,6316,65,6381,4.52,206039
Tamil Nadu,108,Udhagamandalam,"Dr.SURESH BABU, S.",MALE,59.0,GENERAL,MNM,Battery torch,4859,76,4935,3.5,206039
Tamil Nadu,108,Udhagamandalam,NOTA,,,,NOTA,NOTA,1357,19,1376,0.98,206039
Tamil Nadu,108,Udhagamandalam,"LAKSHMANAN, T.",MALE,68.0,GENERAL,AMMKMNKZ,Pressure Cooker,1250,23,1273,0.9,206039
Tamil Nadu,108,Udhagamandalam,"AROKIYANATHAN, B.",MALE,57.0,GENERAL,IND,DIAMOND,514,0,514,0.36,206039
Tamil Nadu,108,Udhagamandalam,"VINOTHKUMAR, M.A.",MALE,40.0,SC,IND,Gas Cylinder,425,6,431,0.31,206039
Tamil Nadu,108,Udhagamandalam,"KRISHNAMURTHI, B.",MALE,52.0,GENERAL,IND,Bat,249,6,255,0.18,206039
Tamil Nadu,108,Udhagamandalam,"A. SARDAR BABU, B.COM.",MALE,50.0,GENERAL,IND,Glass Tumbler,223,2,225,0.16,206039
Tamil Nadu,109,Gudalur,PON.JAYASEELAN,MALE,48.0,SC,ADMK,Two Leaves,63810,686,64496,46.65,189221
Tamil Nadu,109,Gudalur,"KASILINGAM, S.",MALE,58.0,SC,DMK,Rising Sun,61564,987,62551,45.24,189221
Tamil Nadu,109,Gudalur,"KETHEESWARAN, R.",MALE,41.0,SC,NTK,Ganna Kisan,7252,65,7317,5.29,189221
Tamil Nadu,109,Gudalur,"YOGESWARAN, A.",MALE,53.0,SC,DMDK,Nagara,1160,13,1173,0.85,189221
Tamil Nadu,109,Gudalur,NOTA,,,,NOTA,NOTA,1003,14,1017,0.74,189221
Tamil Nadu,109,Gudalur,"BABU, J.",MALE,44.0,SC,MNM,Battery torch,950,10,960,0.69,189221
Tamil Nadu,109,Gudalur,"SARAVANAN, M.",MALE,55.0,SC,IND,Truck,417,4,421,0.3,189221
Tamil Nadu,109,Gudalur,"JAYAPRAKASH, P.",MALE,53.0,SC,TMTHK,DIAMOND,321,1,322,0.23,189221
Tamil Nadu,110,Coonoor,"Ramachandran, K.",MALE,69.0,GENERAL,DMK,Rising Sun,60471,1349,61820,45.49,192118
Tamil Nadu,110,Coonoor,"Vinoth, D.",MALE,38.0,GENERAL,ADMK,Two Leaves,57254,461,57715,42.47,192118
Tamil Nadu,110,Coonoor,"Lavanya, M.",FEMALE,28.0,GENERAL,NTK,Ganna Kisan,7182,70,7252,5.34,192118
Tamil Nadu,110,Coonoor,"Rajakumar, H.B.",MALE,55.0,GENERAL,MNM,Battery Torch,3587,34,3621,2.66,192118
Tamil Nadu,110,Coonoor,"Kalaiselvan, S.",MALE,51.0,GENERAL,AMMKMNKZ,Pressure Cooker,2499,28,2527,1.86,192118
Tamil Nadu,110,Coonoor,NOTA,,,,NOTA,NOTA,1177,11,1188,0.87,192118
Tamil Nadu,110,Coonoor,"Jayaprakash, D",MALE,39.0,GENERAL,IND,DIAMOND,509,4,513,0.38,192118
Tamil Nadu,110,Coonoor,"Arumugam, R.",MALE,63.0,GENERAL,AMPK,Glass Tumbler,435,4,439,0.32,192118
Tamil Nadu,110,Coonoor,"Prabhu Inbadass, S.",MALE,39.0,GENERAL,AITC,Flowers and Grass,399,5,404,0.3,192118
Tamil Nadu,110,Coonoor,"Basha, A.",MALE,58.0,GENERAL,IND,Gas Cylinder,313,7,320,0.24,192118
Tamil Nadu,110,Coonoor,"Chandran, K.",MALE,50.0,GENERAL,IND,Pot,107,2,109,0.08,192118
Tamil Nadu,111,Mettuppalayam,SELVARAJ A K,MALE,62.0,GENERAL,ADMK,Two Leaves,104632,599,105231,46.75,296937
Tamil Nadu,111,Mettuppalayam,SHANMUGASUNDARAM T R,MALE,59.0,GENERAL,DMK,Rising Sun,101451,1324,102775,45.66,296937
Tamil Nadu,111,Mettuppalayam,YASMIN K,FEMALE,40.0,GENERAL,NTK,Ganna Kisan,10900,54,10954,4.87,296937
Tamil Nadu,111,Mettuppalayam,NOTA,,,,NOTA,NOTA,2701,32,2733,1.21,296937
Tamil Nadu,111,Mettuppalayam,SARAVANAN P,MALE,51.0,GENERAL,AMMKMNKZ,Pressure Cooker,1856,8,1864,0.83,296937
Tamil Nadu,111,Mettuppalayam,SRINIVASAN S,MALE,47.0,GENERAL,IND,Triangle,653,7,660,0.29,296937
Tamil Nadu,111,Mettuppalayam,MAHESHWARAN K,MALE,47.0,GENERAL,VTVTK,Pestle and Mortar,274,0,274,0.12,296937
Tamil Nadu,111,Mettuppalayam,SHANMUGASUNDARAM P,MALE,38.0,GENERAL,IND,Grapes,184,0,184,0.08,296937
Tamil Nadu,111,Mettuppalayam,LIAKATHALI O,MALE,46.0,GENERAL,IND,Stethoscope,182,1,183,0.08,296937
Tamil Nadu,111,Mettuppalayam,SHANMUGASUNDARAM K,MALE,46.0,GENERAL,IND,Cauliflower,115,0,115,0.05,296937
Tamil Nadu,111,Mettuppalayam,MARIAPPAN T,MALE,55.0,GENERAL,IND,Brief Case,110,0,110,0.05,296937
Tamil Nadu,112,Avanashi,"DHANAPAL, P",MALE,69.0,SC,ADMK,Two Leaves,116674,610,117284,55.16,280560
Tamil Nadu,112,Avanashi,ATHIYAMAAN RAJU,MALE,68.0,SC,DMK,Rising Sun,65453,929,66382,31.22,280560
Tamil Nadu,112,Avanashi,SHOBA,FEMALE,36.0,SC,NTK,Ganna Kisan,13211,45,13256,6.23,280560
Tamil Nadu,112,Avanashi,"VENKATESWARAN, A",MALE,50.0,SC,MNM,Battery Torch,8318,61,8379,3.94,280560
Tamil Nadu,112,Avanashi,"MEERA, K",FEMALE,28.0,SC,DMDK,Nagara,2554,23,2577,1.21,280560
Tamil Nadu,112,Avanashi,NOTA,,,,NOTA,NOTA,2352,20,2372,1.12,280560
Tamil Nadu,112,Avanashi,"DURAISAMY, P",MALE,54.0,SC,BSP,Elephant,831,2,833,0.39,280560
Tamil Nadu,112,Avanashi,"RANGASAMY, P",MALE,42.0,SC,IND,Electric Pole,520,0,520,0.24,280560
Tamil Nadu,112,Avanashi,"MURUGESAN, R",MALE,54.0,SC,IND,DIAMOND,379,0,379,0.18,280560
Tamil Nadu,112,Avanashi,"SAKUNTHALA, T",FEMALE,35.0,SC,IND,Pot,178,1,179,0.08,280560
Tamil Nadu,112,Avanashi,"ARUMUGAM, P",MALE,45.0,SC,IND,Auto- Rickshaw,171,2,173,0.08,280560
Tamil Nadu,112,Avanashi,ANNAMALAI,MALE,40.0,SC,IND,Helmet,150,4,154,0.07,280560
Tamil Nadu,112,Avanashi,"SUBRAMANI, K",MALE,62.0,SC,IDMMK,Ring,137,2,139,0.07,280560
Tamil Nadu,113,Tiruppur (North),VIJEYAKUMAR.K.N,MALE,64.0,GENERAL,ADMK,Two Leaves,113119,265,113384,47.62,379139
Tamil Nadu,113,Tiruppur (North),RAVI (Alias) SUBRAMANIAN . M,MALE,64.0,GENERAL,CPI,Ears of Corn And Sickle,72679,603,73282,30.78,379139
Tamil Nadu,113,Tiruppur (North),EASWARAN.S,MALE,48.0,GENERAL,NTK,Ganna Kisan,23061,49,23110,9.71,379139
Tamil Nadu,113,Tiruppur (North),SIVABALAN.S,MALE,62.0,GENERAL,MNM,Battery torch,19565,37,19602,8.23,379139
Tamil Nadu,113,Tiruppur (North),SELVAKUMAR.M,MALE,44.0,GENERAL,DMDK,Nagara,3420,7,3427,1.44,379139
Tamil Nadu,113,Tiruppur (North),NOTA,,,,NOTA,NOTA,2154,8,2162,0.91,379139
Tamil Nadu,113,Tiruppur (North),ALAGHUSUNDARAM.P,MALE,47.0,GENERAL,ADK,Hat,591,1,592,0.25,379139
Tamil Nadu,113,Tiruppur (North),CHANDRASEKARAN.R,MALE,60.0,GENERAL,BSP,Elephant,474,3,477,0.2,379139
Tamil Nadu,113,Tiruppur (North),SENTHILKUMAR.V,MALE,48.0,GENERAL,APTADMK,Jackfruit,426,2,428,0.18,379139
Tamil Nadu,113,Tiruppur (North),RANGASAMY.M,MALE,50.0,GENERAL,IND,Auto- Rickshaw,365,1,366,0.15,379139
Tamil Nadu,113,Tiruppur (North),UDHAYAKUMAR.S,MALE,31.0,SC,IND,Football,337,5,342,0.14,379139
Tamil Nadu,113,Tiruppur (North),SENTHILVEL.A,MALE,48.0,GENERAL,IND,Ring,301,1,302,0.13,379139
Tamil Nadu,113,Tiruppur (North),MURUGA PANDI.S,MALE,38.0,GENERAL,IND,DIAMOND,249,1,250,0.11,379139
Tamil Nadu,113,Tiruppur (North),DEIVASIGAMANI.K,MALE,57.0,GENERAL,ETMK,Whistle,139,0,139,0.06,379139
Tamil Nadu,113,Tiruppur (North),SENTHILKUMAR.R,MALE,45.0,GENERAL,IND,Gas Cylinder,131,2,133,0.06,379139
Tamil Nadu,113,Tiruppur (North),SENTHILKUMAR.T.N,MALE,43.0,GENERAL,IND,Matchbox,96,0,96,0.04,379139
Tamil Nadu,114,Tiruppur (South),SELVARAJ. K.,MALE,64.0,GENERAL,DMK,Rising Sun,74944,591,75535,43.31,276483
Tamil Nadu,114,Tiruppur (South),GUNASEKARAN. S.,MALE,52.0,GENERAL,ADMK,Two Leaves,70551,275,70826,40.61,276483
Tamil Nadu,114,Tiruppur (South),SHANMUGASUNDARAM. K.,MALE,48.0,GENERAL,NTK,Ganna Kisan,12870,28,12898,7.39,276483
Tamil Nadu,114,Tiruppur (South),ANUSHA RAVI.,FEMALE,48.0,GENERAL,MNM,Battery torch,9914,20,9934,5.7,276483
Tamil Nadu,114,Tiruppur (South),VISHALAKCHI. A.,FEMALE,49.0,GENERAL,AMMKMNKZ,Pressure Cooker,1751,6,1757,1.01,276483
Tamil Nadu,114,Tiruppur (South),NOTA,,,,NOTA,NOTA,1133,9,1142,0.65,276483
Tamil Nadu,114,Tiruppur (South),ARUNKUMAR. G.,MALE,26.0,GENERAL,TNLK,Ring,554,0,554,0.32,276483
Tamil Nadu,114,Tiruppur (South),CHELLAPANDY. P.,MALE,46.0,GENERAL,BSP,Elephant,311,1,312,0.18,276483
Tamil Nadu,114,Tiruppur (South),PRAKASH. R.,MALE,41.0,GENERAL,IND,Table,264,1,265,0.15,276483
Tamil Nadu,114,Tiruppur (South),SELVAN. K.,MALE,50.0,SC,IND,Television,224,0,224,0.13,276483
Tamil Nadu,114,Tiruppur (South),ASLAM. J.,MALE,46.0,GENERAL,IND,Phone Charger,163,1,164,0.09,276483
Tamil Nadu,114,Tiruppur (South),SARVALOGA DAYABARAN. M.A.,MALE,71.0,GENERAL,IND,Lady Purse,147,0,147,0.08,276483
Tamil Nadu,114,Tiruppur (South),MUTHUSAMY. K.,MALE,54.0,GENERAL,IND,Auto- Rickshaw,121,0,121,0.07,276483
Tamil Nadu,114,Tiruppur (South),DEIVEEGAN. K.,MALE,43.0,GENERAL,APTADMK,Jackfruit,101,0,101,0.06,276483
Tamil Nadu,114,Tiruppur (South),MALARVIZHI. G.,FEMALE,47.0,GENERAL,IND,Sewing Machine,83,0,83,0.05,276483
Tamil Nadu,114,Tiruppur (South),GUNASEKARAN. M.,MALE,47.0,GENERAL,IND,Almirah,80,0,80,0.05,276483
Tamil Nadu,114,Tiruppur (South),KADER BASHA. A.,MALE,33.0,GENERAL,IND,Hand Cart,75,1,76,0.04,276483
Tamil Nadu,114,Tiruppur (South),SELVARAJ. A.,MALE,53.0,GENERAL,IND,Bicycle Pump,68,0,68,0.04,276483
Tamil Nadu,114,Tiruppur (South),GANESH. E.,MALE,25.0,GENERAL,IND,COMPUTER,66,0,66,0.04,276483
Tamil Nadu,114,Tiruppur (South),GUNASEKARAN. I.,MALE,53.0,GENERAL,IND,Letter Box,38,0,38,0.02,276483
Tamil Nadu,114,Tiruppur (South),VIJAYAKUMAR. A.,MALE,59.0,GENERAL,IND,Camera,27,0,27,0.02,276483
Tamil Nadu,115,Palladam,ANANDAN M S M,MALE,59.0,GENERAL,ADMK,Two Leaves,126437,466,126903,48.53,389786
Tamil Nadu,115,Palladam,MUTHURATHINAM K,MALE,50.0,GENERAL,DMK,Rising Sun,93216,996,94212,36.03,389786
Tamil Nadu,115,Palladam,SUBRAMANIAN S,MALE,58.0,GENERAL,NTK,Ganna Kisan,20470,54,20524,7.85,389786
Tamil Nadu,115,Palladam,MAYILSAMY G,MALE,66.0,GENERAL,MNM,Battery Torch,10195,32,10227,3.91,389786
Tamil Nadu,115,Palladam,JOTHIMANI R,FEMALE,50.0,GENERAL,AMMKMNKZ,Pressure Cooker,2606,12,2618,1.0,389786
Tamil Nadu,115,Palladam,NOTA,,,,NOTA,NOTA,1793,9,1802,0.69,389786
Tamil Nadu,115,Palladam,MUTHURATHINAM M,MALE,29.0,GENERAL,IND,Pen Nib with Seven Rays,720,2,722,0.28,389786
Tamil Nadu,115,Palladam,THUYAMANI R,MALE,50.0,GENERAL,IND,Road Roller,690,3,693,0.26,389786
Tamil Nadu,115,Palladam,ANNADURAI R,MALE,47.0,SC,BSP,Elephant,607,3,610,0.23,389786
Tamil Nadu,115,Palladam,MURUGESAN K,MALE,41.0,GENERAL,IND,DIAMOND,584,3,587,0.22,389786
Tamil Nadu,115,Palladam,ANTONY MARIARAJ A,MALE,37.0,GENERAL,TNLK,Ring,530,0,530,0.2,389786
Tamil Nadu,115,Palladam,MARUTHASALAM V,MALE,39.0,GENERAL,IND,Gas Cylinder,365,0,365,0.14,389786
Tamil Nadu,115,Palladam,RAMESH V,MALE,36.0,GENERAL,IND,Pot,314,1,315,0.12,389786
Tamil Nadu,115,Palladam,UMANATH R,MALE,36.0,SC,USIP,Tiller,307,2,309,0.12,389786
Tamil Nadu,115,Palladam,VIJIYAKUMAR M,MALE,46.0,GENERAL,IND,Matchbox,214,4,218,0.08,389786
Tamil Nadu,115,Palladam,THANGARAJ A,MALE,40.0,GENERAL,IND,Telephone,212,3,215,0.08,389786
Tamil Nadu,115,Palladam,MUTHURATHINAM L,MALE,40.0,GENERAL,IND,Cauliflower,171,0,171,0.07,389786
Tamil Nadu,115,Palladam,SIVAKUMAR G,MALE,34.0,GENERAL,APTADMK,Jackfruit,162,0,162,0.06,389786
Tamil Nadu,115,Palladam,THINAKARAN K,MALE,41.0,GENERAL,ADK,Hat,130,0,130,0.05,389786
Tamil Nadu,115,Palladam,SARATHA T,FEMALE,30.0,GENERAL,IND,Bat,112,0,112,0.04,389786
Tamil Nadu,115,Palladam,SHAHUL HAMEED M,MALE,35.0,GENERAL,IND,CCTV Camera,86,0,86,0.03,389786
Tamil Nadu,116,Sulur,KANDASAMY V.P.,MALE,62.0,GENERAL,ADMK,Two Leaves,118221,747,118968,49.23,317223
Tamil Nadu,116,Sulur,PREMIER SELVAM (a)KALICHAMY M,MALE,52.0,GENERAL,DMK,Rising Sun,85919,1117,87036,36.02,317223
Tamil Nadu,116,Sulur,ELANGOVAN. G,MALE,54.0,GENERAL,NTK,Ganna Kisan,14376,50,14426,5.97,317223
Tamil Nadu,116,Sulur,RANGANATHAN. A,MALE,54.0,GENERAL,MNM,Battery Torch,12592,66,12658,5.24,317223
Tamil Nadu,116,Sulur,SENTHIL KUMAR. S.A.,MALE,49.0,GENERAL,AMMKMNKZ,Pressure Cooker,4087,24,4111,1.7,317223
Tamil Nadu,116,Sulur,NOTA,,,,NOTA,NOTA,2588,22,2610,1.08,317223
Tamil Nadu,116,Sulur,PREM KUMAR P,MALE,31.0,SC,IND,Pot,380,0,380,0.16,317223
Tamil Nadu,116,Sulur,NAGARAJ. K,MALE,56.0,SC,GPI,Lady Finger,240,1,241,0.1,317223
Tamil Nadu,116,Sulur,SELVA KUMAR D,MALE,59.0,GENERAL,IND,Tractor Chalata Kisan,213,0,213,0.09,317223
Tamil Nadu,116,Sulur,KARTHIKEYAN P,MALE,49.0,GENERAL,IND,COCONUT FARM,209,0,209,0.09,317223
Tamil Nadu,116,Sulur,SHANKAR GURU. M,MALE,35.0,SC,IND,Television,191,5,196,0.08,317223
Tamil Nadu,116,Sulur,SELVAN S,MALE,52.0,GENERAL,IND,Binoculars,176,1,177,0.07,317223
Tamil Nadu,116,Sulur,JAGADHEESH. S,MALE,38.0,GENERAL,MIDP,CCTV Camera,126,2,128,0.05,317223
Tamil Nadu,116,Sulur,SHANMUGAM R,MALE,51.0,GENERAL,IND,Helicopter,112,4,116,0.05,317223
Tamil Nadu,116,Sulur,SENTHIL KUMAR. S.A.P.,MALE,38.0,GENERAL,IND,Kettle,100,1,101,0.04,317223
Tamil Nadu,116,Sulur,KANDASAMY T,MALE,39.0,GENERAL,IND,Electric Pole,82,1,83,0.03,317223
Tamil Nadu,117,Kavundampalayam,G.Arunkumar,MALE,59.0,GENERAL,ADMK,Two Leaves,134981,688,135669,43.78,465345
Tamil Nadu,117,Kavundampalayam,R.Krishnan,MALE,63.0,GENERAL,DMK,Rising Sun,124557,1336,125893,40.62,465345
Tamil Nadu,117,Kavundampalayam,Pankaj Jain,MALE,39.0,GENERAL,MNM,Battery torch,23427,100,23527,7.59,465345
Tamil Nadu,117,Kavundampalayam,Kalamani.M,FEMALE,33.0,GENERAL,NTK,Ganna Kisan,17823,74,17897,5.77,465345
Tamil Nadu,117,Kavundampalayam,NOTA,,,,NOTA,NOTA,2868,24,2892,0.93,465345
Tamil Nadu,117,Kavundampalayam,Aruna.M,FEMALE,40.0,GENERAL,AMMKMNKZ,Pressure Cooker,1992,10,2002,0.65,465345
Tamil Nadu,117,Kavundampalayam,Siva.K,MALE,51.0,GENERAL,TNLK,Ring,718,8,726,0.23,465345
Tamil Nadu,117,Kavundampalayam,Pushpanantham.V,MALE,52.0,SC,IND,Television,419,1,420,0.14,465345
Tamil Nadu,117,Kavundampalayam,Arunkumar.T,MALE,29.0,GENERAL,IND,Electric Pole,294,2,296,0.1,465345
Tamil Nadu,117,Kavundampalayam,Selvaraj.M,MALE,62.0,GENERAL,NGPP,Pot,177,1,178,0.06,465345
Tamil Nadu,117,Kavundampalayam,Gnanaraj.M,MALE,25.0,GENERAL,IND,Letter Box,160,1,161,0.05,465345
Tamil Nadu,117,Kavundampalayam,Krishnan.M,MALE,71.0,GENERAL,IND,Cauliflower,140,0,140,0.05,465345
Tamil Nadu,117,Kavundampalayam,Suriyakumar.K,MALE,31.0,GENERAL,IND,Gas Cylinder,117,0,117,0.04,465345
Tamil Nadu,118,Coimbatore (North),AMMAN K.ARJUNAN,MALE,63.0,GENERAL,ADMK,Two Leaves,80815,639,81454,40.16,338712
Tamil Nadu,118,Coimbatore (North),SHANMUGASUNDARAM V.M,MALE,60.0,GENERAL,DMK,Rising Sun,76201,1252,77453,38.19,338712
Tamil Nadu,118,Coimbatore (North),THANGAVELU R,MALE,60.0,GENERAL,MNM,Battery torch,26335,168,26503,13.07,338712
Tamil Nadu,118,Coimbatore (North),Balendran C.B,MALE,54.0,GENERAL,NTK,Ganna Kisan,11388,45,11433,5.64,338712
Tamil Nadu,118,Coimbatore (North),NOTA,,,,NOTA,NOTA,1678,23,1701,0.84,338712
Tamil Nadu,118,Coimbatore (North),APPATHURAI N.R,MALE,70.0,GENERAL,AMMKMNKZ,Pressure Cooker,1650,9,1659,0.82,338712
Tamil Nadu,118,Coimbatore (North),DURAIRAJ K,MALE,45.0,GENERAL,TNLK,Ring,529,2,531,0.26,338712
Tamil Nadu,118,Coimbatore (North),BALAMURUGAN M,MALE,35.0,GENERAL,IND,Petrol Pump,313,0,313,0.15,338712
Tamil Nadu,118,Coimbatore (North),KEERTHIGA PARTHASARATHI,FEMALE,35.0,GENERAL,IND,COCONUT FARM,245,5,250,0.12,338712
Tamil Nadu,118,Coimbatore (North),BALAJI V,MALE,25.0,GENERAL,IND,BELT,248,0,248,0.12,338712
Tamil Nadu,118,Coimbatore (North),MAHARISHI MANDHARACSALAM,MALE,50.0,SC,IND,DIAMOND,232,1,233,0.11,338712
Tamil Nadu,118,Coimbatore (North),NAVAMANI R,MALE,37.0,GENERAL,IND,Cauliflower,141,0,141,0.07,338712
Tamil Nadu,118,Coimbatore (North),LOGANATHAN M,MALE,47.0,GENERAL,IND,Triangle,139,1,140,0.07,338712
Tamil Nadu,118,Coimbatore (North),ARUL MURUGAN A,MALE,40.0,GENERAL,IND,Sitar,138,1,139,0.07,338712
Tamil Nadu,118,Coimbatore (North),PANNEER SELVARAJ M,MALE,51.0,GENERAL,NGPP,Pot,135,0,135,0.07,338712
Tamil Nadu,118,Coimbatore (North),KANNAPIRAN V,MALE,39.0,SC,DRMRPMKKC,Mike,128,0,128,0.06,338712
Tamil Nadu,118,Coimbatore (North),KUMAR G.D.K,MALE,43.0,GENERAL,IND,Auto- Rickshaw,124,0,124,0.06,338712
Tamil Nadu,118,Coimbatore (North),RAJKUMAR M.P,MALE,49.0,GENERAL,MKLMNTRAPR,Bat,83,3,86,0.04,338712
Tamil Nadu,118,Coimbatore (North),SHANMUGASUNDARAM K,MALE,69.0,GENERAL,IND,Laptop,55,2,57,0.03,338712
Tamil Nadu,118,Coimbatore (North),DALIT. SU. JEYARAJ,MALE,68.0,SC,IND,Robot,49,0,49,0.02,338712
Tamil Nadu,118,Coimbatore (North),RAMESHKUMAR D,MALE,38.0,GENERAL,IND,BUCKET,22,0,22,0.01,338712
Tamil Nadu,119,Thondamuthur,S.P. VELUMANI,MALE,51.0,GENERAL,ADMK,Two Leaves,123538,687,124225,53.89,326828
Tamil Nadu,119,Thondamuthur,KARTHIKEYA,MALE,48.0,GENERAL,DMK,Rising Sun,81829,766,82595,35.83,326828
Tamil Nadu,119,Thondamuthur,S. SHAJAHAN,FEMALE,43.0,GENERAL,MNM,Battery torch,11572,34,11606,5.03,326828
Tamil Nadu,119,Thondamuthur,S. KALAIARASI,FEMALE,29.0,GENERAL,NTK,Ganna Kisan,8014,28,8042,3.49,326828
Tamil Nadu,119,Thondamuthur,NOTA,,,,NOTA,NOTA,1622,13,1635,0.71,326828
Tamil Nadu,119,Thondamuthur,R.SATHISHKUMAR,MALE,35.0,GENERAL,AMMKMNKZ,Pressure Cooker,1229,6,1235,0.54,326828
Tamil Nadu,119,Thondamuthur,A. MANSOOR ALI KHAN,MALE,58.0,GENERAL,IND,COCONUT FARM,426,2,428,0.19,326828
Tamil Nadu,119,Thondamuthur,J.JOHN EDWARD VISUVASAM,MALE,38.0,GENERAL,IND,Gas Cylinder,311,1,312,0.14,326828
Tamil Nadu,119,Thondamuthur,CC SELVAMOHAN,MALE,46.0,GENERAL,IND,DIAMOND,173,2,175,0.08,326828
Tamil Nadu,119,Thondamuthur,A. ABDUL GAFOOR,MALE,73.0,GENERAL,IND,Ring,141,1,142,0.06,326828
Tamil Nadu,119,Thondamuthur,M. BADRAN,MALE,57.0,SC,GPI,Lady Finger,136,0,136,0.06,326828
Tamil Nadu,120,Coimbatore (South),VANATHI SRINIVASAN,FEMALE,50.0,GENERAL,BJP,Lotus,52627,582,53209,34.38,252790
Tamil Nadu,120,Coimbatore (South),KAMALHAASAN,MALE,66.0,GENERAL,MNM,Battery Torch,51087,394,51481,33.26,252790
Tamil Nadu,120,Coimbatore (South),MAYURA S JAYAKUMAR,MALE,47.0,GENERAL,INC,Hand,41663,720,42383,27.39,252790
Tamil Nadu,120,Coimbatore (South),ABDUL WAHAB,MALE,44.0,GENERAL,NTK,Ganna Kisan,4265,35,4300,2.78,252790
Tamil Nadu,120,Coimbatore (South),NOTA,,,,NOTA,NOTA,887,14,901,0.58,252790
Tamil Nadu,120,Coimbatore (South),DURAISAMY @ CHALLENGER DURAI,MALE,62.0,GENERAL,AMMKMNKZ,Pressure Cooker,690,11,701,0.45,252790
Tamil Nadu,120,Coimbatore (South),ROSHAN,MALE,42.0,SC,BSP,Elephant,272,2,274,0.18,252790
Tamil Nadu,120,Coimbatore (South),SUNDARAVADIVELU,MALE,63.0,GENERAL,IND,Triangle,190,0,190,0.12,252790
Tamil Nadu,120,Coimbatore (South),DHANDABANI,MALE,47.0,GENERAL,IND,Gas Cylinder,181,0,181,0.12,252790
Tamil Nadu,120,Coimbatore (South),SELVAKUMAR,MALE,25.0,GENERAL,IND,Football,163,0,163,0.11,252790
Tamil Nadu,120,Coimbatore (South),PALANIKUMAR.V,MALE,35.0,GENERAL,IND,FLUTE,136,0,136,0.09,252790
Tamil Nadu,120,Coimbatore (South),NAGAVALLI,FEMALE,42.0,GENERAL,IND,Ring,134,1,135,0.09,252790
Tamil Nadu,120,Coimbatore (South),GOPALAKRISHNAN,MALE,47.0,GENERAL,NGPP,Pot,126,1,127,0.08,252790
Tamil Nadu,120,Coimbatore (South),JAYAPRAKASH.N,MALE,36.0,GENERAL,IND,Hand Cart,99,3,102,0.07,252790
Tamil Nadu,120,Coimbatore (South),SANMUGAVEL,MALE,54.0,SC,GPI,Lady Finger,76,0,76,0.05,252790
Tamil Nadu,120,Coimbatore (South),VIVEK SUBRAMANIAM,MALE,35.0,GENERAL,mauk,Tractor Chalata Kisan,74,0,74,0.05,252790
Tamil Nadu,120,Coimbatore (South),RAGHUL GANDHI .K,MALE,32.0,GENERAL,HJP,Bat,72,1,73,0.05,252790
Tamil Nadu,120,Coimbatore (South),JAYACHANDRAN,MALE,51.0,GENERAL,IND,T.V. Remote,62,0,62,0.04,252790
Tamil Nadu,120,Coimbatore (South),VELLIMALAI,MALE,45.0,GENERAL,MSKK,Auto- Rickshaw,59,0,59,0.04,252790
Tamil Nadu,120,Coimbatore (South),KUMAREASAN. K,MALE,38.0,GENERAL,IND,Capsicum,58,0,58,0.04,252790
Tamil Nadu,120,Coimbatore (South),ALPHONSERAJ,MALE,52.0,GENERAL,IND,Helmet,51,0,51,0.03,252790
Tamil Nadu,120,Coimbatore (South),CHELLADURAI. S,MALE,60.0,GENERAL,IND,Violin,29,0,29,0.02,252790
Tamil Nadu,121,Singanallur,"Jayaram, K.R",MALE,47.0,GENERAL,ADMK,Two Leaves,80437,807,81244,40.22,325289
Tamil Nadu,121,Singanallur,"Karthik, N",MALE,56.0,GENERAL,DMK,Rising Sun,68984,1406,70390,34.84,325289
Tamil Nadu,121,Singanallur,"Mahendran, R",MALE,58.0,GENERAL,MNM,Battery torch,36553,302,36855,18.24,325289
Tamil Nadu,121,Singanallur,"Narmadha, R",FEMALE,37.0,GENERAL,NTK,Ganna Kisan,8311,55,8366,4.14,325289
Tamil Nadu,121,Singanallur,"Selva, S.R",MALE,44.0,GENERAL,AMMKMNKZ,Pressure Cooker,1722,11,1733,0.86,325289
Tamil Nadu,121,Singanallur,NOTA,,,,NOTA,NOTA,1415,17,1432,0.71,325289
Tamil Nadu,121,Singanallur,"Nabas Sherif, M",MALE,30.0,GENERAL,IND,Bat,257,0,257,0.13,325289
Tamil Nadu,121,Singanallur,"Sasikumar, M",MALE,43.0,GENERAL,ADK,Hat,209,2,211,0.1,325289
Tamil Nadu,121,Singanallur,"Chanthirika, R",FEMALE,40.0,GENERAL,IND,Electric Pole,200,1,201,0.1,325289
Tamil Nadu,121,Singanallur,Praveen Venkatachalam,MALE,32.0,GENERAL,IND,Whistle,187,1,188,0.09,325289
Tamil Nadu,121,Singanallur,"Nagarajan, J",MALE,53.0,GENERAL,IND,Laptop,163,0,163,0.08,325289
Tamil Nadu,121,Singanallur,"Karthik, N",MALE,32.0,GENERAL,IND,DIAMOND,132,3,135,0.07,325289
Tamil Nadu,121,Singanallur,"Mohandass, N",MALE,38.0,GENERAL,IND,Pen Nib with Seven Rays,121,0,121,0.06,325289
Tamil Nadu,121,Singanallur,"Palanisamy, N",MALE,62.0,GENERAL,MIDP,CCTV Camera,112,1,113,0.06,325289
Tamil Nadu,121,Singanallur,"SenthilKumar, S",MALE,43.0,GENERAL,USIP,Tiller,94,0,94,0.05,325289
Tamil Nadu,121,Singanallur,"Maniraj, K",MALE,58.0,GENERAL,IND,Spanner,87,2,89,0.04,325289
Tamil Nadu,121,Singanallur,"Kumar babu, K",MALE,59.0,GENERAL,IND,Ring,87,0,87,0.04,325289
Tamil Nadu,121,Singanallur,"Viju Alban Prakash, V",MALE,29.0,GENERAL,IND,COCONUT FARM,86,0,86,0.04,325289
Tamil Nadu,121,Singanallur,"Akbar Ali, A",MALE,52.0,GENERAL,IND,Auto- Rickshaw,86,0,86,0.04,325289
Tamil Nadu,121,Singanallur,"Karthick, N",MALE,29.0,GENERAL,IND,Tennis Racket & Ball,72,1,73,0.04,325289
Tamil Nadu,121,Singanallur,"Gowtham, P",MALE,31.0,SC,IND,Pot,65,2,67,0.03,325289
Tamil Nadu,121,Singanallur,"Krishnan, V",MALE,50.0,GENERAL,IND,Gift Pack,30,0,30,0.01,325289
Tamil Nadu,122,Kinathukadavu,Damodaran.S,MALE,69.0,GENERAL,ADMK,Two Leaves,101069,468,101537,43.68,326920
Tamil Nadu,122,Kinathukadavu,Kuruchi Prabhakaran,MALE,46.0,GENERAL,DMK,Rising Sun,99311,1131,100442,43.21,326920
Tamil Nadu,122,Kinathukadavu,Siva.A,MALE,43.0,SC,MNM,Battery Torch,13880,59,13939,6.0,326920
Tamil Nadu,122,Kinathukadavu,Umajagadesh.M,MALE,36.0,GENERAL,NTK,Ganna Kisan,11249,31,11280,4.85,326920
Tamil Nadu,122,Kinathukadavu,NOTA,,,,NOTA,NOTA,2268,12,2280,0.98,326920
Tamil Nadu,122,Kinathukadavu,ROHINI MA.PA,MALE,54.0,GENERAL,AMMKMNKZ,Pressure Cooker,1237,11,1248,0.54,326920
Tamil Nadu,122,Kinathukadavu,Velusamy.V,MALE,59.0,GENERAL,IND,Brush,504,1,505,0.22,326920
Tamil Nadu,122,Kinathukadavu,Anbazhagan.G,MALE,38.0,GENERAL,VTVTK,Pestle and Mortar,352,1,353,0.15,326920
Tamil Nadu,122,Kinathukadavu,Nagendran.P,MALE,37.0,GENERAL,IND,DIAMOND,225,3,228,0.1,326920
Tamil Nadu,122,Kinathukadavu,Mariappan.R,MALE,43.0,SC,GPI,Lady Finger,187,0,187,0.08,326920
Tamil Nadu,122,Kinathukadavu,Noor Muhamad . A,MALE,63.0,GENERAL,IND,Gift Pack,135,0,135,0.06,326920
Tamil Nadu,122,Kinathukadavu,Dharmalingam.K,MALE,51.0,GENERAL,IND,Ring,107,1,108,0.05,326920
Tamil Nadu,122,Kinathukadavu,Nazir Babu.S,MALE,48.0,GENERAL,IND,Cup & Saucer,88,0,88,0.04,326920
Tamil Nadu,122,Kinathukadavu,James.S,MALE,68.0,GENERAL,AIJYMKG,Mixee,55,0,55,0.02,326920
Tamil Nadu,122,Kinathukadavu,Atheeswaran.S,MALE,40.0,GENERAL,IND,Dish Antenna,50,0,50,0.02,326920
Tamil Nadu,123,Pollachi,Pollachi V. Jayaraman,MALE,67.0,GENERAL,ADMK,Two Leaves,79906,661,80567,45.44,227093
Tamil Nadu,123,Pollachi,"Dr. Varadharajan, K.",MALE,67.0,GENERAL,DMK,Rising Sun,77882,960,78842,44.47,227093
Tamil Nadu,123,Pollachi,"Sathieshkumar, V.T.",MALE,46.0,GENERAL,MNM,Battery torch,7548,41,7589,4.28,227093
Tamil Nadu,123,Pollachi,"Logeswari, N.",FEMALE,32.0,GENERAL,NTK,Ganna Kisan,6375,27,6402,3.61,227093
Tamil Nadu,123,Pollachi,NOTA,,,,NOTA,NOTA,1533,13,1546,0.87,227093
Tamil Nadu,123,Pollachi,"Sugumar, K.",MALE,60.0,GENERAL,AMMKMNKZ,Pressure Cooker,1135,6,1141,0.64,227093
Tamil Nadu,123,Pollachi,"Aruchamy, C.M.",MALE,56.0,SC,BSP,Elephant,488,3,491,0.28,227093
Tamil Nadu,123,Pollachi,"Shanthu Mohamed, A.",MALE,37.0,GENERAL,IND,Coat,368,0,368,0.21,227093
Tamil Nadu,123,Pollachi,"Muthukumarasamy, R.",MALE,46.0,SC,IND,Electric Pole,361,1,362,0.2,227093
Tamil Nadu,124,Valparai,AMULKANDASAMI T K,MALE,55.0,SC,ADMK,Two Leaves,71128,544,71672,49.37,205530
Tamil Nadu,124,Valparai,ARUMUGAM M,MALE,69.0,SC,CPI,Ears of Corn And Sickle,58821,628,59449,40.95,205530
Tamil Nadu,124,Valparai,KOHILA C,FEMALE,31.0,SC,NTK,Ganna Kisan,7588,44,7632,5.26,205530
Tamil Nadu,124,Valparai,SENTHILRAJ D,MALE,57.0,SC,MNM,Battery Torch,3291,23,3314,2.28,205530
Tamil Nadu,124,Valparai,NOTA,,,,NOTA,NOTA,1409,6,1415,0.97,205530
Tamil Nadu,124,Valparai,MURUGARAJ M S,MALE,58.0,SC,DMDK,Nagara,1327,8,1335,0.92,205530
Tamil Nadu,124,Valparai,RANGASAMY T M,MALE,57.0,SC,IND,Scissors,353,2,355,0.24,205530
Tamil Nadu,125,Udumalaipettai,"Radhakrishnan,K.",MALE,55.0,GENERAL,ADMK,Two Leaves,95953,940,96893,49.85,269760
Tamil Nadu,125,Udumalaipettai,"Thennarasu,K.",MALE,55.0,GENERAL,INC,Hand,73788,1210,74998,38.59,269760
Tamil Nadu,125,Udumalaipettai,"Babu Ranjendra Prasad,A.",MALE,36.0,GENERAL,NTK,Ganna Kisan,8540,52,8592,4.42,269760
Tamil Nadu,125,Udumalaipettai,"Srinithi,V.",FEMALE,32.0,GENERAL,MNM,Battery torch,8107,56,8163,4.2,269760
Tamil Nadu,125,Udumalaipettai,NOTA,,,,NOTA,NOTA,1469,9,1478,0.76,269760
Tamil Nadu,125,Udumalaipettai,"Palanisamy,R.",MALE,49.0,GENERAL,AMMKMNKZ,Pressure Cooker,1038,5,1043,0.54,269760
Tamil Nadu,125,Udumalaipettai,"Dhivya,D.",FEMALE,26.0,GENERAL,IND,COCONUT FARM,785,2,787,0.4,269760
Tamil Nadu,125,Udumalaipettai,"Krishnan,T.",MALE,60.0,GENERAL,APTADMK,Jackfruit,680,3,683,0.35,269760
Tamil Nadu,125,Udumalaipettai,"Kumar,K.",MALE,41.0,GENERAL,BSP,Elephant,456,3,459,0.24,269760
Tamil Nadu,125,Udumalaipettai,"Rajini,K.",MALE,44.0,GENERAL,IND,Tractor Chalata Kisan,300,0,300,0.15,269760
Tamil Nadu,125,Udumalaipettai,"Umar Ali,D.",MALE,53.0,GENERAL,IND,Auto- Rickshaw,217,7,224,0.12,269760
Tamil Nadu,125,Udumalaipettai,"Arumugam,P.",MALE,35.0,GENERAL,IND,Drill Machine,182,2,184,0.09,269760
Tamil Nadu,125,Udumalaipettai,"Karthikeyan,S.",MALE,60.0,GENERAL,IND,Bat,180,1,181,0.09,269760
Tamil Nadu,125,Udumalaipettai,"Nachammal,K.",FEMALE,45.0,SC,AMAK,Gas Cylinder,175,2,177,0.09,269760
Tamil Nadu,125,Udumalaipettai,"Elsy,C.",FEMALE,60.0,GENERAL,IND,Electric Pole,124,2,126,0.06,269760
Tamil Nadu,125,Udumalaipettai,"Ashokkumar,S.",MALE,41.0,GENERAL,IND,Truck,70,0,70,0.04,269760
Tamil Nadu,126,Madathukulam,C MAHENDRAN,MALE,49.0,GENERAL,ADMK,Two Leaves,83634,679,84313,46.35,248501
Tamil Nadu,126,Madathukulam,R.JAYARAMAKRISHNAN,MALE,53.0,GENERAL,DMK,Rising Sun,76885,990,77875,42.81,248501
Tamil Nadu,126,Madathukulam,C.SHANMUGAVELU,MALE,71.0,GENERAL,AMMKMNKZ,Pressure Cooker,6467,48,6515,3.58,248501
Tamil Nadu,126,Madathukulam,U SANUJA,FEMALE,37.0,GENERAL,NTK,Ganna Kisan,6200,45,6245,3.43,248501
Tamil Nadu,126,Madathukulam,K KUMARESAN,MALE,52.0,GENERAL,MNM,Battery Torch,2877,17,2894,1.59,248501
Tamil Nadu,126,Madathukulam,NOTA,,,,NOTA,NOTA,1042,6,1048,0.58,248501
Tamil Nadu,126,Madathukulam,G RAMAKRISHNAN,MALE,58.0,GENERAL,IND,Pen Nib with Seven Rays,711,1,712,0.39,248501
Tamil Nadu,126,Madathukulam,K MAHENDRAKUMAR,MALE,40.0,GENERAL,IND,Peas,609,2,611,0.34,248501
Tamil Nadu,126,Madathukulam,K MANICKASAMY,MALE,26.0,GENERAL,IND,Tiller,503,0,503,0.28,248501
Tamil Nadu,126,Madathukulam,J.BENJAMIN KIRUBAKARAN,MALE,37.0,GENERAL,BSP,Elephant,465,2,467,0.26,248501
Tamil Nadu,126,Madathukulam,P MAHENDRAN,MALE,25.0,GENERAL,IND,Lady Purse,171,1,172,0.09,248501
Tamil Nadu,126,Madathukulam,K.MAHALINGAM,MALE,48.0,SC,IND,Television,136,5,141,0.08,248501
Tamil Nadu,126,Madathukulam,M SHANMUGAVEL,MALE,71.0,SC,IND,Gift Pack,130,0,130,0.07,248501
Tamil Nadu,126,Madathukulam,K SAKTHIVEL,MALE,41.0,GENERAL,APTADMK,Jackfruit,105,0,105,0.06,248501
Tamil Nadu,126,Madathukulam,P THANGARAJ,MALE,47.0,SC,IND,Truck,86,2,88,0.05,248501
Tamil Nadu,126,Madathukulam,P SUBRAMANIAN,MALE,60.0,SC,IND,Pan,83,0,83,0.05,248501
Tamil Nadu,127,Palani,SENTHIL KUMAR I.P,MALE,42.0,GENERAL,DMK,Rising Sun,107049,1517,108566,52.86,277298
Tamil Nadu,127,Palani,RAVI MANOHARAN K,MALE,52.0,GENERAL,ADMK,Two Leaves,77951,559,78510,38.23,277298
Tamil Nadu,127,Palani,VINOTH RAJASEKARAN G,MALE,33.0,GENERAL,NTK,Ganna Kisan,7563,93,7656,3.73,277298
Tamil Nadu,127,Palani,POOVENDHAN T,MALE,60.0,GENERAL,MNM,Battery torch,3669,63,3732,1.82,277298
Tamil Nadu,127,Palani,VEERAKUMAR V,MALE,46.0,GENERAL,AMMKMNKZ,Pressure Cooker,2231,24,2255,1.1,277298
Tamil Nadu,127,Palani,NOTA,,,,NOTA,NOTA,1088,22,1110,0.54,277298
Tamil Nadu,127,Palani,SIVABALA MOORTHI K,MALE,39.0,GENERAL,ABHM,COCONUT FARM,598,3,601,0.29,277298
Tamil Nadu,127,Palani,SUDHA R B,FEMALE,32.0,SC,IND,Ring,520,2,522,0.25,277298
Tamil Nadu,127,Palani,SURESH M,MALE,42.0,GENERAL,IND,Binoculars,462,0,462,0.22,277298
Tamil Nadu,127,Palani,NACHIMUTHU S,MALE,44.0,SC,BSP,Elephant,442,1,443,0.22,277298
Tamil Nadu,127,Palani,NAGENDRAN G,MALE,37.0,GENERAL,IND,Gas Cylinder,308,2,310,0.15,277298
Tamil Nadu,127,Palani,SAMIAPPA GOUNDER P,MALE,78.0,GENERAL,IND,Whistle,195,0,195,0.09,277298
Tamil Nadu,127,Palani,SHAHUL HAMEED,MALE,39.0,GENERAL,IND,Nagrik,147,2,149,0.07,277298
Tamil Nadu,127,Palani,SIDDIQ M,MALE,44.0,GENERAL,IND,Pot,110,0,110,0.05,277298
Tamil Nadu,127,Palani,LATHIKA,FEMALE,35.0,GENERAL,IND,Sewing Machine,105,1,106,0.05,277298
Tamil Nadu,127,Palani,PERIYADURAI M,MALE,35.0,SC,IND,Television,94,1,95,0.05,277298
Tamil Nadu,127,Palani,ANANTHAN S. P,MALE,30.0,GENERAL,IND,Auto- Rickshaw,92,0,92,0.04,277298
Tamil Nadu,127,Palani,THANGAVEL B,MALE,41.0,GENERAL,MIDP,CCTV Camera,76,1,77,0.04,277298
Tamil Nadu,127,Palani,MUNISHRAJA M,MALE,37.0,GENERAL,IND,Gift Pack,73,0,73,0.04,277298
Tamil Nadu,127,Palani,PANDEESWARAN M,MALE,37.0,GENERAL,IND,Tractor Chalata Kisan,68,0,68,0.03,277298
Tamil Nadu,127,Palani,RASULBEEVI SAHABUDEEN,FEMALE,41.0,GENERAL,IND,SHIP,64,0,64,0.03,277298
Tamil Nadu,127,Palani,THANGAVEL A,MALE,52.0,SC,IND,Sitar,58,0,58,0.03,277298
Tamil Nadu,127,Palani,KALIAPPAN K,MALE,53.0,GENERAL,IND,Bat,47,2,49,0.02,277298
Tamil Nadu,127,Palani,AZHAGUMALAI A,MALE,71.0,GENERAL,IND,Well,43,0,43,0.02,277298
Tamil Nadu,127,Palani,KARUPPUSAMY P,MALE,51.0,SC,IND,Electric Pole,37,1,38,0.02,277298
Tamil Nadu,128,Oddanchatram,SAKKARAPANI R,MALE,59.0,GENERAL,DMK,Rising Sun,108990,980,109970,54.51,241240
Tamil Nadu,128,Oddanchatram,NATARAJ N.P,MALE,52.0,GENERAL,ADMK,Two Leaves,80819,409,81228,40.26,241240
Tamil Nadu,128,Oddanchatram,SAKTHI DEVI T,FEMALE,39.0,GENERAL,NTK,Ganna Kisan,4892,52,4944,2.45,241240
Tamil Nadu,128,Oddanchatram,NOTA,,,,NOTA,NOTA,1451,6,1457,0.72,241240
Tamil Nadu,128,Oddanchatram,SIVA KUMAR M,MALE,50.0,GENERAL,DMDK,Nagara,1417,10,1427,0.71,241240
Tamil Nadu,128,Oddanchatram,ABDUL HADI A,MALE,51.0,GENERAL,MNM,Battery Torch,1069,13,1082,0.54,241240
Tamil Nadu,128,Oddanchatram,MURUGARAJ P,MALE,36.0,SC,BSP,Elephant,527,2,529,0.26,241240
Tamil Nadu,128,Oddanchatram,MARIMUTHU T.S,MALE,41.0,GENERAL,IND,DIAMOND,406,1,407,0.2,241240
Tamil Nadu,128,Oddanchatram,BALASUBRAMANI S,MALE,31.0,GENERAL,IND,Football,356,0,356,0.18,241240
Tamil Nadu,128,Oddanchatram,CHELLAMUTHU K,MALE,56.0,GENERAL,IND,BUCKET,100,0,100,0.05,241240
Tamil Nadu,128,Oddanchatram,RAVI M,MALE,34.0,SC,AMPK,Glass Tumbler,61,0,61,0.03,241240
Tamil Nadu,128,Oddanchatram,SIVANESAN K,MALE,40.0,SC,IND,Matchbox,59,0,59,0.03,241240
Tamil Nadu,128,Oddanchatram,RAVICHANDRAN K,MALE,41.0,GENERAL,MIDP,CCTV Camera,52,0,52,0.03,241240
Tamil Nadu,128,Oddanchatram,SIVAPRAKASH S,MALE,32.0,GENERAL,IND,Bat,44,0,44,0.02,241240
Tamil Nadu,128,Oddanchatram,SHANMUGAVEL P,MALE,65.0,GENERAL,IND,Grapes,40,0,40,0.02,241240
Tamil Nadu,129,Athoor,PERIYASAMY I,MALE,67.0,GENERAL,DMK,Rising Sun,164169,1640,165809,72.11,291955
Tamil Nadu,129,Athoor,THILAGABAMA M,FEMALE,50.0,GENERAL,PMK,Mango,30018,220,30238,13.15,291955
Tamil Nadu,129,Athoor,SIMON JUSTIN A,MALE,39.0,GENERAL,NTK,Ganna Kisan,17017,151,17168,7.47,291955
Tamil Nadu,129,Athoor,SIVASAKTHIVEL P,MALE,34.0,GENERAL,MNM,Battery torch,3211,30,3241,1.41,291955
Tamil Nadu,129,Athoor,SELVAKUMAR P,MALE,43.0,GENERAL,AMMKMNKZ,Pressure Cooker,2991,26,3017,1.31,291955
Tamil Nadu,129,Athoor,SAVADAMUTHU A,MALE,45.0,GENERAL,IND,Auto- Rickshaw,1706,16,1722,0.75,291955
Tamil Nadu,129,Athoor,NOTA,,,,NOTA,NOTA,1543,21,1564,0.68,291955
Tamil Nadu,129,Athoor,PALRAJ R,MALE,37.0,GENERAL,IND,DIAMOND,1352,5,1357,0.59,291955
Tamil Nadu,129,Athoor,MUTHULAKSHMI R,FEMALE,34.0,GENERAL,APTADMK,Jackfruit,1178,2,1180,0.51,291955
Tamil Nadu,129,Athoor,SILAMBARASAN M,MALE,35.0,SC,PT,Television,878,2,880,0.38,291955
Tamil Nadu,129,Athoor,KARTHIGAISELVAN K,MALE,26.0,SC,BSP,Elephant,740,9,749,0.33,291955
Tamil Nadu,129,Athoor,SANKAR D,MALE,38.0,GENERAL,IND,Pen Nib with Seven Rays,700,0,700,0.3,291955
Tamil Nadu,129,Athoor,ANBU AS,MALE,42.0,SC,IND,COCONUT FARM,534,1,535,0.23,291955
Tamil Nadu,129,Athoor,SILAMBARASAN P,MALE,34.0,GENERAL,IND,Cauliflower,486,0,486,0.21,291955
Tamil Nadu,129,Athoor,THILAGAVATHY S,FEMALE,28.0,GENERAL,IND,Pineapple,347,2,349,0.15,291955
Tamil Nadu,129,Athoor,KARTHI M,MALE,34.0,GENERAL,IND,Water Melon,321,1,322,0.14,291955
Tamil Nadu,129,Athoor,BALAMURUGAN A,MALE,31.0,SC,IND,Truck,190,0,190,0.08,291955
Tamil Nadu,129,Athoor,VEERAMALAI S,MALE,46.0,SC,IND,Wool and Needle,133,0,133,0.06,291955
Tamil Nadu,129,Athoor,MURUGANANTHAM C,MALE,43.0,GENERAL,IND,Grapes,125,0,125,0.05,291955
Tamil Nadu,129,Athoor,JEYASEKARAN R,MALE,40.0,GENERAL,MIDP,CCTV Camera,87,1,88,0.04,291955
Tamil Nadu,129,Athoor,RAGUPATHI P,MALE,34.0,SC,AMPK,Glass Tumbler,87,0,87,0.04,291955
Tamil Nadu,130,Nilakkottai,S.Thenmozhi,FEMALE,59.0,SC,ADMK,Two Leaves,90857,604,91461,49.49,244534
Tamil Nadu,130,Nilakkottai,K.Murugavelrajan,MALE,53.0,SC,DMK,Rising Sun,62593,1250,63843,34.55,244534
Tamil Nadu,130,Nilakkottai,G.Vasanthadevi,FEMALE,34.0,SC,NTK,Ganna Kisan,17367,142,17509,9.47,244534
Tamil Nadu,130,Nilakkottai,K.Ramasamy,MALE,66.0,SC,DMDK,Nagara,3684,20,3704,2.0,244534
Tamil Nadu,130,Nilakkottai,Ananth,MALE,42.0,SC,MNM,Battery torch,3146,35,3181,1.72,244534
Tamil Nadu,130,Nilakkottai,NOTA,,,,NOTA,NOTA,1248,12,1260,0.68,244534
Tamil Nadu,130,Nilakkottai,P.Nagendran,MALE,55.0,SC,BSP,Elephant,664,2,666,0.36,244534
Tamil Nadu,130,Nilakkottai,P.Nagajothi,FEMALE,35.0,SC,IND,COCONUT FARM,511,4,515,0.28,244534
Tamil Nadu,130,Nilakkottai,V.Vinoth,MALE,29.0,SC,IND,Scissors,491,0,491,0.27,244534
Tamil Nadu,130,Nilakkottai,V.K.Aiyyar,MALE,58.0,SC,PT,Television,478,6,484,0.26,244534
Tamil Nadu,130,Nilakkottai,P.Pothumanickam,MALE,49.0,SC,IND,Peas,372,3,375,0.2,244534
Tamil Nadu,130,Nilakkottai,A.Alappan,MALE,39.0,SC,IND,Auto- Rickshaw,336,3,339,0.18,244534
Tamil Nadu,130,Nilakkottai,N.Perumal,MALE,68.0,SC,IND,Pot,252,0,252,0.14,244534
Tamil Nadu,130,Nilakkottai,V.Balasubramani,MALE,53.0,SC,IND,Syringe,163,1,164,0.09,244534
Tamil Nadu,130,Nilakkottai,V.Revadhi,FEMALE,36.0,SC,MIDP,CCTV Camera,155,3,158,0.09,244534
Tamil Nadu,130,Nilakkottai,M.Pandi,MALE,38.0,SC,IND,Whistle,135,2,137,0.07,244534
Tamil Nadu,130,Nilakkottai,S.Nithya,FEMALE,25.0,SC,IND,Gas Cylinder,126,2,128,0.07,244534
Tamil Nadu,130,Nilakkottai,P.Sivakami,FEMALE,63.0,SC,IND,Tennis Racket & Ball,76,1,77,0.04,244534
Tamil Nadu,130,Nilakkottai,M.Kalimuthu,MALE,37.0,SC,IND,Pineapple,61,0,61,0.03,244534
Tamil Nadu,131,Natham,NATHAM.R.VISWANATHAN,MALE,71.0,GENERAL,ADMK,Two Leaves,107255,507,107762,47.84,283531
Tamil Nadu,131,Natham,M.A.ANDI AMBALAM,MALE,65.0,GENERAL,DMK,Rising Sun,94968,862,95830,42.54,283531
Tamil Nadu,131,Natham,DOCTOR.V.SIVASANKARAN,MALE,35.0,GENERAL,NTK,Ganna Kisan,14673,89,14762,6.55,283531
Tamil Nadu,131,Natham,N.RAJA,MALE,39.0,GENERAL,AMMKMNKZ,Pressure Cooker,1713,8,1721,0.76,283531
Tamil Nadu,131,Natham,NOTA,,,,NOTA,NOTA,1438,6,1444,0.64,283531
Tamil Nadu,131,Natham,R.A.SARANRAJ,MALE,31.0,GENERAL,IJK,Auto- Rickshaw,1019,6,1025,0.46,283531
Tamil Nadu,131,Natham,P.ANDISAMY,MALE,41.0,SC,BSP,Elephant,676,2,678,0.3,283531
Tamil Nadu,131,Natham,S.JEYAKUMAR,MALE,37.0,GENERAL,IND,Almirah,383,0,383,0.17,283531
Tamil Nadu,131,Natham,A.KARNAN,MALE,33.0,GENERAL,IND,Pen Nib with Seven Rays,335,0,335,0.15,283531
Tamil Nadu,131,Natham,K.DHANDAPANI,MALE,49.0,SC,IND,COCONUT FARM,321,1,322,0.14,283531
Tamil Nadu,131,Natham,K.MURUGESAN,MALE,36.0,SC,IND,Whistle,224,0,224,0.1,283531
Tamil Nadu,131,Natham,M.XAVIER JOSEPH KENNEDY,MALE,54.0,GENERAL,IND,Pot,189,5,194,0.09,283531
Tamil Nadu,131,Natham,JEYAPAUL R,MALE,41.0,GENERAL,IND,Bat,190,0,190,0.08,283531
Tamil Nadu,131,Natham,V.VEMBARASAN,MALE,47.0,GENERAL,MIDP,CCTV Camera,164,2,166,0.07,283531
Tamil Nadu,131,Natham,A.BALASUBRAMANI,MALE,37.0,GENERAL,IND,Air Conditioner,112,0,112,0.05,283531
Tamil Nadu,131,Natham,C.GURUSAMY,MALE,37.0,SC,IND,Gas Cylinder,95,1,96,0.04,283531
Tamil Nadu,132,Dindigul,SREENIVASAN.C,MALE,72.0,GENERAL,ADMK,Two Leaves,89685,910,90595,46.43,276820
Tamil Nadu,132,Dindigul,PANDI.N,MALE,63.0,GENERAL,CPI(M),"Hammer, Sickle and Star",70393,2455,72848,37.34,276820
Tamil Nadu,132,Dindigul,JAYASUNDAR.R,MALE,49.0,GENERAL,NTK,Ganna Kisan,14703,157,14860,7.62,276820
Tamil Nadu,132,Dindigul,RAJENDRAN.R,MALE,69.0,GENERAL,MNM,Battery Torch,8950,113,9063,4.64,276820
Tamil Nadu,132,Dindigul,RAMUTHEVAR.P,MALE,64.0,GENERAL,AMMKMNKZ,Pressure Cooker,2379,48,2427,1.24,276820
Tamil Nadu,132,Dindigul,NOTA,,,,NOTA,NOTA,1772,35,1807,0.93,276820
Tamil Nadu,132,Dindigul,BALASUBRAMANI.K,MALE,45.0,GENERAL,IND,Hat,561,9,570,0.29,276820
Tamil Nadu,132,Dindigul,ARASUR MANOHARAN.S,MALE,65.0,GENERAL,BSP,Elephant,492,9,501,0.26,276820
Tamil Nadu,132,Dindigul,BASKARAN CHELLAPPA.J,MALE,56.0,GENERAL,IND,DIAMOND,344,1,345,0.18,276820
Tamil Nadu,132,Dindigul,AKKAMMAL.S,FEMALE,54.0,SC,MIDP,CCTV Camera,301,4,305,0.16,276820
Tamil Nadu,132,Dindigul,MURUGESAN.A,MALE,50.0,SC,PT,Television,245,9,254,0.13,276820
Tamil Nadu,132,Dindigul,ALAGU PANDIAN.R,MALE,54.0,GENERAL,AMMK,Boat with Man and Sail,232,0,232,0.12,276820
Tamil Nadu,132,Dindigul,RAHAMATHULLA.M,MALE,36.0,GENERAL,IND,COCONUT FARM,209,1,210,0.11,276820
Tamil Nadu,132,Dindigul,ANBUROSE.D,MALE,48.0,GENERAL,IND,Auto- Rickshaw,190,1,191,0.1,276820
Tamil Nadu,132,Dindigul,NAGARAJ.N,MALE,38.0,GENERAL,IND,Harmonium,179,1,180,0.09,276820
Tamil Nadu,132,Dindigul,DHANASEKARAN.C,MALE,31.0,GENERAL,IND,Ring,165,1,166,0.09,276820
Tamil Nadu,132,Dindigul,HARI PRAKASH.M,MALE,25.0,SC,IND,Tiller,118,1,119,0.06,276820
Tamil Nadu,132,Dindigul,VIJAYAPANDI.P,MALE,37.0,GENERAL,IND,Camera,109,5,114,0.06,276820
Tamil Nadu,132,Dindigul,BALAJI.R,MALE,31.0,GENERAL,IND,SHIP,104,0,104,0.05,276820
Tamil Nadu,132,Dindigul,KARTHIKEYAN.V,MALE,50.0,GENERAL,APTADMK,Jackfruit,92,0,92,0.05,276820
Tamil Nadu,132,Dindigul,SENTHIL ALAGAPPAN.A,MALE,38.0,GENERAL,IND,Bricks,81,1,82,0.04,276820
Tamil Nadu,132,Dindigul,SIVAGANAM.A,MALE,43.0,SC,AMPK,Glass Tumbler,51,2,53,0.03,276820
Tamil Nadu,133,Vedasandur,GANDHIRAJAN S,MALE,70.0,GENERAL,DMK,Rising Sun,105157,1324,106481,49.97,263561
Tamil Nadu,133,Vedasandur,PARAMASIVAM V P B,MALE,40.0,GENERAL,ADMK,Two Leaves,88330,598,88928,41.73,263561
Tamil Nadu,133,Vedasandur,POTHUMANI R,FEMALE,53.0,GENERAL,NTK,Ganna Kisan,8441,54,8495,3.99,263561
Tamil Nadu,133,Vedasandur,RAMASAMY P,MALE,43.0,GENERAL,AMMKMNKZ,Pressure Cooker,2030,11,2041,0.96,263561
Tamil Nadu,133,Vedasandur,PALANICHAMY B,MALE,59.0,GENERAL,IND,Ring,1292,1,1293,0.61,263561
Tamil Nadu,133,Vedasandur,VETRIVEL S,MALE,31.0,GENERAL,MNM,Battery torch,1202,13,1215,0.57,263561
Tamil Nadu,133,Vedasandur,PRASATH R,MALE,29.0,SC,IND,Television,886,1,887,0.42,263561
Tamil Nadu,133,Vedasandur,NOTA,,,,NOTA,NOTA,798,5,803,0.38,263561
Tamil Nadu,133,Vedasandur,MUTHUSAMY V,MALE,45.0,GENERAL,IND,Electric Pole,739,1,740,0.35,263561
Tamil Nadu,133,Vedasandur,KARTHIKEYAN A,MALE,43.0,SC,MIDP,CCTV Camera,669,0,669,0.31,263561
Tamil Nadu,133,Vedasandur,MURUGAN P,MALE,48.0,SC,IND,Skipping Rope,489,0,489,0.23,263561
Tamil Nadu,133,Vedasandur,SUKUMAR V,MALE,43.0,SC,IND,DIAMOND,233,0,233,0.11,263561
Tamil Nadu,133,Vedasandur,NANDAKUMAR P,MALE,31.0,SC,IND,Safety Pin,124,0,124,0.06,263561
Tamil Nadu,133,Vedasandur,MURUGESAN K,MALE,49.0,SC,GPI,Lady Finger,123,0,123,0.06,263561
Tamil Nadu,133,Vedasandur,MANEESHANKAR M G,MALE,46.0,GENERAL,RSPS,Cup & Saucer,105,3,108,0.05,263561
Tamil Nadu,133,Vedasandur,KALIMUTHU V,MALE,30.0,GENERAL,SMKNK,Walking Stick,101,0,101,0.05,263561
Tamil Nadu,133,Vedasandur,DHARMALINGAM Dr MARUR N,MALE,76.0,GENERAL,IND,Auto- Rickshaw,78,3,81,0.04,263561
Tamil Nadu,133,Vedasandur,MOORTHY S,MALE,45.0,GENERAL,IND,Binoculars,77,0,77,0.04,263561
Tamil Nadu,133,Vedasandur,SARAVANA KUMAR K R,MALE,33.0,GENERAL,IND,Gift Pack,71,1,72,0.03,263561
Tamil Nadu,133,Vedasandur,SELVARAJ V,MALE,50.0,GENERAL,IND,Gas Cylinder,71,0,71,0.03,263561
Tamil Nadu,133,Vedasandur,RAMASAMY K,MALE,65.0,GENERAL,IND,Air Conditioner,48,1,49,0.02,263561
Tamil Nadu,134,Aravakurichi,ELANGO. R,MALE,50.0,GENERAL,DMK,Rising Sun,92215,1154,93369,52.72,213969
Tamil Nadu,134,Aravakurichi,ANNAMALAI. K,MALE,36.0,GENERAL,BJP,Lotus,67915,638,68553,38.71,213969
Tamil Nadu,134,Aravakurichi,ANITHA PARVEEN. M,FEMALE,38.0,GENERAL,NTK,Ganna Kisan,7156,32,7188,4.06,213969
Tamil Nadu,134,Aravakurichi,THANGAVEL. P. S. N,MALE,53.0,GENERAL,AMMKMNKZ,Pressure Cooker,1593,6,1599,0.9,213969
Tamil Nadu,134,Aravakurichi,MOHAMMED HANEEF SHAHIL. K. S,MALE,32.0,GENERAL,MNM,Battery torch,1375,7,1382,0.78,213969
Tamil Nadu,134,Aravakurichi,SARAVANAN. P,MALE,38.0,GENERAL,IND,DIAMOND,1236,0,1236,0.7,213969
Tamil Nadu,134,Aravakurichi,NOTA,,,,NOTA,NOTA,866,3,869,0.49,213969
Tamil Nadu,134,Aravakurichi,RAJKUMAR. R,MALE,39.0,GENERAL,TNLK,Ring,375,2,377,0.21,213969
Tamil Nadu,134,Aravakurichi,SATHEESHKUMAR. T,MALE,36.0,SC,IND,Helmet,336,0,336,0.19,213969
Tamil Nadu,134,Aravakurichi,SUNDARARAJ. R,MALE,41.0,SC,BSP,Elephant,328,0,328,0.19,213969
Tamil Nadu,134,Aravakurichi,MANOJPANDIYAN. J. M,MALE,30.0,SC,IND,Electric Pole,291,0,291,0.16,213969
Tamil Nadu,134,Aravakurichi,CHITHAMBARAM. A,MALE,42.0,GENERAL,IND,Gas Stove,241,0,241,0.14,213969
Tamil Nadu,134,Aravakurichi,MURUGESAN. M. S,MALE,51.0,SC,IND,HOCKEY and BALL,174,0,174,0.1,213969
Tamil Nadu,134,Aravakurichi,MATHIYALAGAN. P,MALE,29.0,SC,IND,Road Roller,160,0,160,0.09,213969
Tamil Nadu,134,Aravakurichi,SILAMBARASAN. P,MALE,32.0,SC,IND,Gift Pack,129,0,129,0.07,213969
Tamil Nadu,134,Aravakurichi,MAHESHMANI. T,MALE,34.0,GENERAL,IND,Gas Cylinder,104,0,104,0.06,213969
Tamil Nadu,134,Aravakurichi,SAKUNTHALA. N,FEMALE,42.0,GENERAL,IND,BISCUIT,79,0,79,0.04,213969
Tamil Nadu,134,Aravakurichi,KARTHIKEYAN. R,MALE,28.0,SC,IND,Capsicum,63,0,63,0.04,213969
Tamil Nadu,134,Aravakurichi,ARIVALAGAN. T,MALE,29.0,GENERAL,IND,Auto- Rickshaw,53,0,53,0.03,213969
Tamil Nadu,134,Aravakurichi,VAIRASEEMAN. G,MALE,35.0,SC,IND,Television,46,0,46,0.03,213969
Tamil Nadu,134,Aravakurichi,KARTHIK. D,MALE,29.0,GENERAL,IND,Cake,45,0,45,0.03,213969
Tamil Nadu,134,Aravakurichi,RAJENDIRAN. M,MALE,33.0,GENERAL,IND,Whistle,45,0,45,0.03,213969
Tamil Nadu,134,Aravakurichi,KIRUBANANTH. S,MALE,32.0,GENERAL,IND,Baby Walker,41,0,41,0.02,213969
Tamil Nadu,134,Aravakurichi,PERIYASAMY. M. R,MALE,53.0,GENERAL,IND,BOX,40,0,40,0.02,213969
Tamil Nadu,134,Aravakurichi,ARUMUGAM. R,MALE,49.0,SC,IND,BUCKET,29,0,29,0.02,213969
Tamil Nadu,134,Aravakurichi,SIVAKUMAR. A,MALE,41.0,SC,IND,Bat,27,0,27,0.02,213969
Tamil Nadu,134,Aravakurichi,BOOPATHY. S,MALE,28.0,SC,IND,Well,27,0,27,0.02,213969
Tamil Nadu,134,Aravakurichi,PITCHAIMUTHU. T,MALE,45.0,GENERAL,IND,Cup & Saucer,25,0,25,0.01,213969
Tamil Nadu,134,Aravakurichi,BASKARAN. N,MALE,27.0,GENERAL,IND,Tractor Chalata Kisan,23,1,24,0.01,213969
Tamil Nadu,134,Aravakurichi,SURESHBABU. S,MALE,38.0,GENERAL,IND,Air Conditioner,24,0,24,0.01,213969
Tamil Nadu,134,Aravakurichi,RAGUNATH. P,MALE,26.0,GENERAL,IND,Neck Tie,23,0,23,0.01,213969
Tamil Nadu,134,Aravakurichi,MOHANRAJ. C,MALE,37.0,GENERAL,SMKNK,Walking Stick,21,1,22,0.01,213969
Tamil Nadu,134,Aravakurichi,THANEGASALAM. R. V,MALE,61.0,GENERAL,IND,Football,20,1,21,0.01,213969
Tamil Nadu,134,Aravakurichi,PRABAKARAN. T,MALE,33.0,GENERAL,IND,Cauliflower,20,1,21,0.01,213969
Tamil Nadu,134,Aravakurichi,RANJITH. I,MALE,41.0,GENERAL,IND,Hat,21,0,21,0.01,213969
Tamil Nadu,134,Aravakurichi,RAMAGURU. R,MALE,39.0,GENERAL,IND,SHIP,18,1,19,0.01,213969
Tamil Nadu,134,Aravakurichi,SURESH. M,MALE,45.0,GENERAL,IND,Grapes,19,0,19,0.01,213969
Tamil Nadu,134,Aravakurichi,SELVAKUMAR. R,MALE,40.0,GENERAL,IND,Helicopter,19,0,19,0.01,213969
Tamil Nadu,134,Aravakurichi,PRAKASH. P,MALE,41.0,SC,IND,COMPUTER,16,0,16,0.01,213969
Tamil Nadu,134,Aravakurichi,PRABHU. G,MALE,38.0,SC,IND,Water Melon,16,0,16,0.01,213969
Tamil Nadu,134,Aravakurichi,VIVEKANANTHAN. V,MALE,29.0,SC,IND,Dustbin,13,0,13,0.01,213969
Tamil Nadu,135,Karur,SENTHILBALAJI V,MALE,45.0,GENERAL,DMK,Rising Sun,100356,1401,101757,49.08,245356
Tamil Nadu,135,Karur,VIJAYABHASKAR. M.R,MALE,55.0,GENERAL,ADMK,Two Leaves,88440,869,89309,43.08,245356
Tamil Nadu,135,Karur,KARUPPAIYA.R,MALE,55.0,GENERAL,NTK,Ganna Kisan,7286,30,7316,3.53,245356
Tamil Nadu,135,Karur,MOHANRAJ.S,MALE,43.0,GENERAL,MNM,Battery torch,4138,16,4154,2.0,245356
Tamil Nadu,135,Karur,NOTA,,,,NOTA,NOTA,954,7,961,0.46,245356
Tamil Nadu,135,Karur,THANGARAJ.N,MALE,47.0,GENERAL,DMDK,Nagara,946,7,953,0.46,245356
Tamil Nadu,135,Karur,RAVI.P,MALE,55.0,GENERAL,IND,Auto- Rickshaw,366,3,369,0.18,245356
Tamil Nadu,135,Karur,ANBAZHAGAN,MALE,31.0,GENERAL,IND,Pen Nib with Seven Rays,334,0,334,0.16,245356
Tamil Nadu,135,Karur,AADHIKRISHNAN.P,MALE,45.0,SC,BSP,Elephant,210,0,210,0.1,245356
Tamil Nadu,135,Karur,KANNAN.T,MALE,31.0,SC,IND,Diesel Pump,165,0,165,0.08,245356
Tamil Nadu,135,Karur,RAJESHKANNAN.S,MALE,42.0,GENERAL,IND,Dustbin,138,0,138,0.07,245356
Tamil Nadu,135,Karur,KATHIRAVAN.P,MALE,27.0,SC,IND,CUTTING PLIERS,114,0,114,0.05,245356
Tamil Nadu,135,Karur,DHANALAKSHMI.M,FEMALE,37.0,SC,GPI,Lady Finger,105,0,105,0.05,245356
Tamil Nadu,135,Karur,JAYAKUMAR.G,MALE,28.0,SC,IND,Peas,100,2,102,0.05,245356
Tamil Nadu,135,Karur,SHANMUGAM.N,MALE,50.0,GENERAL,SMKNK,Walking Stick,99,0,99,0.05,245356
Tamil Nadu,135,Karur,SURYA,MALE,29.0,GENERAL,IND,Cup & Saucer,96,0,96,0.05,245356
Tamil Nadu,135,Karur,MURUGESAN.A,MALE,49.0,GENERAL,IND,Television,83,1,84,0.04,245356
Tamil Nadu,135,Karur,BALAMANIKANDAN.K,MALE,44.0,GENERAL,IND,Ring,56,0,56,0.03,245356
Tamil Nadu,135,Karur,AMARSRI.M,MALE,42.0,SC,IND,Throwing a Javelin,56,0,56,0.03,245356
Tamil Nadu,135,Karur,KALAI RAJ.K,MALE,31.0,SC,IND,Helmet,51,0,51,0.02,245356
Tamil Nadu,135,Karur,SIVAKUMAR.V,MALE,40.0,GENERAL,IND,Coat,46,0,46,0.02,245356
Tamil Nadu,135,Karur,MOHAN.M.L.M,MALE,67.0,SC,IND,Swing,42,0,42,0.02,245356
Tamil Nadu,135,Karur,KRISHNAKUMAR.S,MALE,26.0,GENERAL,IND,Tent,42,0,42,0.02,245356
Tamil Nadu,135,Karur,JOSEPH.M.A,MALE,72.0,GENERAL,DMSK,Football,39,0,39,0.02,245356
Tamil Nadu,135,Karur,SIVASAMY.P,MALE,38.0,GENERAL,IND,Truck,37,0,37,0.02,245356
Tamil Nadu,135,Karur,MURUGANANTHAM.T,MALE,28.0,GENERAL,IND,Stumps,30,0,30,0.01,245356
Tamil Nadu,135,Karur,KARUNAMOORTHY.S,MALE,31.0,SC,IND,Balloon,29,0,29,0.01,245356
Tamil Nadu,135,Karur,ABILAZAN.N,MALE,32.0,SC,IND,COCONUT FARM,29,0,29,0.01,245356
Tamil Nadu,135,Karur,SHIVAKUMAR.K,MALE,48.0,GENERAL,IND,Laptop,29,0,29,0.01,245356
Tamil Nadu,135,Karur,AMARNATH.K,MALE,35.0,GENERAL,IND,Bead Necklace,28,0,28,0.01,245356
Tamil Nadu,135,Karur,VENKATESH PRABU.K,MALE,31.0,GENERAL,IND,Gramophone,26,0,26,0.01,245356
Tamil Nadu,135,Karur,VIGNESHWARAN.P,MALE,28.0,GENERAL,IND,DIAMOND,25,0,25,0.01,245356
Tamil Nadu,135,Karur,JOTHI SUTHARSAN,MALE,32.0,GENERAL,IND,Grapes,22,0,22,0.01,245356
Tamil Nadu,135,Karur,PRAKASH.N,MALE,42.0,GENERAL,IND,Frock,20,0,20,0.01,245356
Tamil Nadu,135,Karur,GOPALAKRISHNAN.A,MALE,35.0,GENERAL,IND,Water Melon,19,0,19,0.01,245356
Tamil Nadu,135,Karur,SUDHAKAR.L,MALE,40.0,GENERAL,IND,Gas Stove,19,0,19,0.01,245356
Tamil Nadu,135,Karur,SIVAKUMAR.N,MALE,55.0,GENERAL,IND,Cauliflower,18,0,18,0.01,245356
Tamil Nadu,135,Karur,PALANIVEL.P,MALE,40.0,SC,IND,Electric Pole,17,0,17,0.01,245356
Tamil Nadu,135,Karur,BANUMATHY,FEMALE,40.0,GENERAL,IND,Gas Cylinder,16,0,16,0.01,245356
Tamil Nadu,135,Karur,KAMARAJ.P,MALE,30.0,GENERAL,IND,Binoculars,15,0,15,0.01,245356
Tamil Nadu,135,Karur,VENKADESH.K,MALE,36.0,GENERAL,IND,Wallet,14,0,14,0.01,245356
Tamil Nadu,135,Karur,MOUNAGURUBALUSAMY.K,MALE,32.0,GENERAL,IND,Gift Pack,14,0,14,0.01,245356
Tamil Nadu,135,Karur,VIJAYABHASKAR.R.V,MALE,56.0,GENERAL,IND,SHIP,14,0,14,0.01,245356
Tamil Nadu,135,Karur,MUTHU. K.R,MALE,32.0,GENERAL,IND,Bat,14,0,14,0.01,245356
Tamil Nadu,135,Karur,DEEPANANDH.N,MALE,39.0,GENERAL,IND,Stool,14,0,14,0.01,245356
Tamil Nadu,135,Karur,NOOR MOHAMMED THOUFFIC.A,MALE,26.0,GENERAL,IND,Brief Case,13,0,13,0.01,245356
Tamil Nadu,135,Karur,VIJAYAN.K,MALE,35.0,GENERAL,IND,Capsicum,13,0,13,0.01,245356
Tamil Nadu,135,Karur,THIRUGNANAM.M,MALE,26.0,SC,IND,Football Player,13,0,13,0.01,245356
Tamil Nadu,135,Karur,SENTHILKUMAR.A,MALE,34.0,SC,IND,Air Conditioner,13,0,13,0.01,245356
Tamil Nadu,135,Karur,TAMILARASAN.K,MALE,44.0,SC,IND,Tractor Chalata Kisan,13,0,13,0.01,245356
Tamil Nadu,135,Karur,SAMIVEL.A,MALE,36.0,SC,IND,Mike,12,0,12,0.01,245356
Tamil Nadu,135,Karur,DANIYA,FEMALE,40.0,GENERAL,IND,Jackfruit,11,0,11,0.01,245356
Tamil Nadu,135,Karur,PRAKASH.A,MALE,29.0,GENERAL,IND,Batsman,11,0,11,0.01,245356
Tamil Nadu,135,Karur,MAHENDRAN,MALE,44.0,GENERAL,IND,Cake,11,0,11,0.01,245356
Tamil Nadu,135,Karur,MURALI.M,MALE,33.0,SC,IND,BUCKET,10,0,10,0.0,245356
Tamil Nadu,135,Karur,SATHISH.P,MALE,33.0,GENERAL,IND,CHESS BOARD,10,0,10,0.0,245356
Tamil Nadu,135,Karur,SARAVANAN.R,MALE,46.0,SC,IND,Nail Cutter,10,0,10,0.0,245356
Tamil Nadu,135,Karur,MANOJ.P,MALE,26.0,GENERAL,IND,CAN,10,0,10,0.0,245356
Tamil Nadu,135,Karur,SAMIAPPAN.K,MALE,43.0,GENERAL,IND,Ginger,10,0,10,0.0,245356
Tamil Nadu,135,Karur,VINOTHKUMAR,MALE,39.0,SC,IND,Carrom Board,9,0,9,0.0,245356
Tamil Nadu,135,Karur,SAMPATH.S,MALE,44.0,GENERAL,IND,CCTV Camera,9,0,9,0.0,245356
Tamil Nadu,135,Karur,SUBASH MALAYALAM.T,MALE,25.0,GENERAL,IND,Rubber Stamp,8,0,8,0.0,245356
Tamil Nadu,135,Karur,MUTHUKUMAR.G,MALE,48.0,GENERAL,IND,Pineapple,8,0,8,0.0,245356
Tamil Nadu,135,Karur,SUDHAKAR.S,MALE,40.0,GENERAL,IND,Well,7,0,7,0.0,245356
Tamil Nadu,135,Karur,THAMILALAGAN,MALE,35.0,SC,IND,Bricks,7,0,7,0.0,245356
Tamil Nadu,135,Karur,SELVAKUMAR.M,MALE,41.0,GENERAL,IND,Socks,7,0,7,0.0,245356
Tamil Nadu,135,Karur,DHANABAL,MALE,37.0,SC,IND,BISCUIT,7,0,7,0.0,245356
Tamil Nadu,135,Karur,BOOPATHI.P,MALE,28.0,GENERAL,IND,Ludo,6,0,6,0.0,245356
Tamil Nadu,135,Karur,PRAKASH.V,MALE,39.0,SC,IND,Pot,5,0,5,0.0,245356
Tamil Nadu,135,Karur,DURAISAMY.J,MALE,37.0,GENERAL,IND,Bicycle Pump,5,0,5,0.0,245356
Tamil Nadu,135,Karur,VEERAKUMAR.T,MALE,29.0,GENERAL,IND,Harmonium,5,0,5,0.0,245356
Tamil Nadu,135,Karur,PRASANTH.S,MALE,29.0,SC,IND,Camera,4,0,4,0.0,245356
Tamil Nadu,135,Karur,SANTHANAKUMAR.M,MALE,37.0,GENERAL,IND,CALCULATOR,3,1,4,0.0,245356
Tamil Nadu,135,Karur,PUSHPARAJ.P,MALE,38.0,GENERAL,IND,Dish Antenna,3,0,3,0.0,245356
Tamil Nadu,135,Karur,MANIVANNAN.S,MALE,48.0,GENERAL,IND,Almirah,3,0,3,0.0,245356
Tamil Nadu,135,Karur,SAKTHIKUMAR,MALE,35.0,GENERAL,IND,Hat,2,0,2,0.0,245356
Tamil Nadu,135,Karur,SENTHILKUMAR.A.M,MALE,46.0,GENERAL,IND,CUBE,2,0,2,0.0,245356
Tamil Nadu,135,Karur,MANIKANDAN.K,MALE,38.0,GENERAL,IND,FLUTE,2,0,2,0.0,245356
Tamil Nadu,136,Krishnarayapuram,SIVAGAMA SUNDARI.K,FEMALE,50.0,SC,DMK,Rising Sun,95321,1219,96540,53.37,213056
Tamil Nadu,136,Krishnarayapuram,MUTHUKUMAR,MALE,41.0,SC,ADMK,Two Leaves,64507,408,64915,35.88,213056
Tamil Nadu,136,Krishnarayapuram,ILAKIYA.R,FEMALE,30.0,SC,NTK,Ganna Kisan,9654,52,9706,5.37,213056
Tamil Nadu,136,Krishnarayapuram,KATHIRVEL.M,MALE,44.0,SC,DMDK,Nagara,1940,6,1946,1.08,213056
Tamil Nadu,136,Krishnarayapuram,SARAVANAN.V,MALE,45.0,SC,MNM,Battery torch,1837,11,1848,1.02,213056
Tamil Nadu,136,Krishnarayapuram,NOTA,,,,NOTA,NOTA,1172,5,1177,0.65,213056
Tamil Nadu,136,Krishnarayapuram,SIVAKUMAR. O,MALE,52.0,SC,IND,Peas,910,1,911,0.5,213056
Tamil Nadu,136,Krishnarayapuram,SELVAKUMAR.S,MALE,46.0,SC,IND,DIAMOND,710,0,710,0.39,213056
Tamil Nadu,136,Krishnarayapuram,MURUGESAN.R,MALE,45.0,SC,BSP,Elephant,538,2,540,0.3,213056
Tamil Nadu,136,Krishnarayapuram,SATHYARAJ,MALE,35.0,SC,IND,Tractor Chalata Kisan,433,0,433,0.24,213056
Tamil Nadu,136,Krishnarayapuram,CHINNASAMY.V,MALE,57.0,SC,IND,Throwing a Javelin,377,0,377,0.21,213056
Tamil Nadu,136,Krishnarayapuram,TAMIL SELVAN.M,MALE,45.0,SC,IND,Bat,242,0,242,0.13,213056
Tamil Nadu,136,Krishnarayapuram,SENTHILKUMAR.M,MALE,30.0,SC,IND,COCONUT FARM,214,0,214,0.12,213056
Tamil Nadu,136,Krishnarayapuram,ASHOKAN.P,MALE,52.0,SC,PT,Television,194,1,195,0.11,213056
Tamil Nadu,136,Krishnarayapuram,SAKTHIVEL.K,MALE,38.0,SC,IND,Binoculars,151,0,151,0.08,213056
Tamil Nadu,136,Krishnarayapuram,CHANDRA.P,FEMALE,41.0,SC,MIDP,CCTV Camera,128,0,128,0.07,213056
Tamil Nadu,136,Krishnarayapuram,RAJAGURU. M,MALE,37.0,SC,SMKNK,Walking Stick,121,1,122,0.07,213056
Tamil Nadu,136,Krishnarayapuram,KRISHNAMOORTHI.M,MALE,36.0,SC,IND,Gas Cylinder,119,0,119,0.07,213056
Tamil Nadu,136,Krishnarayapuram,RAJAGOPAL.K,MALE,33.0,SC,IND,Tongs,113,0,113,0.06,213056
Tamil Nadu,136,Krishnarayapuram,RAMESH.N.P,MALE,46.0,SC,IND,Pot,107,1,108,0.06,213056
Tamil Nadu,136,Krishnarayapuram,NARAYANAN.KR,MALE,52.0,SC,CPI(ML)(L),Flag with Three Stars,100,1,101,0.06,213056
Tamil Nadu,136,Krishnarayapuram,GOPI KRISHNAN.P,MALE,33.0,SC,IND,Football Player,97,0,97,0.05,213056
Tamil Nadu,136,Krishnarayapuram,MURUGANANTHAM.T,MALE,37.0,SC,IND,Electric Pole,69,0,69,0.04,213056
Tamil Nadu,136,Krishnarayapuram,NAGARAJAN. C,MALE,40.0,SC,IND,FLUTE,68,0,68,0.04,213056
Tamil Nadu,136,Krishnarayapuram,MAHAMUNI.A,MALE,37.0,SC,IND,Black Board,27,0,27,0.01,213056
Tamil Nadu,136,Krishnarayapuram,MAHESWARAN.A,MALE,35.0,SC,IND,Immersion Rod,24,0,24,0.01,213056
Tamil Nadu,136,Krishnarayapuram,MUHILAN.T,MALE,40.0,SC,IND,BUCKET,21,0,21,0.01,213056
Tamil Nadu,137,Kulithalai,R.Manickam,MALE,61.0,GENERAL,DMK,Rising Sun,99285,1544,100829,51.06,227279
Tamil Nadu,137,Kulithalai,N.R.Chandrasekar,MALE,63.0,GENERAL,ADMK,Two Leaves,76579,710,77289,39.14,227279
Tamil Nadu,137,Kulithalai,Seeni.Prakasu,MALE,47.0,GENERAL,NTK,Ganna Kisan,11426,85,11511,5.83,227279
Tamil Nadu,137,Kulithalai,NOTA,,,,NOTA,NOTA,1187,4,1191,0.6,227279
Tamil Nadu,137,Kulithalai,R.Saravanan,MALE,54.0,GENERAL,IND,DIAMOND,834,4,838,0.42,227279
Tamil Nadu,137,Kulithalai,V.Nirosha,FEMALE,32.0,GENERAL,AMMKMNKZ,Pressure Cooker,754,7,761,0.39,227279
Tamil Nadu,137,Kulithalai,R.Chandrasekar,MALE,36.0,GENERAL,IND,Peas,674,20,694,0.35,227279
Tamil Nadu,137,Kulithalai,S.Manikandan,MALE,37.0,GENERAL,IJK,Auto- Rickshaw,670,4,674,0.34,227279
Tamil Nadu,137,Kulithalai,V.Vellaiyan,MALE,60.0,SC,IND,Scissors,612,0,612,0.31,227279
Tamil Nadu,137,Kulithalai,P.Anbalagan,MALE,37.0,SC,BSP,Elephant,585,5,590,0.3,227279
Tamil Nadu,137,Kulithalai,K.Suresh,MALE,31.0,SC,IND,Electric Pole,490,4,494,0.25,227279
Tamil Nadu,137,Kulithalai,M.Sankar,MALE,32.0,GENERAL,SMKNK,Walking Stick,455,5,460,0.23,227279
Tamil Nadu,137,Kulithalai,B.Selvaraj,MALE,61.0,GENERAL,IND,Ring,399,0,399,0.2,227279
Tamil Nadu,137,Kulithalai,V.Alex Mouris,MALE,30.0,GENERAL,IND,COCONUT FARM,244,1,245,0.12,227279
Tamil Nadu,137,Kulithalai,M.Saravanan,MALE,44.0,SC,IND,Camera,213,8,221,0.11,227279
Tamil Nadu,137,Kulithalai,A.Subethar,MALE,38.0,GENERAL,TPSTP,Tractor Chalata Kisan,213,2,215,0.11,227279
Tamil Nadu,137,Kulithalai,S.Barani,MALE,27.0,GENERAL,IND,Football Player,184,0,184,0.09,227279
Tamil Nadu,137,Kulithalai,S.Kandasamy,MALE,63.0,SC,IND,Lady Finger,138,0,138,0.07,227279
Tamil Nadu,137,Kulithalai,R.Kalyana Sundaram,MALE,54.0,GENERAL,IND,Matchbox,109,2,111,0.06,227279
Tamil Nadu,138,Manapparai,ABDUL SAMAD P,MALE,52.0,GENERAL,DMK,Rising Sun,96204,1873,98077,44.23,289713
Tamil Nadu,138,Manapparai,CHANDRASEKAR.R,MALE,54.0,GENERAL,ADMK,Two Leaves,85133,701,85834,38.71,289713
Tamil Nadu,138,Manapparai,KANIMOZHI.P,FEMALE,31.0,GENERAL,NTK,Ganna Kisan,19358,92,19450,8.77,289713
Tamil Nadu,138,Manapparai,KRISHNAGOPAL P,MALE,51.0,GENERAL,DMDK,Nagara,10666,53,10719,4.83,289713
Tamil Nadu,138,Manapparai,CHANDRASEKAR V,MALE,42.0,GENERAL,IND,Peas,1255,4,1259,0.57,289713
Tamil Nadu,138,Manapparai,NOTA,,,,NOTA,NOTA,1002,7,1009,0.46,289713
Tamil Nadu,138,Manapparai,UMARANI K,FEMALE,37.0,GENERAL,IJK,Auto- Rickshaw,908,6,914,0.41,289713
Tamil Nadu,138,Manapparai,CHINNAN P,MALE,46.0,GENERAL,IND,Cake,649,1,650,0.29,289713
Tamil Nadu,138,Manapparai,SUBRAMANIAN P,MALE,53.0,SC,IND,SHIP,628,0,628,0.28,289713
Tamil Nadu,138,Manapparai,ELAYARAJA C,MALE,43.0,SC,IND,Television,544,3,547,0.25,289713
Tamil Nadu,138,Manapparai,NIRMAL KUMAR M,MALE,41.0,GENERAL,IND,Tractor Chalata Kisan,543,1,544,0.25,289713
Tamil Nadu,138,Manapparai,SATHYA PRIYA A,FEMALE,34.0,GENERAL,IND,FLUTE,301,6,307,0.14,289713
Tamil Nadu,138,Manapparai,ARPUTHASAMY V,MALE,40.0,GENERAL,IND,DIAMOND,286,1,287,0.13,289713
Tamil Nadu,138,Manapparai,CHITHAIYAN T,MALE,37.0,SC,IND,Ring,261,9,270,0.12,289713
Tamil Nadu,138,Manapparai,SAKTHIVEL.M,MALE,36.0,SC,CPI(ML)(L),Flag with Three Stars,186,5,191,0.09,289713
Tamil Nadu,138,Manapparai,DAVID P,MALE,38.0,GENERAL,IND,Green Chilli,179,1,180,0.08,289713
Tamil Nadu,138,Manapparai,KARTHICK KRISHNA P,MALE,26.0,GENERAL,IND,Matchbox,173,0,173,0.08,289713
Tamil Nadu,138,Manapparai,RASU P,MALE,53.0,GENERAL,IND,Pressure Cooker,169,0,169,0.08,289713
Tamil Nadu,138,Manapparai,PANDIAN V,MALE,52.0,GENERAL,ETMK,Whistle,128,1,129,0.06,289713
Tamil Nadu,138,Manapparai,ILANGOVAN S,MALE,50.0,GENERAL,IND,Electric Pole,122,1,123,0.06,289713
Tamil Nadu,138,Manapparai,PRASANNA KUMAR P,MALE,38.0,GENERAL,IND,Lighter,113,0,113,0.05,289713
Tamil Nadu,138,Manapparai,JEYAPANDIAN D,MALE,31.0,GENERAL,IND,BUCKET,93,0,93,0.04,289713
Tamil Nadu,138,Manapparai,VARADAN.M,MALE,67.0,ST,LJP,Bungalow,81,1,82,0.04,289713
Tamil Nadu,139,Srirangam,Palaniyandi.M,MALE,53.0,GENERAL,DMK,Rising Sun,112009,1895,113904,47.41,311716
Tamil Nadu,139,Srirangam,KuPa Krishnan,MALE,70.0,GENERAL,ADMK,Two Leaves,93131,858,93989,39.12,311716
Tamil Nadu,139,Srirangam,K.Selvarathi,FEMALE,38.0,GENERAL,NTK,Ganna Kisan,17793,118,17911,7.46,311716
Tamil Nadu,139,Srirangam,Y.Jacob,MALE,48.0,GENERAL,IND,Battery torch,4031,51,4082,1.7,311716
Tamil Nadu,139,Srirangam,Sarubala.R.Thondaiman,FEMALE,62.0,GENERAL,AMMKMNKZ,Pressure Cooker,3448,39,3487,1.45,311716
Tamil Nadu,139,Srirangam,NOTA,,,,NOTA,NOTA,2391,26,2417,1.01,311716
Tamil Nadu,139,Srirangam,S.Francis Mery,FEMALE,42.0,GENERAL,IJK,Auto- Rickshaw,1062,5,1067,0.44,311716
Tamil Nadu,139,Srirangam,G.Selvakumar,MALE,36.0,SC,BSP,Elephant,805,6,811,0.34,311716
Tamil Nadu,139,Srirangam,Annalakshmi,FEMALE,38.0,GENERAL,DMSK,Football,606,2,608,0.25,311716
Tamil Nadu,139,Srirangam,V.Sethumadhavan,MALE,39.0,GENERAL,IND,DIAMOND,594,0,594,0.25,311716
Tamil Nadu,139,Srirangam,P.Ravichandran,MALE,48.0,GENERAL,IND,Electric Pole,422,1,423,0.18,311716
Tamil Nadu,139,Srirangam,S.Suresh,MALE,26.0,SC,IND,COCONUT FARM,386,2,388,0.16,311716
Tamil Nadu,139,Srirangam,Daniel Jude Martin,MALE,41.0,GENERAL,MKLMNTRAPR,Bat,207,3,210,0.09,311716
Tamil Nadu,139,Srirangam,R.Uma,FEMALE,37.0,GENERAL,IND,Bangles,157,6,163,0.07,311716
Tamil Nadu,139,Srirangam,M.Amsavalli,FEMALE,51.0,SC,IND,Balloon,95,2,97,0.04,311716
Tamil Nadu,139,Srirangam,P.Balasubramanian,MALE,35.0,SC,SMKNK,Walking Stick,88,1,89,0.04,311716
Tamil Nadu,140,Tiruchirappalli (West),"Nehru, K.N.",MALE,68.0,GENERAL,DMK,Rising Sun,116018,2115,118133,64.52,269194
Tamil Nadu,140,Tiruchirappalli (West),"Padmanathan, V.",MALE,56.0,GENERAL,ADMK,Two Leaves,32632,392,33024,18.04,269194
Tamil Nadu,140,Tiruchirappalli (West),"Vinodh, V.",MALE,35.0,GENERAL,NTK,Ganna Kisan,15637,88,15725,8.59,269194
Tamil Nadu,140,Tiruchirappalli (West),"Abubacker Siddiq, M.",MALE,37.0,GENERAL,MNM,Battery torch,10466,80,10546,5.76,269194
Tamil Nadu,140,Tiruchirappalli (West),"Abdullah Hassan Faizy, R.",MALE,31.0,GENERAL,SDPI,Pressure Cooker,2525,20,2545,1.39,269194
Tamil Nadu,140,Tiruchirappalli (West),NOTA,,,,NOTA,NOTA,2079,38,2117,1.16,269194
Tamil Nadu,140,Tiruchirappalli (West),"Sudha, R.",FEMALE,35.0,GENERAL,IND,COCONUT FARM,216,6,222,0.12,269194
Tamil Nadu,140,Tiruchirappalli (West),"Vasudevan, A.",MALE,57.0,GENERAL,IND,Peas,211,0,211,0.12,269194
Tamil Nadu,140,Tiruchirappalli (West),"Kalpana, T.",FEMALE,48.0,GENERAL,IND,Pineapple,193,3,196,0.11,269194
Tamil Nadu,140,Tiruchirappalli (West),"Shajahan, R.",MALE,54.0,GENERAL,IND,Auto- Rickshaw,181,0,181,0.1,269194
Tamil Nadu,140,Tiruchirappalli (West),"Dheepan, M.",MALE,30.0,GENERAL,IND,Kettle,65,1,66,0.04,269194
Tamil Nadu,140,Tiruchirappalli (West),"Selvaraj, D.",MALE,57.0,GENERAL,IND,Balloon,48,0,48,0.03,269194
Tamil Nadu,140,Tiruchirappalli (West),"Sahabudheen, A.J.",MALE,44.0,GENERAL,IND,Mixee,41,2,43,0.02,269194
Tamil Nadu,140,Tiruchirappalli (West),"Sundar Rajulu, G.",MALE,52.0,GENERAL,IND,Bricks,40,2,42,0.02,269194
Tamil Nadu,141,Tiruchirappalli (East),"INIGO IRUDAYARAJ,S.",MALE,48.0,GENERAL,DMK,Rising Sun,92645,1657,94302,54.56,255051
Tamil Nadu,141,Tiruchirappalli (East),"VELLAMANDI NATARAJAN,N.",MALE,71.0,GENERAL,ADMK,Two Leaves,40109,396,40505,23.43,255051
Tamil Nadu,141,Tiruchirappalli (East),"PRABU,R.",MALE,42.0,GENERAL,NTK,Ganna Kisan,14211,101,14312,8.28,255051
Tamil Nadu,141,Tiruchirappalli (East),"VEERASAKTHI,D.",MALE,48.0,GENERAL,MNM,Battery torch,11309,87,11396,6.59,255051
Tamil Nadu,141,Tiruchirappalli (East),MANOHARAN.R.,MALE,65.0,GENERAL,AMMKMNKZ,Pressure Cooker,9010,79,9089,5.26,255051
Tamil Nadu,141,Tiruchirappalli (East),NOTA,,,,NOTA,NOTA,1504,31,1535,0.89,255051
Tamil Nadu,141,Tiruchirappalli (East),"RAJA,S.",MALE,39.0,GENERAL,IND,COCONUT FARM,381,1,382,0.22,255051
Tamil Nadu,141,Tiruchirappalli (East),"BALAMURUGAN,A.",MALE,42.0,GENERAL,IND,DIAMOND,211,0,211,0.12,255051
Tamil Nadu,141,Tiruchirappalli (East),"JAHIR HUSSAIN,M.",MALE,34.0,GENERAL,IND,Grapes,207,1,208,0.12,255051
Tamil Nadu,141,Tiruchirappalli (East),"SHEIK ABDULLAH,R.",MALE,31.0,GENERAL,IND,Auto- Rickshaw,199,0,199,0.12,255051
Tamil Nadu,141,Tiruchirappalli (East),"MANOHARAN,M.",MALE,57.0,GENERAL,IND,Kettle,157,0,157,0.09,255051
Tamil Nadu,141,Tiruchirappalli (East),VIJAIA MOHANAAJI,MALE,68.0,GENERAL,VidVP,Scissors,105,0,105,0.06,255051
Tamil Nadu,141,Tiruchirappalli (East),"ARAVINDAN,P.",MALE,45.0,GENERAL,IND,Matchbox,85,0,85,0.05,255051
Tamil Nadu,141,Tiruchirappalli (East),"CHARLES SAGAYARAJ,P.",MALE,44.0,GENERAL,IND,Cake,69,4,73,0.04,255051
Tamil Nadu,141,Tiruchirappalli (East),"DEVAKUMAR,T.",MALE,50.0,GENERAL,IND,T.V. Remote,72,1,73,0.04,255051
Tamil Nadu,141,Tiruchirappalli (East),"AROCKIA SATHEESH,A.",MALE,39.0,GENERAL,IND,Bread,69,1,70,0.04,255051
Tamil Nadu,141,Tiruchirappalli (East),"IRUDAYARAJ,S.",MALE,60.0,GENERAL,IND,Stool,55,3,58,0.03,255051
Tamil Nadu,141,Tiruchirappalli (East),"GASPAR REGAN,S.",MALE,34.0,GENERAL,IND,BELT,49,1,50,0.03,255051
Tamil Nadu,141,Tiruchirappalli (East),"MARUTHAMUTHU,N.",MALE,37.0,GENERAL,IND,Cauliflower,45,1,46,0.03,255051
Tamil Nadu,142,Thiruverumbur,ANBIL MAHESH POYYAMOZHI,MALE,43.0,GENERAL,DMK,Rising Sun,103673,1751,105424,53.51,293196
Tamil Nadu,142,Thiruverumbur,P KUMAR,MALE,49.0,GENERAL,ADMK,Two Leaves,55309,418,55727,28.29,293196
Tamil Nadu,142,Thiruverumbur,V CHOLASOORAN,MALE,40.0,GENERAL,NTK,Ganna Kisan,15628,91,15719,7.98,293196
Tamil Nadu,142,Thiruverumbur,MURUGANANDAM M,MALE,45.0,GENERAL,MNM,Battery torch,14547,131,14678,7.45,293196
Tamil Nadu,142,Thiruverumbur,S. SENTHILKUMAR,MALE,51.0,GENERAL,DMDK,Nagara,2260,33,2293,1.16,293196
Tamil Nadu,142,Thiruverumbur,NOTA,,,,NOTA,NOTA,1403,15,1418,0.72,293196
Tamil Nadu,142,Thiruverumbur,S.SAKTHIVEL,MALE,65.0,GENERAL,NGPP,Pot,414,2,416,0.21,293196
Tamil Nadu,142,Thiruverumbur,K.M. KARTHIK,MALE,38.0,SC,TNLK,Ring,408,5,413,0.21,293196
Tamil Nadu,142,Thiruverumbur,MALATHI RAVICHANDRAN,FEMALE,34.0,SC,BSP,Elephant,225,1,226,0.11,293196
Tamil Nadu,142,Thiruverumbur,JESTIN RAJA,MALE,45.0,GENERAL,IND,Bread,222,2,224,0.11,293196
Tamil Nadu,142,Thiruverumbur,K. PALANISAMY,MALE,32.0,GENERAL,VTVTK,Pestle and Mortar,122,1,123,0.06,293196
Tamil Nadu,142,Thiruverumbur,N. RAJU,MALE,55.0,SC,IND,Auto- Rickshaw,88,0,88,0.04,293196
Tamil Nadu,142,Thiruverumbur,R. PRIYA,FEMALE,40.0,SC,IND,Window,72,0,72,0.04,293196
Tamil Nadu,142,Thiruverumbur,S CHARLES,MALE,65.0,GENERAL,IND,Gift Pack,68,3,71,0.04,293196
Tamil Nadu,142,Thiruverumbur,A. RAJA MOHAMED,MALE,47.0,GENERAL,IND,Binoculars,67,0,67,0.03,293196
Tamil Nadu,142,Thiruverumbur,N. MUNIYANDI,MALE,49.0,GENERAL,IND,Matchbox,52,2,54,0.03,293196
Tamil Nadu,143,Lalgudi,A.SOUNDARAPANDIAN,MALE,56.0,GENERAL,DMK,Rising Sun,83264,1650,84914,48.59,218131
Tamil Nadu,143,Lalgudi,D.R.DHARMARAJ,MALE,57.0,GENERAL,ADMK,Two Leaves,67612,353,67965,38.89,218131
Tamil Nadu,143,Lalgudi,I.MALAR TAMIL PRABHA,FEMALE,28.0,GENERAL,NTK,Ganna Kisan,16134,114,16248,9.3,218131
Tamil Nadu,143,Lalgudi,M.VIJAYAMURTHY,MALE,64.0,GENERAL,AMMKMNKZ,Pressure Cooker,2913,28,2941,1.68,218131
Tamil Nadu,143,Lalgudi,NOTA,,,,NOTA,NOTA,1191,9,1200,0.69,218131
Tamil Nadu,143,Lalgudi,U.JOHNSON,MALE,67.0,GENERAL,IND,Bat,303,1,304,0.17,218131
Tamil Nadu,143,Lalgudi,K.KAMARAJ,MALE,54.0,SC,SMKNK,Walking Stick,268,2,270,0.15,218131
Tamil Nadu,143,Lalgudi,ANBIL K.THANGAMANI,MALE,77.0,GENERAL,IND,DIAMOND,246,1,247,0.14,218131
Tamil Nadu,143,Lalgudi,R.SILAMBARASAN,MALE,31.0,SC,AMGRDMK,Pan,138,0,138,0.08,218131
Tamil Nadu,143,Lalgudi,P.NAMBIRAJAN,MALE,52.0,SC,PT,Television,123,1,124,0.07,218131
Tamil Nadu,143,Lalgudi,K.DHARMARAJ,MALE,49.0,SC,IND,Scissors,120,0,120,0.07,218131
Tamil Nadu,143,Lalgudi,A.ANANDHKUMAR,MALE,26.0,GENERAL,IND,Balloon,92,4,96,0.05,218131
Tamil Nadu,143,Lalgudi,P.M.SAHADEVAN,MALE,55.0,GENERAL,IND,Hat,65,0,65,0.04,218131
Tamil Nadu,143,Lalgudi,VEERAN.MUTHUKUMAR,MALE,47.0,GENERAL,SHS,BISCUIT,64,1,65,0.04,218131
Tamil Nadu,143,Lalgudi,K.ANANTHABABU,MALE,40.0,SC,IND,BUCKET,56,1,57,0.03,218131
Tamil Nadu,144,Manachanallur,S. KATHIRAVAN,MALE,46.0,GENERAL,DMK,Rising Sun,114451,1883,116334,59.14,244202
Tamil Nadu,144,Manachanallur,M. PARANJOTHI,MALE,60.0,GENERAL,ADMK,Two Leaves,56366,350,56716,28.83,244202
Tamil Nadu,144,Manachanallur,Dr. KRISHNASAMY. V,MALE,34.0,GENERAL,NTK,Ganna Kisan,14361,82,14443,7.34,244202
Tamil Nadu,144,Manachanallur,R. SAMSON,MALE,53.0,GENERAL,MNM,Battery torch,1975,21,1996,1.01,244202
Tamil Nadu,144,Manachanallur,M. RAJASEKHARN,MALE,59.0,GENERAL,AMMKMNKZ,Pressure Cooker,1619,12,1631,0.83,244202
Tamil Nadu,144,Manachanallur,NOTA,,,,NOTA,NOTA,1055,12,1067,0.54,244202
Tamil Nadu,144,Manachanallur,V.M. SELVARAJ,MALE,65.0,SC,IND,Typewriter,576,1,577,0.29,244202
Tamil Nadu,144,Manachanallur,P. RAJARAM,MALE,49.0,GENERAL,IND,DIAMOND,482,0,482,0.25,244202
Tamil Nadu,144,Manachanallur,V. INDIRANI,FEMALE,50.0,GENERAL,BSP,Elephant,448,3,451,0.23,244202
Tamil Nadu,144,Manachanallur,C. ARULMANI,MALE,64.0,GENERAL,AIVP,Jackfruit,379,0,379,0.19,244202
Tamil Nadu,144,Manachanallur,T. RENGARAJ,MALE,31.0,GENERAL,TNLK,Ring,240,0,240,0.12,244202
Tamil Nadu,144,Manachanallur,K.R.ELAIYARAJA,MALE,35.0,SC,IND,Pot,237,0,237,0.12,244202
Tamil Nadu,144,Manachanallur,V. RAJU,MALE,49.0,GENERAL,IND,Electric Pole,230,1,231,0.12,244202
Tamil Nadu,144,Manachanallur,V. GOPALAKRISHNAN,MALE,49.0,GENERAL,IND,Football,206,0,206,0.1,244202
Tamil Nadu,144,Manachanallur,P. NEELAMEGAM,MALE,74.0,GENERAL,IND,Telephone,192,0,192,0.1,244202
Tamil Nadu,144,Manachanallur,S. PUGAZHENTHI,MALE,37.0,SC,IND,COCONUT FARM,166,2,168,0.09,244202
Tamil Nadu,144,Manachanallur,R. SUDHA,FEMALE,34.0,GENERAL,IND,Laptop,158,3,161,0.08,244202
Tamil Nadu,144,Manachanallur,M. DHINAKARAN,MALE,46.0,SC,PT,Television,155,3,158,0.08,244202
Tamil Nadu,144,Manachanallur,R. RAJASEHAR,MALE,48.0,GENERAL,IND,Hat,135,2,137,0.07,244202
Tamil Nadu,144,Manachanallur,P. JAGADEESAN,MALE,58.0,GENERAL,MIDP,CCTV Camera,110,2,112,0.06,244202
Tamil Nadu,144,Manachanallur,K. RAJINIKANTH,MALE,41.0,GENERAL,IND,Tiller,110,0,110,0.06,244202
Tamil Nadu,144,Manachanallur,P. RAMALINGAM,MALE,58.0,GENERAL,IND,Matchbox,107,2,109,0.06,244202
Tamil Nadu,144,Manachanallur,K. GURUNATHAN,MALE,39.0,GENERAL,SMKNK,Walking Stick,103,0,103,0.05,244202
Tamil Nadu,144,Manachanallur,V. MUTHUSAMY,MALE,70.0,GENERAL,IND,Slate,100,0,100,0.05,244202
Tamil Nadu,144,Manachanallur,S. ROHINI,FEMALE,27.0,GENERAL,MKLMNTRAPR,Bat,89,2,91,0.05,244202
Tamil Nadu,144,Manachanallur,N. MOHAN,MALE,35.0,SC,IND,Bangles,91,0,91,0.05,244202
Tamil Nadu,144,Manachanallur,K. MANIMARABOOPATHI,MALE,55.0,GENERAL,IND,Grapes,61,0,61,0.03,244202
Tamil Nadu,144,Manachanallur,S. MANOJ KUMAR,MALE,34.0,GENERAL,IND,Green Chilli,55,0,55,0.03,244202
Tamil Nadu,144,Manachanallur,A.C. MANOHARAN,MALE,57.0,SC,IND,Gift Pack,43,0,43,0.02,244202
Tamil Nadu,144,Manachanallur,P. MACHAVALLAVAN,MALE,51.0,SC,IND,Petrol Pump,38,0,38,0.02,244202
Tamil Nadu,145,Musiri,N. Thiyagarajan,MALE,60.0,GENERAL,DMK,Rising Sun,88487,2137,90624,50.43,232654
Tamil Nadu,145,Musiri,M. Selvarasu,MALE,54.0,GENERAL,ADMK,Two Leaves,63179,609,63788,35.5,232654
Tamil Nadu,145,Musiri,Sridevi Ilangovan,FEMALE,45.0,GENERAL,NTK,Ganna Kisan,14207,104,14311,7.96,232654
Tamil Nadu,145,Musiri,Kumar.K.S,MALE,44.0,GENERAL,DMDK,Nagara,3153,29,3182,1.77,232654
Tamil Nadu,145,Musiri,S. Gokul,MALE,28.0,GENERAL,MNM,Battery torch,2467,32,2499,1.39,232654
Tamil Nadu,145,Musiri,NOTA,,,,NOTA,NOTA,1081,11,1092,0.61,232654
Tamil Nadu,145,Musiri,N. Sivakumar,MALE,38.0,GENERAL,IND,Throwing a Javelin,513,0,513,0.29,232654
Tamil Nadu,145,Musiri,T. Senthil Kumar,MALE,40.0,GENERAL,IND,DIAMOND,497,0,497,0.28,232654
Tamil Nadu,145,Musiri,T. Periyathambi,MALE,66.0,GENERAL,IND,Wheel Barrow,462,1,463,0.26,232654
Tamil Nadu,145,Musiri,V. Bernardshaw,MALE,75.0,SC,BSP,Elephant,458,0,458,0.25,232654
Tamil Nadu,145,Musiri,Shanmugam,MALE,36.0,GENERAL,IND,COCONUT FARM,361,2,363,0.2,232654
Tamil Nadu,145,Musiri,N. Saminathan,MALE,52.0,GENERAL,IND,Balloon,313,4,317,0.18,232654
Tamil Nadu,145,Musiri,R. Michael,MALE,43.0,GENERAL,IND,Almirah,297,0,297,0.17,232654
Tamil Nadu,145,Musiri,Gautham. S,MALE,30.0,GENERAL,RSPS,Cup & Saucer,251,2,253,0.14,232654
Tamil Nadu,145,Musiri,Devanur Karthick,MALE,26.0,GENERAL,IND,Truck,227,0,227,0.13,232654
Tamil Nadu,145,Musiri,"A.Chandran. M.Sc.,",MALE,32.0,GENERAL,IND,Mike,174,1,175,0.1,232654
Tamil Nadu,145,Musiri,V. Natarajan,MALE,46.0,GENERAL,IND,Auto- Rickshaw,164,0,164,0.09,232654
Tamil Nadu,145,Musiri,"P. Loganathan. M.sc.,",MALE,27.0,GENERAL,IND,Scissors,160,1,161,0.09,232654
Tamil Nadu,145,Musiri,D. Dharmalingam,MALE,39.0,GENERAL,SMKNK,Walking Stick,109,1,110,0.06,232654
Tamil Nadu,145,Musiri,N. Aravan,MALE,30.0,GENERAL,IND,BUCKET,108,0,108,0.06,232654
Tamil Nadu,145,Musiri,R. Anandhan,MALE,47.0,GENERAL,IND,Pencil Box,103,1,104,0.06,232654
Tamil Nadu,146,Thuraiyur,S.STALINKUMAR,MALE,36.0,SC,DMK,Rising Sun,85802,1984,87786,49.91,226152
Tamil Nadu,146,Thuraiyur,T.INDRAGANDHI,FEMALE,52.0,SC,ADMK,Two Leaves,65257,458,65715,37.36,226152
Tamil Nadu,146,Thuraiyur,R.TAMILZHSELVI,FEMALE,38.0,SC,NTK,Ganna Kisan,13074,84,13158,7.48,226152
Tamil Nadu,146,Thuraiyur,T.N. YUVARAJAN,MALE,29.0,SC,MNM,Battery torch,2489,39,2528,1.44,226152
Tamil Nadu,146,Thuraiyur,K.SUBRAMANIAN,MALE,47.0,SC,AMMKMNKZ,Pressure Cooker,2404,31,2435,1.38,226152
Tamil Nadu,146,Thuraiyur,NOTA,,,,NOTA,NOTA,1580,14,1594,0.91,226152
Tamil Nadu,146,Thuraiyur,S.ESWARAMOORTHY,MALE,41.0,SC,BSP,Elephant,865,2,867,0.49,226152
Tamil Nadu,146,Thuraiyur,K.GUNASEKARAN,MALE,45.0,SC,PT,Television,539,2,541,0.31,226152
Tamil Nadu,146,Thuraiyur,S.KARUPPIAH,MALE,58.0,SC,IND,Bangles,314,6,320,0.18,226152
Tamil Nadu,146,Thuraiyur,SRINIVASAN J,MALE,44.0,SC,IND,CUBE,316,1,317,0.18,226152
Tamil Nadu,146,Thuraiyur,K.SUNDARRAJ,MALE,61.0,SC,IND,Boat with Man and Sail,230,0,230,0.13,226152
Tamil Nadu,146,Thuraiyur,K.JAYAKKANNAN,MALE,42.0,SC,MMKA,Matchbox,164,2,166,0.09,226152
Tamil Nadu,146,Thuraiyur,A.SEERANGAN,MALE,55.0,SC,IND,Gas Cylinder,119,0,119,0.07,226152
Tamil Nadu,146,Thuraiyur,M.MALARMANNAN,MALE,33.0,SC,SMKNK,Walking Stick,100,0,100,0.06,226152
Tamil Nadu,147,Perambalur,"PRABHAHARAN, M.",MALE,47.0,SC,DMK,Rising Sun,119636,2454,122090,50.87,302758
Tamil Nadu,147,Perambalur,"THAMIZHSELVAN, R.",MALE,47.0,SC,ADMK,Two Leaves,90325,731,91056,37.94,302758
Tamil Nadu,147,Perambalur,"MAHESHWARI, M.",FEMALE,39.0,SC,NTK,Ganna Kisan,18592,81,18673,7.78,302758
Tamil Nadu,147,Perambalur,"RAJENDRAN, K.",MALE,38.0,SC,DMDK,Nagara,2918,14,2932,1.22,302758
Tamil Nadu,147,Perambalur,NOTA,,,,NOTA,NOTA,1867,17,1884,0.78,302758
Tamil Nadu,147,Perambalur,"SASIKALA, M.",FEMALE,43.0,SC,IJK,Auto- Rickshaw,1073,7,1080,0.45,302758
Tamil Nadu,147,Perambalur,"RADHIKA, T.",FEMALE,29.0,SC,PT,Television,994,9,1003,0.42,302758
Tamil Nadu,147,Perambalur,"RAJENDRAN, K.",MALE,55.0,SC,BSP,Elephant,519,1,520,0.22,302758
Tamil Nadu,147,Perambalur,"GUNASEKARAN, A.",MALE,47.0,SC,NCP,Clock,405,4,409,0.17,302758
Tamil Nadu,147,Perambalur,"SATHISH, S.",MALE,42.0,SC,IND,Hat,379,0,379,0.16,302758
Tamil Nadu,148,Kunnam,"SIVASANKAR, S.S.",MALE,51.0,GENERAL,DMK,Rising Sun,102707,1215,103922,47.26,273526
Tamil Nadu,148,Kunnam,"RAMACHANDRAN, R.T.",MALE,47.0,GENERAL,ADMK,Two Leaves,96734,859,97593,44.38,273526
Tamil Nadu,148,Kunnam,"ARUL, P.",MALE,41.0,GENERAL,NTK,Ganna Kisan,9319,35,9354,4.25,273526
Tamil Nadu,148,Kunnam,"KAARTHIKEYAN, S.",MALE,43.0,GENERAL,AMMKMNKZ,Pressure Cooker,2092,26,2118,0.96,273526
Tamil Nadu,148,Kunnam,"SELVARAJU, R.",MALE,41.0,GENERAL,IND,DIAMOND,977,0,977,0.44,273526
Tamil Nadu,148,Kunnam,"BALAMURUGAN, S.",MALE,39.0,GENERAL,IND,Bat,934,0,934,0.42,273526
Tamil Nadu,148,Kunnam,NOTA,,,,NOTA,NOTA,751,2,753,0.34,273526
Tamil Nadu,148,Kunnam,"SATHIK BASHA, A.S.",MALE,48.0,GENERAL,MNM,Battery torch,731,8,739,0.34,273526
Tamil Nadu,148,Kunnam,"PRAKASH, M.R.",MALE,47.0,GENERAL,IND,Helicopter,604,0,604,0.27,273526
Tamil Nadu,148,Kunnam,"PANDIYAN, S.",MALE,26.0,SC,BSP,Elephant,494,0,494,0.22,273526
Tamil Nadu,148,Kunnam,"VINOTHKUMAR, M.",MALE,27.0,GENERAL,IND,Peas,451,0,451,0.21,273526
Tamil Nadu,148,Kunnam,"PUGALENTHI, Dr.S.",MALE,58.0,GENERAL,IND,Gas Cylinder,366,0,366,0.17,273526
Tamil Nadu,148,Kunnam,"GOWTHAMAN, V.",MALE,48.0,GENERAL,IND,Jackfruit,331,5,336,0.15,273526
Tamil Nadu,148,Kunnam,"SURESHKUMAR, S.",MALE,31.0,GENERAL,IND,Pen Nib with Seven Rays,265,4,269,0.12,273526
Tamil Nadu,148,Kunnam,"RAVANAN, M.",MALE,54.0,GENERAL,NGPP,Pot,183,4,187,0.09,273526
Tamil Nadu,148,Kunnam,"SELVAM, J.",MALE,36.0,GENERAL,IND,Auto- Rickshaw,174,0,174,0.08,273526
Tamil Nadu,148,Kunnam,"MANIKANDAN, K.",MALE,42.0,GENERAL,IND,COCONUT FARM,152,0,152,0.07,273526
Tamil Nadu,148,Kunnam,"ARUL, G.",MALE,39.0,GENERAL,IND,Capsicum,119,4,123,0.06,273526
Tamil Nadu,148,Kunnam,KALAIYARASI SARAVANAN,FEMALE,37.0,GENERAL,IND,Mike,89,1,90,0.04,273526
Tamil Nadu,148,Kunnam,"MATHIYAZHAGAN, S.",MALE,53.0,GENERAL,IND,Tractor Chalata Kisan,86,1,87,0.04,273526
Tamil Nadu,148,Kunnam,"KALAISELVI, J.",FEMALE,47.0,GENERAL,IND,Whistle,67,1,68,0.03,273526
Tamil Nadu,148,Kunnam,"KATHIRAVAN, C.",MALE,49.0,GENERAL,IND,Electric Pole,47,1,48,0.02,273526
Tamil Nadu,148,Kunnam,"MUTHAMILSELVAN, D.",MALE,36.0,GENERAL,IND,Baby Walker,40,0,40,0.02,273526
Tamil Nadu,149,Ariyalur,CHINNAPPA K,MALE,74.0,GENERAL,DMK,Rising Sun,102964,1011,103975,46.16,264971
Tamil Nadu,149,Ariyalur,RAJENDRAN S,MALE,61.0,GENERAL,ADMK,Two Leaves,100436,305,100741,44.73,264971
Tamil Nadu,149,Ariyalur,SUGUNA KUMAR,FEMALE,34.0,GENERAL,NTK,Ganna Kisan,12285,61,12346,5.48,264971
Tamil Nadu,149,Ariyalur,DURAI.MANIVEL,MALE,61.0,GENERAL,AMMKMNKZ,Pressure Cooker,2040,4,2044,0.91,264971
Tamil Nadu,149,Ariyalur,NOTA,,,,NOTA,NOTA,1386,3,1389,0.62,264971
Tamil Nadu,149,Ariyalur,THANGA. SHANMUGA SUNDARAM,MALE,43.0,GENERAL,NGPP,Pot,1028,9,1037,0.46,264971
Tamil Nadu,149,Ariyalur,JAWAHAR P,MALE,40.0,GENERAL,IJK,Auto- Rickshaw,896,9,905,0.4,264971
Tamil Nadu,149,Ariyalur,RAMESH K,MALE,44.0,GENERAL,IND,Air Conditioner,766,1,767,0.34,264971
Tamil Nadu,149,Ariyalur,RAVICHANDRAN S,MALE,29.0,GENERAL,IND,Gramophone,627,2,629,0.28,264971
Tamil Nadu,149,Ariyalur,MANIKANNAN M,MALE,44.0,GENERAL,IND,DIAMOND,539,1,540,0.24,264971
Tamil Nadu,149,Ariyalur,SAVARIANANDHAM V,MALE,44.0,GENERAL,BSP,Elephant,483,3,486,0.22,264971
Tamil Nadu,149,Ariyalur,SIVATHASAN V,MALE,39.0,GENERAL,IND,Television,159,0,159,0.07,264971
Tamil Nadu,149,Ariyalur,DEVA P,MALE,39.0,GENERAL,IND,Gift Pack,127,6,133,0.06,264971
Tamil Nadu,149,Ariyalur,KUMAR J,MALE,32.0,GENERAL,IND,Table,73,1,74,0.03,264971
Tamil Nadu,150,Jayankondam,KANNAN KA SO KA,MALE,43.0,GENERAL,DMK,Rising Sun,98174,1355,99529,46.0,266741
Tamil Nadu,150,Jayankondam,BALU K,MALE,50.0,GENERAL,PMK,Mango,93217,860,94077,43.48,266741
Tamil Nadu,150,Jayankondam,MAHALINGAM NEELA,MALE,40.0,GENERAL,NTK,Ganna Kisan,9903,53,9956,4.6,266741
Tamil Nadu,150,Jayankondam,SORNALATHA @ LATHA G,FEMALE,46.0,GENERAL,IJK,Auto- Rickshaw,4662,38,4700,2.17,266741
Tamil Nadu,150,Jayankondam,NOTA,,,,NOTA,NOTA,1853,11,1864,0.86,266741
Tamil Nadu,150,Jayankondam,SIVA J K,MALE,41.0,GENERAL,AMMKMNKZ,Pressure Cooker,1545,15,1560,0.72,266741
Tamil Nadu,150,Jayankondam,KESAVARAJAN V K,MALE,43.0,GENERAL,IND,Jackfruit,1543,3,1546,0.71,266741
Tamil Nadu,150,Jayankondam,RAJKUMAR S,MALE,46.0,SC,IND,Water Melon,944,2,946,0.44,266741
Tamil Nadu,150,Jayankondam,NEELAMEGAM K,MALE,57.0,SC,BSP,Elephant,603,2,605,0.28,266741
Tamil Nadu,150,Jayankondam,NATARAJAN A,MALE,51.0,GENERAL,ADK,Hat,413,5,418,0.19,266741
Tamil Nadu,150,Jayankondam,SATHISHKUMAR R,MALE,32.0,GENERAL,IND,BUCKET,348,1,349,0.16,266741
Tamil Nadu,150,Jayankondam,SAMUVEL MARTIN A,MALE,28.0,GENERAL,IND,Tractor Chalata Kisan,309,3,312,0.14,266741
Tamil Nadu,150,Jayankondam,SEDHURAMAN R,MALE,47.0,SC,IND,Cauliflower,255,1,256,0.12,266741
Tamil Nadu,150,Jayankondam,SUDARVIZHI K,FEMALE,42.0,GENERAL,IND,Gas Stove,247,3,250,0.12,266741
Tamil Nadu,151,Tittakudi,"GANESAN, C.V.",MALE,62.0,SC,DMK,Rising Sun,82780,946,83726,49.78,219415
Tamil Nadu,151,Tittakudi,"PERIYASAMY, D.",MALE,58.0,SC,BJP,Lotus,61851,312,62163,36.96,219415
Tamil Nadu,151,Tittakudi,"KAMATCHI, N.",FEMALE,29.0,SC,NTK,Ganna Kisan,10555,36,10591,6.3,219415
Tamil Nadu,151,Tittakudi,"UMANATH, R.",MALE,48.0,SC,DMDK,Nagara,4121,21,4142,2.46,219415
Tamil Nadu,151,Tittakudi,"PRABAKARAN, R.",MALE,33.0,SC,MNM,Battery torch,1730,15,1745,1.04,219415
Tamil Nadu,151,Tittakudi,"NATARAJAN, M.",MALE,46.0,SC,IND,Helicopter,1063,0,1063,0.63,219415
Tamil Nadu,151,Tittakudi,NOTA,,,,NOTA,NOTA,995,4,999,0.59,219415
Tamil Nadu,151,Tittakudi,"KARUPPAN, M.",MALE,47.0,SC,IND,COCONUT FARM,927,17,944,0.56,219415
Tamil Nadu,151,Tittakudi,"AYYASAMY, S.",MALE,57.0,SC,IND,Pot,720,4,724,0.43,219415
Tamil Nadu,151,Tittakudi,"PALANIAMMAL, P.",FEMALE,53.0,SC,IND,Hat,601,0,601,0.36,219415
Tamil Nadu,151,Tittakudi,"RAVICHANDRAN, P.",MALE,54.0,SC,BSP,Elephant,558,1,559,0.33,219415
Tamil Nadu,151,Tittakudi,"SUMATHI, S.",FEMALE,40.0,SC,IND,Pan,237,1,238,0.14,219415
Tamil Nadu,151,Tittakudi,"ARULDOSS, E.",MALE,57.0,SC,DMSK,Football,219,2,221,0.13,219415
Tamil Nadu,151,Tittakudi,"SEENUVASAN, C.",MALE,41.0,SC,IND,Tractor Chalata Kisan,197,0,197,0.12,219415
Tamil Nadu,151,Tittakudi,"KAMARAJ, K.",MALE,59.0,SC,IND,Gas Cylinder,141,0,141,0.08,219415
Tamil Nadu,151,Tittakudi,"KOLANJINATHAN, V.",MALE,54.0,SC,IND,Whistle,129,1,130,0.08,219415
Tamil Nadu,152,Vriddhachalam,Radhakrishnan,MALE,53.0,GENERAL,INC,Hand,75892,1172,77064,39.17,252911
Tamil Nadu,152,Vriddhachalam,Karthikeyan. J,MALE,35.0,GENERAL,PMK,Mango,75585,617,76202,38.73,252911
Tamil Nadu,152,Vriddhachalam,Premalatha Vijayakant,FEMALE,55.0,GENERAL,DMDK,Nagara,25790,118,25908,13.17,252911
Tamil Nadu,152,Vriddhachalam,N. Amutha,FEMALE,52.0,GENERAL,NTK,Ganna Kisan,8603,39,8642,4.39,252911
Tamil Nadu,152,Vriddhachalam,R. Kesavaperumal,MALE,35.0,GENERAL,TNLK,Ring,887,4,891,0.45,252911
Tamil Nadu,152,Vriddhachalam,Stalin,MALE,36.0,GENERAL,IND,Jackfruit,859,3,862,0.44,252911
Tamil Nadu,152,Vriddhachalam,R. Parthasarathi,MALE,41.0,GENERAL,IJK,Auto- Rickshaw,822,19,841,0.43,252911
Tamil Nadu,152,Vriddhachalam,NOTA,,,,NOTA,NOTA,757,4,761,0.39,252911
Tamil Nadu,152,Vriddhachalam,S. Muruganantham,MALE,28.0,SC,IND,Chappals,526,1,527,0.27,252911
Tamil Nadu,152,Vriddhachalam,Perumal,MALE,38.0,SC,IND,Helicopter,485,0,485,0.25,252911
Tamil Nadu,152,Vriddhachalam,A. Ayyasamy,MALE,41.0,SC,BSP,Elephant,461,7,468,0.24,252911
Tamil Nadu,152,Vriddhachalam,B. Arasi,FEMALE,28.0,GENERAL,RJD,Hurricane Lamp,404,1,405,0.21,252911
Tamil Nadu,152,Vriddhachalam,R. Saravanan,MALE,41.0,GENERAL,IND,Brush,398,0,398,0.2,252911
Tamil Nadu,152,Vriddhachalam,G. Pichamuthu,MALE,57.0,GENERAL,DESMI,COCONUT FARM,323,0,323,0.16,252911
Tamil Nadu,152,Vriddhachalam,M. Anwar Basha,MALE,40.0,GENERAL,IND,Almirah,298,2,300,0.15,252911
Tamil Nadu,152,Vriddhachalam,Sathiyanathan,MALE,32.0,SC,AMPK,Glass Tumbler,272,1,273,0.14,252911
Tamil Nadu,152,Vriddhachalam,K.P.Senthilmurugan,MALE,44.0,GENERAL,IND,Television,270,0,270,0.14,252911
Tamil Nadu,152,Vriddhachalam,C. Dhanasekar,MALE,31.0,SC,IND,CCTV Camera,268,0,268,0.14,252911
Tamil Nadu,152,Vriddhachalam,M. Sathiyaseelan,MALE,39.0,SC,IND,Camera,261,0,261,0.13,252911
Tamil Nadu,152,Vriddhachalam,S. Sadhasivam,MALE,52.0,GENERAL,IND,Black Board,245,1,246,0.13,252911
Tamil Nadu,152,Vriddhachalam,N. Radhika,FEMALE,40.0,GENERAL,IND,Pressure Cooker,193,1,194,0.1,252911
Tamil Nadu,152,Vriddhachalam,Sivasankar,MALE,38.0,GENERAL,NGPP,Pot,178,1,179,0.09,252911
Tamil Nadu,152,Vriddhachalam,S. Mahaveer Chand,MALE,59.0,GENERAL,IND,Telephone,175,0,175,0.09,252911
Tamil Nadu,152,Vriddhachalam,K. Ravichandiran,MALE,56.0,GENERAL,IND,Hat,156,0,156,0.08,252911
Tamil Nadu,152,Vriddhachalam,T. Veeramani,MALE,31.0,ST,IND,Cot,148,0,148,0.08,252911
Tamil Nadu,152,Vriddhachalam,Ramadoss S,MALE,60.0,GENERAL,IND,Balloon,114,1,115,0.06,252911
Tamil Nadu,152,Vriddhachalam,A. Manikandan,MALE,47.0,GENERAL,IND,BENCH,108,1,109,0.06,252911
Tamil Nadu,152,Vriddhachalam,S. Radhakrishnan,MALE,33.0,GENERAL,IND,Electric Pole,101,2,103,0.05,252911
Tamil Nadu,152,Vriddhachalam,S. Aruljothi,FEMALE,44.0,GENERAL,IND,Air Conditioner,86,0,86,0.04,252911
Tamil Nadu,152,Vriddhachalam,P. Ramasamy,MALE,38.0,GENERAL,IND,BOX,74,0,74,0.04,252911
Tamil Nadu,153,Neyveli,SABA.RAJENDRAN,MALE,59.0,GENERAL,DMK,Rising Sun,74189,988,75177,45.8,218666
Tamil Nadu,153,Neyveli,JAGAN.K,MALE,47.0,GENERAL,PMK,Mango,73544,656,74200,45.21,218666
Tamil Nadu,153,Neyveli,RAMESH.K,MALE,50.0,GENERAL,NTK,Ganna Kisan,7763,22,7785,4.74,218666
Tamil Nadu,153,Neyveli,BAKTHARATCHAGAN.R,MALE,56.0,GENERAL,AMMKMNKZ,Pressure Cooker,2221,9,2230,1.36,218666
Tamil Nadu,153,Neyveli,NOTA,,,,NOTA,NOTA,1164,7,1171,0.71,218666
Tamil Nadu,153,Neyveli,ILANGOVAN.R,MALE,40.0,GENERAL,IJK,Auto- Rickshaw,1006,5,1011,0.62,218666
Tamil Nadu,153,Neyveli,RAJENDRAN .B,MALE,32.0,GENERAL,IND,Pen Nib with Seven Rays,552,4,556,0.34,218666
Tamil Nadu,153,Neyveli,VADUGANATHAN.R,MALE,51.0,GENERAL,IND,Helicopter,519,0,519,0.32,218666
Tamil Nadu,153,Neyveli,KANAGARAJI.C,MALE,26.0,SC,BSP,Elephant,450,5,455,0.28,218666
Tamil Nadu,153,Neyveli,DHILIBAN.U,MALE,29.0,SC,IND,Capsicum,392,0,392,0.24,218666
Tamil Nadu,153,Neyveli,DHANASEKARAN.S,MALE,49.0,GENERAL,IND,Bat,333,1,334,0.2,218666
Tamil Nadu,153,Neyveli,DHURGA.K,FEMALE,48.0,GENERAL,IND,Hat,204,5,209,0.13,218666
Tamil Nadu,153,Neyveli,BOOBALAN.E,MALE,42.0,SC,IND,Grapes,91,0,91,0.06,218666
Tamil Nadu,154,Panruti,VELMURUGAN.T,MALE,50.0,GENERAL,DMK,Rising Sun,92917,884,93801,47.6,245530
Tamil Nadu,154,Panruti,RAJENDRAN.R,MALE,60.0,GENERAL,ADMK,Two Leaves,88489,615,89104,45.22,245530
Tamil Nadu,154,Panruti,SUBHASHINI.R,FEMALE,28.0,GENERAL,NTK,Ganna Kisan,6511,36,6547,3.32,245530
Tamil Nadu,154,Panruti,SIVAKOZHUNDU.P,MALE,54.0,GENERAL,DMDK,Nagara,3357,5,3362,1.71,245530
Tamil Nadu,154,Panruti,JAYLANI,MALE,48.0,GENERAL,MNM,Battery torch,1657,13,1670,0.85,245530
Tamil Nadu,154,Panruti,NOTA,,,,NOTA,NOTA,1320,3,1323,0.67,245530
Tamil Nadu,154,Panruti,VELMURUGAN.K,MALE,39.0,GENERAL,IND,Camera,418,0,418,0.21,245530
Tamil Nadu,154,Panruti,ARULKUMAR.R,MALE,35.0,GENERAL,IND,Peas,159,0,159,0.08,245530
Tamil Nadu,154,Panruti,VELMURUGAN.R,MALE,35.0,GENERAL,IND,Telephone,152,0,152,0.08,245530
Tamil Nadu,154,Panruti,PRAKASH.R,MALE,37.0,GENERAL,IND,COMPUTER,125,0,125,0.06,245530
Tamil Nadu,154,Panruti,SUMATHI.V,FEMALE,40.0,GENERAL,IND,Road Roller,106,10,116,0.06,245530
Tamil Nadu,154,Panruti,KAMADEVAN.S,MALE,34.0,GENERAL,IND,Matchbox,69,0,69,0.04,245530
Tamil Nadu,154,Panruti,KRISHNARAJ.S,MALE,31.0,SC,IND,Cot,67,1,68,0.03,245530
Tamil Nadu,154,Panruti,KUMAR.D,MALE,43.0,GENERAL,IND,Almirah,46,3,49,0.02,245530
Tamil Nadu,154,Panruti,NAGAMANI.M,MALE,45.0,SC,IND,Water Tank,45,0,45,0.02,245530
Tamil Nadu,154,Panruti,GOVINDASAMY.S,MALE,45.0,SC,IND,Grapes,41,0,41,0.02,245530
Tamil Nadu,155,Cuddalore,G.IYAPPAN,MALE,63.0,GENERAL,DMK,Rising Sun,82813,1750,84563,46.46,239474
Tamil Nadu,155,Cuddalore,M.C.SAMPATH,MALE,62.0,GENERAL,ADMK,Two Leaves,78004,1408,79412,43.63,239474
Tamil Nadu,155,Cuddalore,JALADEEPAN.V,MALE,40.0,GENERAL,NTK,Ganna Kisan,9480,83,9563,5.25,239474
Tamil Nadu,155,Cuddalore,K.ANANDRAJ,MALE,38.0,SC,MNM,Battery torch,4005,35,4040,2.22,239474
Tamil Nadu,155,Cuddalore,A.GNANAPANDITHAN,MALE,45.0,GENERAL,DMDK,Nagara,1489,10,1499,0.82,239474
Tamil Nadu,155,Cuddalore,NOTA,,,,NOTA,NOTA,1228,8,1236,0.68,239474
Tamil Nadu,155,Cuddalore,S.PUSHBARAJ,MALE,29.0,SC,TNLK,Ring,608,9,617,0.34,239474
Tamil Nadu,155,Cuddalore,J.JACOB,MALE,36.0,GENERAL,IND,Water Melon,307,0,307,0.17,239474
Tamil Nadu,155,Cuddalore,S.DEENADHAYALAN,MALE,28.0,GENERAL,IND,Violin,289,2,291,0.16,239474
Tamil Nadu,155,Cuddalore,V. DAKSHNAMOORTHY,MALE,44.0,GENERAL,IND,COCONUT FARM,183,2,185,0.1,239474
Tamil Nadu,155,Cuddalore,R.VALLAL KUMAR,MALE,37.0,SC,BSP,Elephant,78,1,79,0.04,239474
Tamil Nadu,155,Cuddalore,S.V.RAJARAJAN,MALE,46.0,GENERAL,DMSK,Football,74,0,74,0.04,239474
Tamil Nadu,155,Cuddalore,S.SAMPATH,MALE,49.0,GENERAL,IND,COMPUTER,46,0,46,0.03,239474
Tamil Nadu,155,Cuddalore,K.THANGARASU,MALE,64.0,GENERAL,IND,Television,31,0,31,0.02,239474
Tamil Nadu,155,Cuddalore,G.KRISHNAN,MALE,70.0,GENERAL,IND,Water Tank,25,4,29,0.02,239474
Tamil Nadu,155,Cuddalore,A.Mohamed Usman,MALE,54.0,GENERAL,APTADMK,Jackfruit,29,0,29,0.02,239474
Tamil Nadu,156,Kurinjipadi,M.R.K.PANNEERSELVAM,MALE,63.0,GENERAL,DMK,Rising Sun,100463,993,101456,51.04,243269
Tamil Nadu,156,Kurinjipadi,SELVI RAMAJAYAM,FEMALE,55.0,GENERAL,ADMK,Two Leaves,83478,451,83929,42.22,243269
Tamil Nadu,156,Kurinjipadi,S.SUMATHI,FEMALE,47.0,GENERAL,NTK,Ganna Kisan,8470,42,8512,4.28,243269
Tamil Nadu,156,Kurinjipadi,NOTA,,,,NOTA,NOTA,1208,4,1212,0.61,243269
Tamil Nadu,156,Kurinjipadi,K.CHANDRAMOULI,MALE,44.0,GENERAL,JD(S),Battery torch,1178,11,1189,0.6,243269
Tamil Nadu,156,Kurinjipadi,A.VASANTHAKUMAR,MALE,26.0,GENERAL,AMMKMNKZ,Pressure Cooker,834,3,837,0.42,243269
Tamil Nadu,156,Kurinjipadi,R.RAJESH,MALE,35.0,GENERAL,IND,Gift Pack,515,0,515,0.26,243269
Tamil Nadu,156,Kurinjipadi,T.VELAYUDHAM,MALE,46.0,SC,BSP,Elephant,480,2,482,0.24,243269
Tamil Nadu,156,Kurinjipadi,R.SARATHKUMAR,MALE,29.0,SC,IND,COCONUT FARM,154,0,154,0.08,243269
Tamil Nadu,156,Kurinjipadi,R.MUTHUKRISHNAN,MALE,50.0,GENERAL,ADK,Hat,140,0,140,0.07,243269
Tamil Nadu,156,Kurinjipadi,L.MADHIYAZHAGAN,MALE,57.0,GENERAL,IND,BUCKET,139,0,139,0.07,243269
Tamil Nadu,156,Kurinjipadi,N.MUTHAZHAGAN,MALE,50.0,SC,IND,Auto- Rickshaw,124,0,124,0.06,243269
Tamil Nadu,156,Kurinjipadi,BRIJITA ROSLENE,FEMALE,55.0,GENERAL,IND,SHIP,91,1,92,0.05,243269
Tamil Nadu,157,Bhuvanagiri,Arunmozhithevan. A,MALE,52.0,GENERAL,ADMK,Two Leaves,95536,917,96453,48.92,248629
Tamil Nadu,157,Bhuvanagiri,Saravanan. Durai.K,MALE,54.0,GENERAL,DMK,Rising Sun,87217,977,88194,44.73,248629
Tamil Nadu,157,Bhuvanagiri,Rathinavel. R.,MALE,45.0,GENERAL,NTK,Ganna Kisan,6927,31,6958,3.53,248629
Tamil Nadu,157,Bhuvanagiri,Balamurugan. K.S.K,MALE,39.0,GENERAL,AMMKMNKZ,Pressure Cooker,2464,6,2470,1.25,248629
Tamil Nadu,157,Bhuvanagiri,NOTA,,,,NOTA,NOTA,1058,0,1058,0.54,248629
Tamil Nadu,157,Bhuvanagiri,Ezhilvendhan. R,MALE,31.0,SC,BSP,Elephant,503,1,504,0.26,248629
Tamil Nadu,157,Bhuvanagiri,Ranjith. R,MALE,27.0,SC,IND,Shoe,333,0,333,0.17,248629
Tamil Nadu,157,Bhuvanagiri,Revathi. R.,FEMALE,49.0,GENERAL,IJK,Auto- Rickshaw,314,1,315,0.16,248629
Tamil Nadu,157,Bhuvanagiri,Saravanan. J.,MALE,57.0,GENERAL,IND,DIAMOND,192,4,196,0.1,248629
Tamil Nadu,157,Bhuvanagiri,Jeyakumar. K,MALE,46.0,GENERAL,IND,Chappals,184,0,184,0.09,248629
Tamil Nadu,157,Bhuvanagiri,Pazhanivel. M,MALE,55.0,SC,IND,COCONUT FARM,141,1,142,0.07,248629
Tamil Nadu,157,Bhuvanagiri,Balamurugan. G.C,MALE,39.0,GENERAL,IND,Kettle,132,1,133,0.07,248629
Tamil Nadu,157,Bhuvanagiri,Anandan. S (a) Kavignar Sella Aananthamaalai,MALE,43.0,SC,IND,Ring,102,0,102,0.05,248629
Tamil Nadu,157,Bhuvanagiri,Sivakumari. T,FEMALE,43.0,GENERAL,IND,BUCKET,68,0,68,0.03,248629
Tamil Nadu,157,Bhuvanagiri,Ezhilvendan. P.,MALE,54.0,GENERAL,IND,Bat,55,0,55,0.03,248629
Tamil Nadu,158,Chidambaram,K.A. PANDIAN,MALE,60.0,GENERAL,ADMK,Two Leaves,90523,1438,91961,50.16,251100
Tamil Nadu,158,Chidambaram,S. ABDUL RAHMAN,MALE,42.0,GENERAL,IUML,Ladder,73773,1251,75024,40.92,251100
Tamil Nadu,158,Chidambaram,NATARAJAN KRISHNAMOORTHY,MALE,43.0,GENERAL,NTK,Ganna Kisan,9021,50,9071,4.95,251100
Tamil Nadu,158,Chidambaram,G. DEVASAGAYAM,MALE,51.0,GENERAL,MNM,Battery Torch,2924,29,2953,1.61,251100
Tamil Nadu,158,Chidambaram,M. NANTHINIDEVI,FEMALE,39.0,GENERAL,AMMKMNKZ,Pressure Cooker,1380,8,1388,0.76,251100
Tamil Nadu,158,Chidambaram,NOTA,,,,NOTA,NOTA,1190,12,1202,0.66,251100
Tamil Nadu,158,Chidambaram,D. CHANDRA PRABU,MALE,35.0,SC,BSP,Elephant,474,4,478,0.26,251100
Tamil Nadu,158,Chidambaram,S. BALAMURUGAN,MALE,39.0,GENERAL,IND,Television,335,2,337,0.18,251100
Tamil Nadu,158,Chidambaram,K. UDAYA SELVAN,MALE,32.0,SC,AMPK,Glass Tumbler,304,1,305,0.17,251100
Tamil Nadu,158,Chidambaram,C. VINOBA,MALE,49.0,SC,IND,Gas Cylinder,245,0,245,0.13,251100
Tamil Nadu,158,Chidambaram,B. NARAYANAMOORTHY,MALE,50.0,GENERAL,IND,Auto- Rickshaw,240,2,242,0.13,251100
Tamil Nadu,158,Chidambaram,M. RAGHUNATHAN,MALE,52.0,GENERAL,IMK,Helmet,145,1,146,0.08,251100
Tamil Nadu,159,Kattumannarkoil,SINTHANAI SELVAN,MALE,55.0,SC,VCK,Pot,84986,1070,86056,49.02,229154
Tamil Nadu,159,Kattumannarkoil,N. MURUGUMARAN,MALE,50.0,SC,ADMK,Two Leaves,74608,883,75491,43.0,229154
Tamil Nadu,159,Kattumannarkoil,P. NIVEDHA,FEMALE,29.0,SC,NTK,Ganna Kisan,6762,44,6806,3.88,229154
Tamil Nadu,159,Kattumannarkoil,S. NARAYANAMOORTHY,MALE,53.0,SC,AMMKMNKZ,Pressure Cooker,1892,12,1904,1.08,229154
Tamil Nadu,159,Kattumannarkoil,THANGA VIKRAM,MALE,34.0,SC,MNM,Battery torch,1391,24,1415,0.81,229154
Tamil Nadu,159,Kattumannarkoil,A. ANANDAN,MALE,43.0,SC,IND,Ring,991,0,991,0.56,229154
Tamil Nadu,159,Kattumannarkoil,NOTA,,,,NOTA,NOTA,647,1,648,0.37,229154
Tamil Nadu,159,Kattumannarkoil,M.G. KALYANASUNDARAM,MALE,49.0,SC,AIJYMKG,Mixee,458,2,460,0.26,229154
Tamil Nadu,159,Kattumannarkoil,THANGA UDHAYAKUMAR,MALE,46.0,SC,BSP,Elephant,425,4,429,0.24,229154
Tamil Nadu,159,Kattumannarkoil,M.A.T. ARCHUNAN,MALE,63.0,SC,IND,Water Melon,417,4,421,0.24,229154
Tamil Nadu,159,Kattumannarkoil,P.M. KUMAR,MALE,45.0,SC,IND,Auto- Rickshaw,362,1,363,0.21,229154
Tamil Nadu,159,Kattumannarkoil,MATHIAZHAGAN,MALE,45.0,SC,IND,Tennis Racket & Ball,227,0,227,0.13,229154
Tamil Nadu,159,Kattumannarkoil,S.TAMILSELVAN,MALE,37.0,SC,IND,COCONUT FARM,216,0,216,0.12,229154
Tamil Nadu,159,Kattumannarkoil,M. THIRUNAVUKARASU,MALE,46.0,SC,APTADMK,Jackfruit,133,1,134,0.08,229154
Tamil Nadu,160,Sirkazhi,PANNEERSELVAM.M,MALE,66.0,SC,DMK,Rising Sun,92866,1191,94057,49.16,252621
Tamil Nadu,160,Sirkazhi,BHARATHI.P.V,MALE,62.0,SC,ADMK,Two Leaves,81235,674,81909,42.81,252621
Tamil Nadu,160,Sirkazhi,KAVITHA.A,FEMALE,37.0,SC,NTK,Ganna Kisan,10966,47,11013,5.76,252621
Tamil Nadu,160,Sirkazhi,BALU.PON,MALE,63.0,SC,AMMKMNKZ,Pressure Cooker,1301,7,1308,0.68,252621
Tamil Nadu,160,Sirkazhi,PRABU.R,MALE,52.0,SC,MNM,Battery torch,990,10,1000,0.52,252621
Tamil Nadu,160,Sirkazhi,NOTA,,,,NOTA,NOTA,974,3,977,0.51,252621
Tamil Nadu,160,Sirkazhi,SRITHAR.G.Dr,MALE,37.0,SC,BSP,Elephant,490,5,495,0.26,252621
Tamil Nadu,160,Sirkazhi,BHARATHI.A,MALE,33.0,SC,IND,Binoculars,287,1,288,0.15,252621
Tamil Nadu,160,Sirkazhi,SILAMBARASAN.C,MALE,34.0,SC,IND,CCTV Camera,121,1,122,0.06,252621
Tamil Nadu,160,Sirkazhi,KAMBAN,MALE,35.0,SC,AMAK,Gas Cylinder,76,3,79,0.04,252621
Tamil Nadu,160,Sirkazhi,ANUSUYA.R,FEMALE,41.0,SC,IND,BUCKET,76,1,77,0.04,252621
Tamil Nadu,161,Mayiladuthurai,Rajakumar.S,MALE,52.0,GENERAL,INC,Hand,72376,1266,73642,42.17,246064
Tamil Nadu,161,Mayiladuthurai,Palanisamy.A,MALE,45.0,GENERAL,PMK,Mango,70310,590,70900,40.6,246064
Tamil Nadu,161,Mayiladuthurai,Kasiraman.K,MALE,47.0,GENERAL,NTK,Ganna Kisan,13123,63,13186,7.55,246064
Tamil Nadu,161,Mayiladuthurai,Anbarasan Komal R K,MALE,41.0,GENERAL,AMMKMNKZ,Pressure Cooker,7205,77,7282,4.17,246064
Tamil Nadu,161,Mayiladuthurai,Ravichandran.N,MALE,56.0,GENERAL,MNM,Battery torch,5850,83,5933,3.4,246064
Tamil Nadu,161,Mayiladuthurai,NOTA,,,,NOTA,NOTA,1054,13,1067,0.61,246064
Tamil Nadu,161,Mayiladuthurai,Rajkumar.S,MALE,32.0,SC,TNLK,Ring,645,6,651,0.37,246064
Tamil Nadu,161,Mayiladuthurai,Shamsudeen.N,MALE,39.0,GENERAL,BSP,Elephant,523,3,526,0.3,246064
Tamil Nadu,161,Mayiladuthurai,Rajendran.M,MALE,58.0,GENERAL,IND,Television,356,0,356,0.2,246064
Tamil Nadu,161,Mayiladuthurai,Niranjan.R,MALE,37.0,GENERAL,IND,Air Conditioner,242,1,243,0.14,246064
Tamil Nadu,161,Mayiladuthurai,Manimaran.T,MALE,59.0,SC,IND,Electric Pole,206,2,208,0.12,246064
Tamil Nadu,161,Mayiladuthurai,Ganesan.S,MALE,48.0,GENERAL,IND,FLUTE,185,0,185,0.11,246064
Tamil Nadu,161,Mayiladuthurai,Babusankar.R,MALE,54.0,SC,IND,Football,167,1,168,0.1,246064
Tamil Nadu,161,Mayiladuthurai,Loga.Sampath,MALE,59.0,GENERAL,IND,Auto- Rickshaw,152,3,155,0.09,246064
Tamil Nadu,161,Mayiladuthurai,Thimothy.T,MALE,59.0,GENERAL,IND,CCTV Camera,135,3,138,0.08,246064
Tamil Nadu,162,Poompuhar,Nivedha M. Murugan,MALE,55.0,GENERAL,DMK,Rising Sun,95161,941,96102,46.24,275903
Tamil Nadu,162,Poompuhar,S.Pavunraj,MALE,64.0,GENERAL,ADMK,Two Leaves,92299,504,92803,44.65,275903
Tamil Nadu,162,Poompuhar,P. Kaliyammal,FEMALE,35.0,GENERAL,NTK,Ganna Kisan,14783,40,14823,7.13,275903
Tamil Nadu,162,Poompuhar,S.Senthamizhan,MALE,41.0,GENERAL,AMMKMNKZ,Pressure Cooker,1212,8,1220,0.59,275903
Tamil Nadu,162,Poompuhar,M.H.Meharajdeen,MALE,54.0,GENERAL,MNM,Battery Torch,946,4,950,0.46,275903
Tamil Nadu,162,Poompuhar,NOTA,,,,NOTA,NOTA,727,6,733,0.35,275903
Tamil Nadu,162,Poompuhar,T. Ilanchezhian,MALE,45.0,GENERAL,BSP,Elephant,496,4,500,0.24,275903
Tamil Nadu,162,Poompuhar,S.Pandiyarajan,MALE,30.0,GENERAL,IND,Helicopter,343,0,343,0.17,275903
Tamil Nadu,162,Poompuhar,S.Murugan,MALE,43.0,GENERAL,IND,Cup & Saucer,261,1,262,0.13,275903
Tamil Nadu,162,Poompuhar,A. Kalaivanan,MALE,31.0,SC,IND,Gas Cylinder,102,0,102,0.05,275903
Tamil Nadu,163,Nagapattinam,J. Mohamed Shanavas,MALE,39.0,GENERAL,VCK,Pot,65587,694,66281,46.17,197960
Tamil Nadu,163,Nagapattinam,Thanka.kathiravan,MALE,51.0,GENERAL,ADMK,Two Leaves,58729,314,59043,41.13,197960
Tamil Nadu,163,Nagapattinam,S.Augustine Arputharaj,MALE,40.0,GENERAL,NTK,Ganna Kisan,9931,45,9976,6.95,197960
Tamil Nadu,163,Nagapattinam,C.Manjula,FEMALE,47.0,GENERAL,AMMKMNKZ,Pressure Cooker,3457,46,3503,2.44,197960
Tamil Nadu,163,Nagapattinam,Syed Anas Mohideen Sahip,MALE,29.0,GENERAL,MNM,Battery torch,2523,17,2540,1.77,197960
Tamil Nadu,163,Nagapattinam,NOTA,,,,NOTA,NOTA,893,2,895,0.62,197960
Tamil Nadu,163,Nagapattinam,Mayilarasi,FEMALE,36.0,GENERAL,NADLMMKLK,Fountain,256,0,256,0.18,197960
Tamil Nadu,163,Nagapattinam,V. Manikandan,MALE,28.0,GENERAL,IND,Noodles Bowl,252,0,252,0.18,197960
Tamil Nadu,163,Nagapattinam,V. Canagaradjou,MALE,45.0,GENERAL,IND,COMPUTER,208,1,209,0.15,197960
Tamil Nadu,163,Nagapattinam,N P Bhashgaran,MALE,51.0,GENERAL,IND,DIAMOND,180,4,184,0.13,197960
Tamil Nadu,163,Nagapattinam,Durai. Selvakumar,MALE,48.0,GENERAL,IND,CCTV Camera,110,3,113,0.08,197960
Tamil Nadu,163,Nagapattinam,T. Singaravadivelan,MALE,41.0,GENERAL,SHS,Helmet,105,0,105,0.07,197960
Tamil Nadu,163,Nagapattinam,S. Prem,MALE,39.0,SC,IND,Safety Pin,105,0,105,0.07,197960
Tamil Nadu,163,Nagapattinam,J.V. Durai,MALE,43.0,GENERAL,MKat,Telephone,96,2,98,0.07,197960
Tamil Nadu,164,Kilvelur,NAGAIMAALI V P,MALE,65.0,SC,CPI(M),"Hammer, Sickle and Star",67288,700,67988,47.55,178764
Tamil Nadu,164,Kilvelur,VADIVEL RAVANAN S,MALE,69.0,SC,PMK,Mango,50754,249,51003,35.67,178764
Tamil Nadu,164,Kilvelur,PONELAVAZHAKI S,FEMALE,34.0,SC,NTK,Ganna Kisan,15088,85,15173,10.61,178764
Tamil Nadu,164,Kilvelur,SIDHU G,MALE,33.0,SC,MNM,Battery torch,2890,16,2906,2.03,178764
Tamil Nadu,164,Kilvelur,NEETHIMOHAN M,MALE,66.0,SC,AMMKMNKZ,Pressure Cooker,2494,9,2503,1.75,178764
Tamil Nadu,164,Kilvelur,NOTA,,,,NOTA,NOTA,895,1,896,0.63,178764
Tamil Nadu,164,Kilvelur,TAMILARASAN U,MALE,44.0,SC,BSP,Elephant,636,5,641,0.45,178764
Tamil Nadu,164,Kilvelur,KALAISELVAN G,MALE,43.0,SC,IND,Ring,613,2,615,0.43,178764
Tamil Nadu,164,Kilvelur,MUTHALAGAN S,MALE,63.0,SC,PT,Television,614,0,614,0.43,178764
Tamil Nadu,164,Kilvelur,VEDHA MUKUNDHAN,MALE,46.0,SC,IND,DIAMOND,481,2,483,0.34,178764
Tamil Nadu,164,Kilvelur,MARUTHAIYAN G,MALE,73.0,SC,IND,Scissors,171,2,173,0.12,178764
Tamil Nadu,165,Vedaranyam,O.S.MANIAN,MALE,66.0,GENERAL,ADMK,Two Leaves,77625,1094,78719,49.8,192770
Tamil Nadu,165,Vedaranyam,S.K.VETHARATHINAM,MALE,62.0,GENERAL,DMK,Rising Sun,64823,1567,66390,42.0,192770
Tamil Nadu,165,Vedaranyam,K.RAJENDRAN,MALE,46.0,GENERAL,NTK,Ganna Kisan,9030,76,9106,5.76,192770
Tamil Nadu,165,Vedaranyam,P.S.ARUMUGAM,MALE,55.0,GENERAL,AMMKMNKZ,Pressure Cooker,1276,8,1284,0.81,192770
Tamil Nadu,165,Vedaranyam,NOTA,,,,NOTA,NOTA,670,3,673,0.43,192770
Tamil Nadu,165,Vedaranyam,R.PANNEERSELVAM,MALE,58.0,SC,BSP,Elephant,460,0,460,0.29,192770
Tamil Nadu,165,Vedaranyam,MOHAMED ALI,MALE,44.0,GENERAL,MNM,Battery torch,433,4,437,0.28,192770
Tamil Nadu,165,Vedaranyam,P.V.THEENATHAYALAN,MALE,45.0,GENERAL,IND,Balloon,315,4,319,0.2,192770
Tamil Nadu,165,Vedaranyam,V.VEERAKUMAR,MALE,32.0,GENERAL,IND,Gift Pack,297,0,297,0.19,192770
Tamil Nadu,165,Vedaranyam,R.KATHIRVEL,MALE,45.0,GENERAL,IND,Road Roller,139,4,143,0.09,192770
Tamil Nadu,165,Vedaranyam,Dr.T.SUNDARAVADIVELAN,MALE,44.0,GENERAL,SHS,Helmet,91,0,91,0.06,192770
Tamil Nadu,165,Vedaranyam,T.RAMAJAYAM,MALE,37.0,SC,IND,Air Conditioner,63,13,76,0.05,192770
Tamil Nadu,165,Vedaranyam,R.RAMAMURTHY,MALE,66.0,GENERAL,IND,Football,65,0,65,0.04,192770
Tamil Nadu,166,Thiruthuraipoondi,MARIMUTHU K,MALE,50.0,SC,CPI,Ears of Corn And Sickle,95785,1307,97092,52.23,240072
Tamil Nadu,166,Thiruthuraipoondi,SURESH KUMAR C,MALE,54.0,SC,ADMK,Two Leaves,66683,341,67024,36.06,240072
Tamil Nadu,166,Thiruthuraipoondi,AARTHI A,FEMALE,38.0,SC,NTK,Ganna Kisan,15300,62,15362,8.26,240072
Tamil Nadu,166,Thiruthuraipoondi,RAJANIKANTH S,MALE,43.0,SC,AMMKMNKZ,Pressure Cooker,3536,19,3555,1.91,240072
Tamil Nadu,166,Thiruthuraipoondi,NOTA,,,,NOTA,NOTA,1310,3,1313,0.71,240072
Tamil Nadu,166,Thiruthuraipoondi,PARAMASIVAM K,MALE,55.0,SC,IND,Stool,476,0,476,0.26,240072
Tamil Nadu,166,Thiruthuraipoondi,PARIVENTHAN D,MALE,48.0,SC,AISMK,Pen Drive,313,2,315,0.17,240072
Tamil Nadu,166,Thiruthuraipoondi,SURESH A K,MALE,47.0,SC,IND,Television,184,6,190,0.1,240072
Tamil Nadu,166,Thiruthuraipoondi,THULASIRAMAN R,MALE,35.0,SC,IND,Hour Glass,155,0,155,0.08,240072
Tamil Nadu,166,Thiruthuraipoondi,THIRUVARUL SELVI V,FEMALE,42.0,SC,IND,Stethoscope,138,1,139,0.07,240072
Tamil Nadu,166,Thiruthuraipoondi,SENGUTTUVAN M,MALE,44.0,SC,IND,Sewing Machine,133,3,136,0.07,240072
Tamil Nadu,166,Thiruthuraipoondi,SIVAPRAKASAM V,MALE,34.0,SC,IND,Water Melon,128,1,129,0.07,240072
Tamil Nadu,167,Mannargudi,RAJAA T R B,MALE,44.0,GENERAL,DMK,Rising Sun,86071,1101,87172,45.11,260042
Tamil Nadu,167,Mannargudi,RAJAMANICKAM SIVA,MALE,75.0,GENERAL,ADMK,Two Leaves,49570,209,49779,25.76,260042
Tamil Nadu,167,Mannargudi,KAMARAJ S,MALE,54.0,GENERAL,AMMKMNKZ,Pressure Cooker,40271,210,40481,20.95,260042
Tamil Nadu,167,Mannargudi,ARAVINDAN RAMA,MALE,51.0,GENERAL,NTK,Ganna Kisan,10398,40,10438,5.4,260042
Tamil Nadu,167,Mannargudi,KUMARESAN T,MALE,60.0,GENERAL,IND,Jackfruit,1837,8,1845,0.95,260042
Tamil Nadu,167,Mannargudi,ANBANANDAM S,MALE,67.0,GENERAL,MNM,Battery torch,1358,8,1366,0.71,260042
Tamil Nadu,167,Mannargudi,NOTA,,,,NOTA,NOTA,955,5,960,0.5,260042
Tamil Nadu,167,Mannargudi,SATHISKUMAR S,MALE,33.0,SC,PT,Television,584,4,588,0.3,260042
Tamil Nadu,167,Mannargudi,MURUGAN S,MALE,31.0,SC,IND,Cauliflower,376,2,378,0.2,260042
Tamil Nadu,167,Mannargudi,MARIMUTHU A.V.M,MALE,62.0,GENERAL,IND,BUCKET,124,1,125,0.06,260042
Tamil Nadu,167,Mannargudi,BARADHIDASAN T,MALE,38.0,SC,IND,Electric Pole,95,2,97,0.05,260042
Tamil Nadu,168,Thiruvarur,KALAIVANAN POONDI K.,MALE,56.0,GENERAL,DMK,Rising Sun,107540,1366,108906,52.29,282708
Tamil Nadu,168,Thiruvarur,PANNERSELVAM A.N.R.,MALE,61.0,GENERAL,ADMK,Two Leaves,57439,293,57732,27.72,282708
Tamil Nadu,168,Thiruvarur,VINOTHINI R.,FEMALE,30.0,SC,NTK,Ganna Kisan,26211,89,26300,12.63,282708
Tamil Nadu,168,Thiruvarur,NASEEMA BANU M.A.,FEMALE,47.0,GENERAL,SDPI,Pressure Cooker,6348,16,6364,3.06,282708
Tamil Nadu,168,Thiruvarur,KABILARASAN P.,MALE,35.0,GENERAL,MNM,Battery torch,4034,34,4068,1.95,282708
Tamil Nadu,168,Thiruvarur,NOTA,,,,NOTA,NOTA,1646,7,1653,0.79,282708
Tamil Nadu,168,Thiruvarur,THIYAGASUNDARAM N.,MALE,28.0,GENERAL,TNLK,Ring,1000,8,1008,0.48,282708
Tamil Nadu,168,Thiruvarur,GOMATHI A.,FEMALE,39.0,SC,BSP,Elephant,716,4,720,0.35,282708
Tamil Nadu,168,Thiruvarur,PANNEERSELVAM J.,MALE,47.0,GENERAL,IND,COCONUT FARM,530,1,531,0.25,282708
Tamil Nadu,168,Thiruvarur,THIYAGARAJAN M.,MALE,50.0,SC,PT,Television,285,8,293,0.14,282708
Tamil Nadu,168,Thiruvarur,MOHAMED HALITH A.,MALE,25.0,GENERAL,IND,Batsman,247,0,247,0.12,282708
Tamil Nadu,168,Thiruvarur,MUTHARASAN S.,MALE,35.0,GENERAL,IND,Electric Pole,200,2,202,0.1,282708
Tamil Nadu,168,Thiruvarur,AMANULLAH R.S.A.,MALE,58.0,GENERAL,IND,Bat,163,0,163,0.08,282708
Tamil Nadu,168,Thiruvarur,ANBAZHAGAN T.,MALE,40.0,GENERAL,IND,Hat,101,2,103,0.05,282708
Tamil Nadu,169,Nannilam,KAMARAJ R,MALE,60.0,GENERAL,ADMK,Two Leaves,103236,401,103637,46.7,272305
Tamil Nadu,169,Nannilam,JOTHIRAMAN S,MALE,57.0,GENERAL,DMK,Rising Sun,98409,804,99213,44.7,272305
Tamil Nadu,169,Nannilam,FATHIMA FARHANA S,FEMALE,27.0,GENERAL,NTK,Ganna Kisan,13377,42,13419,6.05,272305
Tamil Nadu,169,Nannilam,RAMACHANDRAN N,MALE,63.0,GENERAL,AMMKMNKZ,Pressure Cooker,2070,6,2076,0.94,272305
Tamil Nadu,169,Nannilam,NOTA,,,,NOTA,NOTA,1188,2,1190,0.54,272305
Tamil Nadu,169,Nannilam,RAVICHANDRAN R,MALE,36.0,SC,BSP,Elephant,711,0,711,0.32,272305
Tamil Nadu,169,Nannilam,GANESAN D,MALE,35.0,GENERAL,IJK,Auto- Rickshaw,379,2,381,0.17,272305
Tamil Nadu,169,Nannilam,NATARAJAN C,MALE,49.0,GENERAL,IND,BUCKET,352,0,352,0.16,272305
Tamil Nadu,169,Nannilam,ANUSHA T,FEMALE,41.0,GENERAL,IND,Gift Pack,203,3,206,0.09,272305
Tamil Nadu,169,Nannilam,MURUGAVEL M,MALE,39.0,GENERAL,ADK,Hat,163,1,164,0.07,272305
Tamil Nadu,169,Nannilam,TAMIL SELVAN,MALE,52.0,GENERAL,IND,Scissors,153,0,153,0.07,272305
Tamil Nadu,169,Nannilam,RAJA S,MALE,43.0,GENERAL,IND,Brief Case,125,0,125,0.06,272305
Tamil Nadu,169,Nannilam,PANASAI ARANGAN K N,MALE,58.0,GENERAL,DMSK,Football,111,0,111,0.05,272305
Tamil Nadu,169,Nannilam,NITHIYANANTHAM S,MALE,45.0,GENERAL,AMAK,Gas Cylinder,81,0,81,0.04,272305
Tamil Nadu,169,Nannilam,KUMARAN R,MALE,28.0,GENERAL,IND,Binoculars,77,1,78,0.04,272305
Tamil Nadu,169,Nannilam,KRISHNAN K,MALE,40.0,GENERAL,IND,Baby Walker,46,1,47,0.02,272305
Tamil Nadu,170,Thiruvidaimarudur,"CHEZHIAAN, GOVI.",MALE,54.0,SC,DMK,Rising Sun,94602,1161,95763,48.26,259518
Tamil Nadu,170,Thiruvidaimarudur,"UNION VEERAMANI, S.",MALE,58.0,SC,ADMK,Two Leaves,84703,380,85083,42.87,259518
Tamil Nadu,170,Thiruvidaimarudur,"DIVYA BHARATHI, M.",FEMALE,26.0,SC,NTK,Ganna Kisan,11147,29,11176,5.63,259518
Tamil Nadu,170,Thiruvidaimarudur,"PURATCHI MANI, M.",MALE,39.0,SC,BSP,Elephant,1825,14,1839,0.93,259518
Tamil Nadu,170,Thiruvidaimarudur,"KUDANTHAI ARASAN, J.",MALE,48.0,SC,AMMKMNKZ,Pressure Cooker,1736,10,1746,0.88,259518
Tamil Nadu,170,Thiruvidaimarudur,NOTA,,,,NOTA,NOTA,1233,7,1240,0.62,259518
Tamil Nadu,170,Thiruvidaimarudur,"KANNAIYAN, T.",MALE,60.0,SC,CPI(ML)(L),Flag with Three Stars,574,2,576,0.29,259518
Tamil Nadu,170,Thiruvidaimarudur,"MARIMUTHU, G.",MALE,51.0,SC,IND,Balloon,245,0,245,0.12,259518
Tamil Nadu,170,Thiruvidaimarudur,"MADHANKUMAR, R.",MALE,35.0,SC,IJK,Black Board,222,4,226,0.11,259518
Tamil Nadu,170,Thiruvidaimarudur,"MARIYAPPAN, N.",MALE,37.0,SC,IND,Batsman,198,0,198,0.1,259518
Tamil Nadu,170,Thiruvidaimarudur,"MATHI, M.",MALE,42.0,SC,IND,Bat,102,0,102,0.05,259518
Tamil Nadu,170,Thiruvidaimarudur,"SURESH, R.",MALE,31.0,SC,AMPK,Glass Tumbler,78,0,78,0.04,259518
Tamil Nadu,170,Thiruvidaimarudur,"KANNAIYAN, N.",MALE,64.0,SC,IND,Air Conditioner,62,6,68,0.03,259518
Tamil Nadu,170,Thiruvidaimarudur,"NEDUMARAN, S.",MALE,39.0,SC,IND,Bead Necklace,66,2,68,0.03,259518
Tamil Nadu,170,Thiruvidaimarudur,"DHANASEKAR, V.",MALE,36.0,SC,IND,Baby Walker,38,0,38,0.02,259518
Tamil Nadu,171,Kumbakonam,"ANBALAGAN, G.",MALE,71.0,GENERAL,DMK,Rising Sun,94284,1773,96057,48.62,273097
Tamil Nadu,171,Kumbakonam,"SRITHAR VANDAYAR, G.M.",MALE,65.0,GENERAL,ADMK,Two Leaves,74334,340,74674,37.8,273097
Tamil Nadu,171,Kumbakonam,"ANANDH, M.",MALE,34.0,GENERAL,NTK,Ganna Kisan,12419,61,12480,6.32,273097
Tamil Nadu,171,Kumbakonam,"BALAMURUGAN, S.",MALE,47.0,GENERAL,AMMKMNKZ,Pressure Cooker,6475,48,6523,3.3,273097
Tamil Nadu,171,Kumbakonam,"GOPALAKRISHNAN, G.",MALE,51.0,GENERAL,MNM,Battery torch,5234,42,5276,2.67,273097
Tamil Nadu,171,Kumbakonam,NOTA,,,,NOTA,NOTA,1623,25,1648,0.83,273097
Tamil Nadu,171,Kumbakonam,"GURUMOORTHI, D.",MALE,42.0,GENERAL,IND,DIAMOND,229,5,234,0.12,273097
Tamil Nadu,171,Kumbakonam,"AYYAPPAN, M.",MALE,31.0,SC,IND,Ring,208,1,209,0.11,273097
Tamil Nadu,171,Kumbakonam,"VIJAYAKUMAR, C.",MALE,67.0,GENERAL,IND,Scissors,190,0,190,0.1,273097
Tamil Nadu,171,Kumbakonam,"SUBRAMANIAN, P.",MALE,44.0,GENERAL,IND,Auto- Rickshaw,151,2,153,0.08,273097
Tamil Nadu,171,Kumbakonam,"PRAKASH, P.",MALE,29.0,GENERAL,IND,Balloon,119,1,120,0.06,273097
Tamil Nadu,172,Papanasam,"Dr.JAWAHIRULLAH, M.H.",MALE,61.0,GENERAL,DMK,Rising Sun,85401,1166,86567,43.95,260941
Tamil Nadu,172,Papanasam,"GOPINATHAN, K.",MALE,51.0,GENERAL,ADMK,Two Leaves,69809,485,70294,35.69,260941
Tamil Nadu,172,Papanasam,"RENGASAMY, M.",MALE,64.0,GENERAL,AMMKMNKZ,Pressure Cooker,19593,185,19778,10.04,260941
Tamil Nadu,172,Papanasam,"KRISHNAKUMAR, N.",MALE,46.0,GENERAL,NTK,Ganna Kisan,14645,79,14724,7.47,260941
Tamil Nadu,172,Papanasam,"SHANTHA, K.",FEMALE,40.0,GENERAL,MNM,Battery torch,2010,22,2032,1.03,260941
Tamil Nadu,172,Papanasam,NOTA,,,,NOTA,NOTA,1190,14,1204,0.61,260941
Tamil Nadu,172,Papanasam,"GOPINATHAN, R.",MALE,37.0,GENERAL,IND,Peas,559,8,567,0.29,260941
Tamil Nadu,172,Papanasam,"RAJA, A.",MALE,35.0,SC,IND,Tiller,474,3,477,0.24,260941
Tamil Nadu,172,Papanasam,"RAJA, A.M.",MALE,60.0,GENERAL,IND,Hand Cart,411,1,412,0.21,260941
Tamil Nadu,172,Papanasam,"MUTHUKUMAR, R.",MALE,33.0,GENERAL,AMPK,Glass Tumbler,251,1,252,0.13,260941
Tamil Nadu,172,Papanasam,"GOPI, N.",MALE,46.0,GENERAL,IND,Pineapple,200,11,211,0.11,260941
Tamil Nadu,172,Papanasam,"MEHRAJ BANU, N.",FEMALE,45.0,GENERAL,AIJYMKG,Mixee,166,3,169,0.09,260941
Tamil Nadu,172,Papanasam,"XAVIER, S.",MALE,53.0,GENERAL,IND,Television,159,4,163,0.08,260941
Tamil Nadu,172,Papanasam,"THIYAGARAJAN, V.",MALE,34.0,SC,IND,Dish Antenna,130,2,132,0.07,260941
Tamil Nadu,173,Thiruvaiyaru,DURAI.CHANDRASEKARAN,MALE,61.0,GENERAL,DMK,Rising Sun,101959,1251,103210,48.82,268590
Tamil Nadu,173,Thiruvaiyaru,"VENKATESAN, S.",MALE,58.0,GENERAL,BJP,Lotus,49284,276,49560,23.44,268590
Tamil Nadu,173,Thiruvaiyaru,"KARTHIKEYAN, V.",MALE,44.0,GENERAL,AMMKMNKZ,Pressure Cooker,37310,159,37469,17.72,268590
Tamil Nadu,173,Thiruvaiyaru,"SENTHILNATHAN, D.",MALE,39.0,GENERAL,NTK,Ganna Kisan,15727,93,15820,7.48,268590
Tamil Nadu,173,Thiruvaiyaru,"UTHIRAPATHI, G.",MALE,42.0,SC,PT,Television,1197,18,1215,0.57,268590
Tamil Nadu,173,Thiruvaiyaru,NOTA,,,,NOTA,NOTA,1173,7,1180,0.56,268590
Tamil Nadu,173,Thiruvaiyaru,"THIRUMARAN, P.S.",MALE,45.0,GENERAL,IND,Black Board,1089,4,1093,0.52,268590
Tamil Nadu,173,Thiruvaiyaru,ASWIN,MALE,28.0,SC,BSP,Elephant,530,0,530,0.25,268590
Tamil Nadu,173,Thiruvaiyaru,"RAJKUMAR, R.",MALE,26.0,GENERAL,IND,Sofa,367,1,368,0.17,268590
Tamil Nadu,173,Thiruvaiyaru,"VIJAYAKUMAR, S.",MALE,44.0,GENERAL,APTADMK,Jackfruit,255,2,257,0.12,268590
Tamil Nadu,173,Thiruvaiyaru,"BACKIYARAJ, V.",MALE,39.0,SC,AMAK,Gas Cylinder,252,0,252,0.12,268590
Tamil Nadu,173,Thiruvaiyaru,"SINGARAVADIVEL, S.",MALE,27.0,GENERAL,IND,Grapes,238,2,240,0.11,268590
Tamil Nadu,173,Thiruvaiyaru,"SIVARAMAN, T.",MALE,43.0,SC,MSKK,T.V. Remote,236,0,236,0.11,268590
Tamil Nadu,174,Thanjavur,"NEELAMEGAM, T.K.G.",MALE,57.0,GENERAL,DMK,Rising Sun,100786,2986,103772,53.25,290936
Tamil Nadu,174,Thanjavur,"ARIVUDAINAMBI, V.",MALE,51.0,GENERAL,ADMK,Two Leaves,56173,450,56623,29.06,290936
Tamil Nadu,174,Thanjavur,"SUBADEVI, R.",FEMALE,39.0,GENERAL,NTK,Ganna Kisan,17220,146,17366,8.91,290936
Tamil Nadu,174,Thanjavur,"SUNDARAMOHAN, G.",MALE,49.0,GENERAL,MNM,Battery torch,9600,81,9681,4.97,290936
Tamil Nadu,174,Thanjavur,"DR.RAMANATHAN, P.",MALE,49.0,GENERAL,DMDK,Nagara,4190,56,4246,2.18,290936
Tamil Nadu,174,Thanjavur,NOTA,,,,NOTA,NOTA,1915,23,1938,0.99,290936
Tamil Nadu,174,Thanjavur,"KARIKALA CHOLAN, S.",MALE,37.0,GENERAL,NCP,Clock,274,7,281,0.14,290936
Tamil Nadu,174,Thanjavur,"VASUKI, N.",FEMALE,45.0,GENERAL,IND,Sitar,256,4,260,0.13,290936
Tamil Nadu,174,Thanjavur,"XAVIER, A.",MALE,69.0,GENERAL,PPIS,Ring,214,3,217,0.11,290936
Tamil Nadu,174,Thanjavur,"DINESH BABU, D.",MALE,34.0,GENERAL,IND,Water Melon,141,1,142,0.07,290936
Tamil Nadu,174,Thanjavur,"SANTHOSH, M.",MALE,42.0,SC,IND,Grapes,119,3,122,0.06,290936
Tamil Nadu,174,Thanjavur,"BHARATH, B.",MALE,34.0,GENERAL,IND,Scissors,105,5,110,0.06,290936
Tamil Nadu,174,Thanjavur,"SABTHAGIRI, R.",MALE,30.0,GENERAL,IND,Dish Antenna,100,1,101,0.05,290936
Tamil Nadu,175,Orathanadu,"VAITHILINGAM, R.",MALE,66.0,GENERAL,ADMK,Two Leaves,89516,547,90063,46.95,243747
Tamil Nadu,175,Orathanadu,"RAMCHANDRAN, M.",MALE,76.0,GENERAL,DMK,Rising Sun,60471,757,61228,31.92,243747
Tamil Nadu,175,Orathanadu,"SEKAR, M.",MALE,58.0,GENERAL,AMMKMNKZ,Pressure Cooker,25854,168,26022,13.56,243747
Tamil Nadu,175,Orathanadu,"KANDHASAMY, M.",MALE,43.0,GENERAL,NTK,Ganna Kisan,9013,37,9050,4.72,243747
Tamil Nadu,175,Orathanadu,"MOOKKAIYAN, V.",MALE,48.0,GENERAL,IND,Ring,2031,10,2041,1.06,243747
Tamil Nadu,175,Orathanadu,NOTA,,,,NOTA,NOTA,861,6,867,0.45,243747
Tamil Nadu,175,Orathanadu,"RENGASAMY, G.",MALE,59.0,GENERAL,MNM,Battery torch,709,12,721,0.38,243747
Tamil Nadu,175,Orathanadu,"STALIN, R.",MALE,27.0,SC,BSP,Elephant,550,0,550,0.29,243747
Tamil Nadu,175,Orathanadu,"JAYASOORIYAN, T.",MALE,38.0,GENERAL,IND,Pineapple,428,0,428,0.22,243747
Tamil Nadu,175,Orathanadu,"RENGARAJ, S.",MALE,69.0,GENERAL,IND,Gift Pack,317,2,319,0.17,243747
Tamil Nadu,175,Orathanadu,"THANRAJ, R.",MALE,41.0,GENERAL,USIP,Tiller,229,0,229,0.12,243747
Tamil Nadu,175,Orathanadu,"ARUNKUMAR, K.",MALE,26.0,GENERAL,IND,Hat,220,3,223,0.12,243747
Tamil Nadu,175,Orathanadu,"PRABAKARAN, U.",MALE,38.0,GENERAL,AMPK,Glass Tumbler,99,0,99,0.05,243747
Tamil Nadu,176,Pattukkottai,"ANNADURAI, K.",MALE,63.0,GENERAL,DMK,Rising Sun,78060,1005,79065,44.62,245863
Tamil Nadu,176,Pattukkottai,"RENGARAJAN, N.R.",MALE,57.0,GENERAL,ADMK,Two Leaves,53521,275,53796,30.36,245863
Tamil Nadu,176,Pattukkottai,"BALAKRISHNAN, V.",MALE,62.0,GENERAL,IND,Jackfruit,23704,67,23771,13.41,245863
Tamil Nadu,176,Pattukkottai,KEERTHIKA ANBU,FEMALE,30.0,GENERAL,NTK,Ganna Kisan,10694,36,10730,6.06,245863
Tamil Nadu,176,Pattukkottai,"SELVAM, S.D.S.",MALE,49.0,GENERAL,AMMKMNKZ,Pressure Cooker,5191,32,5223,2.95,245863
Tamil Nadu,176,Pattukkottai,"SADASIVAM, B.",MALE,47.0,GENERAL,MNM,Battery Torch,3070,18,3088,1.74,245863
Tamil Nadu,176,Pattukkottai,NOTA,,,,NOTA,NOTA,1019,7,1026,0.58,245863
Tamil Nadu,176,Pattukkottai,"MEIKKAPPAN, T.",MALE,72.0,GENERAL,ADK,Hat,322,0,322,0.18,245863
Tamil Nadu,176,Pattukkottai,"SUNDARRAJ, M.",MALE,59.0,GENERAL,AMPK,Glass Tumbler,178,1,179,0.1,245863
Tamil Nadu,177,Peravurani,"ASHOKKUMAR, N.",MALE,63.0,GENERAL,DMK,Rising Sun,88102,1028,89130,52.17,220162
Tamil Nadu,177,Peravurani,"THIRUGNANASAMBANDAM, S.V.",MALE,57.0,GENERAL,ADMK,Two Leaves,65395,232,65627,38.41,220162
Tamil Nadu,177,Peravurani,"DELIPAN, K.",MALE,43.0,GENERAL,NTK,Ganna Kisan,12109,45,12154,7.11,220162
Tamil Nadu,177,Peravurani,"SIVAKUMAR, M.",MALE,43.0,GENERAL,DMDK,Nagara,1618,5,1623,0.95,220162
Tamil Nadu,177,Peravurani,NOTA,,,,NOTA,NOTA,768,2,770,0.45,220162
Tamil Nadu,177,Peravurani,"PACHAMUTHU, P.",MALE,42.0,GENERAL,IJK,Auto- Rickshaw,552,2,554,0.32,220162
Tamil Nadu,177,Peravurani,"DURAIRAJ, G.",MALE,69.0,GENERAL,BSP,Elephant,493,1,494,0.29,220162
Tamil Nadu,177,Peravurani,"UTHAYAKUMAR, U.",MALE,31.0,SC,IND,Ring,260,2,262,0.15,220162
Tamil Nadu,177,Peravurani,"ELANGOVAN, G.",MALE,62.0,GENERAL,IND,Sewing Machine,236,0,236,0.14,220162
Tamil Nadu,178,Gandarvakkottai,M.Chinnadurai,MALE,58.0,SC,CPI(M),"Hammer, Sickle and Star",68715,995,69710,44.23,201607
Tamil Nadu,178,Gandarvakkottai,S.Jayabharathi,FEMALE,37.0,SC,ADMK,Two Leaves,56681,308,56989,36.16,201607
Tamil Nadu,178,Gandarvakkottai,P.Lenin,MALE,38.0,SC,AMMKMNKZ,Pressure Cooker,12728,112,12840,8.15,201607
Tamil Nadu,178,Gandarvakkottai,M.Ramila,FEMALE,30.0,SC,NTK,Ganna Kisan,12606,55,12661,8.03,201607
Tamil Nadu,178,Gandarvakkottai,NOTA,,,,NOTA,NOTA,1384,6,1390,0.88,201607
Tamil Nadu,178,Gandarvakkottai,P.Asaithambi,MALE,49.0,SC,CPI(ML)(L),Flag with Three Stars,1260,11,1271,0.81,201607
Tamil Nadu,178,Gandarvakkottai,KRM.Adhidravidar,MALE,71.0,SC,MNM,Battery torch,843,5,848,0.54,201607
Tamil Nadu,178,Gandarvakkottai,V.Rethinam,MALE,57.0,SC,IND,Gift Pack,620,0,620,0.39,201607
Tamil Nadu,178,Gandarvakkottai,P.Karthikeyan,MALE,39.0,SC,IND,Ring,286,3,289,0.18,201607
Tamil Nadu,178,Gandarvakkottai,K. Manimuthu,MALE,40.0,SC,IND,Hat,231,1,232,0.15,201607
Tamil Nadu,178,Gandarvakkottai,P.Rengasamy,MALE,35.0,SC,IND,BUCKET,206,0,206,0.13,201607
Tamil Nadu,178,Gandarvakkottai,S.Malarvizhi,FEMALE,47.0,SC,AMAK,Gas Cylinder,188,2,190,0.12,201607
Tamil Nadu,178,Gandarvakkottai,M.Thanaraj,MALE,53.0,SC,NMK,BOX,133,0,133,0.08,201607
Tamil Nadu,178,Gandarvakkottai,V.Ilaiyaraja,MALE,38.0,SC,IND,CHAIN,129,1,130,0.08,201607
Tamil Nadu,178,Gandarvakkottai,Keerai.A.T.Chinnappa,MALE,47.0,SC,IND,Football,109,2,111,0.07,201607
Tamil Nadu,179,Viralimalai,VIJAYA BASKER C,MALE,47.0,GENERAL,ADMK,Two Leaves,101676,503,102179,52.83,225189
Tamil Nadu,179,Viralimalai,PALANIAPPAN,MALE,54.0,GENERAL,DMK,Rising Sun,78028,553,78581,40.63,225189
Tamil Nadu,179,Viralimalai,AZHAGU MEENA P,FEMALE,30.0,GENERAL,NTK,Ganna Kisan,7013,22,7035,3.64,225189
Tamil Nadu,179,Viralimalai,KARTHI PRABHAKARAN O,MALE,51.0,GENERAL,AMMKMNKZ,Pressure Cooker,1220,8,1228,0.63,225189
Tamil Nadu,179,Viralimalai,DHANALAKSHMI.M,FEMALE,46.0,GENERAL,IND,Matchbox,618,2,620,0.32,225189
Tamil Nadu,179,Viralimalai,SARAVANAN R,MALE,37.0,GENERAL,MNM,Battery torch,559,0,559,0.29,225189
Tamil Nadu,179,Viralimalai,THIRUVENTHIRAN V,MALE,32.0,GENERAL,IND,HOCKEY and BALL,508,1,509,0.26,225189
Tamil Nadu,179,Viralimalai,RAMESH M,MALE,40.0,GENERAL,IND,Batsman,504,0,504,0.26,225189
Tamil Nadu,179,Viralimalai,NOTA,,,,NOTA,NOTA,385,0,385,0.2,225189
Tamil Nadu,179,Viralimalai,MANIKANDAN. C,MALE,31.0,GENERAL,IND,Telephone,291,0,291,0.15,225189
Tamil Nadu,179,Viralimalai,ALAGURAJA.V,MALE,45.0,SC,BSP,Elephant,263,0,263,0.14,225189
Tamil Nadu,179,Viralimalai,PALANISAMY A,MALE,51.0,GENERAL,IND,Gift Pack,239,2,241,0.12,225189
Tamil Nadu,179,Viralimalai,ARUMUGAM P,MALE,46.0,SC,PT,Television,213,2,215,0.11,225189
Tamil Nadu,179,Viralimalai,JOTHIVEL A,MALE,48.0,GENERAL,IND,DIAMOND,191,0,191,0.1,225189
Tamil Nadu,179,Viralimalai,BALASUBRAMANIAN M,MALE,32.0,GENERAL,IND,Tooth Brush,156,0,156,0.08,225189
Tamil Nadu,179,Viralimalai,RAJAVARMAN R,MALE,33.0,GENERAL,IND,COCONUT FARM,119,0,119,0.06,225189
Tamil Nadu,179,Viralimalai,RAMESHKUMAR.P,MALE,31.0,SC,IND,Pencil Box,93,0,93,0.05,225189
Tamil Nadu,179,Viralimalai,MANIKANDAN K,MALE,39.0,GENERAL,IND,Sewing Machine,73,0,73,0.04,225189
Tamil Nadu,179,Viralimalai,SYEED MOHAMED J,MALE,38.0,GENERAL,IND,Camera,50,0,50,0.03,225189
Tamil Nadu,179,Viralimalai,ELAYARAJA R,MALE,31.0,GENERAL,IND,Whistle,37,0,37,0.02,225189
Tamil Nadu,179,Viralimalai,SENTHILKUMAR P,MALE,41.0,GENERAL,MIDP,CCTV Camera,35,0,35,0.02,225189
Tamil Nadu,179,Viralimalai,ABDUL NAZAR K,MALE,59.0,GENERAL,IND,Binoculars,33,0,33,0.02,225189
Tamil Nadu,179,Viralimalai,VIJAY A,MALE,38.0,GENERAL,ADK,Hat,26,0,26,0.01,225189
Tamil Nadu,180,Pudukkottai,V . MUTHURAJA,MALE,44.0,GENERAL,DMK,Rising Sun,83792,2010,85802,47.7,244029
Tamil Nadu,180,Pudukkottai,KARTHIK THONDAIMAN,MALE,49.0,GENERAL,ADMK,Two Leaves,72247,554,72801,40.47,244029
Tamil Nadu,180,Pudukkottai,SASIKUMAR,MALE,43.0,GENERAL,NTK,Ganna Kisan,11411,92,11503,6.39,244029
Tamil Nadu,180,Pudukkottai,S . MOORTHY,MALE,52.0,GENERAL,MNM,Battery torch,3920,28,3948,2.19,244029
Tamil Nadu,180,Pudukkottai,M . SUBRAMANIAN,MALE,45.0,GENERAL,DMDK,Nagara,1857,16,1873,1.04,244029
Tamil Nadu,180,Pudukkottai,NOTA,,,,NOTA,NOTA,596,8,604,0.34,244029
Tamil Nadu,180,Pudukkottai,DURAI GUNA,MALE,41.0,SC,IND,Pen Nib with Seven Rays,475,1,476,0.26,244029
Tamil Nadu,180,Pudukkottai,VENGADESHWARAN,MALE,26.0,SC,BSP,Elephant,456,7,463,0.26,244029
Tamil Nadu,180,Pudukkottai,M. SARAVANA DEVA,MALE,49.0,GENERAL,NMK,Saw,416,8,424,0.24,244029
Tamil Nadu,180,Pudukkottai,KARTHIKEYAN,MALE,35.0,GENERAL,IND,Peas,388,5,393,0.22,244029
Tamil Nadu,180,Pudukkottai,V. N. MUTHUKUMAR,MALE,38.0,GENERAL,IND,Almirah,380,0,380,0.21,244029
Tamil Nadu,180,Pudukkottai,A. RAJASEKAR,MALE,37.0,GENERAL,IND,T.V. Remote,250,0,250,0.14,244029
Tamil Nadu,180,Pudukkottai,S . SOUNDAR RAJA,MALE,37.0,GENERAL,IND,Football,204,1,205,0.11,244029
Tamil Nadu,180,Pudukkottai,K . DHANAGOPAL,MALE,41.0,GENERAL,IND,Tractor Chalata Kisan,180,0,180,0.1,244029
Tamil Nadu,180,Pudukkottai,KARUPPAIAH . C,MALE,41.0,GENERAL,IND,Ring,103,1,104,0.06,244029
Tamil Nadu,180,Pudukkottai,KUMAR,MALE,52.0,GENERAL,MIDP,CCTV Camera,95,0,95,0.05,244029
Tamil Nadu,180,Pudukkottai,M . RAJINIKANTH,MALE,38.0,GENERAL,IND,Gift Pack,90,0,90,0.05,244029
Tamil Nadu,180,Pudukkottai,S . SAHUL AMEEDU,MALE,49.0,GENERAL,IND,Iron,88,1,89,0.05,244029
Tamil Nadu,180,Pudukkottai,P. VIJAYAKUMAR,MALE,44.0,GENERAL,IND,Auto- Rickshaw,71,0,71,0.04,244029
Tamil Nadu,180,Pudukkottai,S . KARTHIKEYAN,MALE,41.0,GENERAL,IND,Camera,58,0,58,0.03,244029
Tamil Nadu,180,Pudukkottai,N. VEERIAH,MALE,48.0,GENERAL,IND,Table,42,0,42,0.02,244029
Tamil Nadu,180,Pudukkottai,I . ABDULLAH,MALE,26.0,GENERAL,IND,Air Conditioner,41,0,41,0.02,244029
Tamil Nadu,181,Thirumayam,S.REGUPATHY,MALE,70.0,GENERAL,DMK,Rising Sun,70594,755,71349,41.0,227883
Tamil Nadu,181,Thirumayam,P.K.VAIRAMUTHU,MALE,66.0,GENERAL,ADMK,Two Leaves,69595,372,69967,40.2,227883
Tamil Nadu,181,Thirumayam,K.SELVAKUMAR,MALE,41.0,GENERAL,IND,Matchbox,15111,33,15144,8.7,227883
Tamil Nadu,181,Thirumayam,U.SIVARAMAN,MALE,37.0,GENERAL,NTK,Ganna Kisan,11019,42,11061,6.36,227883
Tamil Nadu,181,Thirumayam,S.MUNIARAJU,MALE,43.0,GENERAL,AMMKMNKZ,Pressure Cooker,1485,18,1503,0.86,227883
Tamil Nadu,181,Thirumayam,R.THIRUMENI,MALE,44.0,GENERAL,MNM,Battery torch,1350,6,1356,0.78,227883
Tamil Nadu,181,Thirumayam,NOTA,,,,NOTA,NOTA,568,1,569,0.33,227883
Tamil Nadu,181,Thirumayam,S. GANDIPAN,MALE,47.0,GENERAL,MIDP,CCTV Camera,554,0,554,0.32,227883
Tamil Nadu,181,Thirumayam,M.SELVAKUMAR,MALE,28.0,GENERAL,IND,Black Board,456,0,456,0.26,227883
Tamil Nadu,181,Thirumayam,C. ALAGU SUBBIAH,MALE,57.0,GENERAL,IND,Grapes,408,4,412,0.24,227883
Tamil Nadu,181,Thirumayam,M. DURAIRAJAN,MALE,52.0,GENERAL,IND,Bat,365,0,365,0.21,227883
Tamil Nadu,181,Thirumayam,M.SELVAKUMAR,MALE,26.0,GENERAL,IND,Stapler,315,0,315,0.18,227883
Tamil Nadu,181,Thirumayam,R.SIVAKUMAR,MALE,56.0,SC,PT,Television,236,2,238,0.14,227883
Tamil Nadu,181,Thirumayam,S.SELVAKUMAR,MALE,28.0,GENERAL,IND,Stool,109,0,109,0.06,227883
Tamil Nadu,181,Thirumayam,R. PALANIYAPPAN,MALE,36.0,GENERAL,IND,Chappals,92,0,92,0.05,227883
Tamil Nadu,181,Thirumayam,M.SELVAKUMAR,MALE,27.0,GENERAL,IND,Gift Pack,87,0,87,0.05,227883
Tamil Nadu,181,Thirumayam,S.PURACHIBALAN,MALE,67.0,GENERAL,ADK,Hat,74,0,74,0.04,227883
Tamil Nadu,181,Thirumayam,MUTHUADAIKKAN @ ADAIKKALAM,MALE,54.0,GENERAL,IND,Jackfruit,73,1,74,0.04,227883
Tamil Nadu,181,Thirumayam,R.SUNDARAM,MALE,67.0,GENERAL,IND,Ring,69,1,70,0.04,227883
Tamil Nadu,181,Thirumayam,S.MANIKANDAN,MALE,29.0,SC,IND,Carrom Board,66,0,66,0.04,227883
Tamil Nadu,181,Thirumayam,M.KARTHICK,MALE,32.0,GENERAL,IND,Auto- Rickshaw,65,0,65,0.04,227883
Tamil Nadu,181,Thirumayam,K.SELVAKUMAR,MALE,33.0,GENERAL,IND,PILLOW,54,0,54,0.03,227883
Tamil Nadu,181,Thirumayam,AL.MATHIALAGAN,MALE,27.0,GENERAL,IND,Whistle,51,0,51,0.03,227883
Tamil Nadu,182,Alangudi,SIVA.V.MEYYANATHAN,MALE,52.0,GENERAL,DMK,Rising Sun,86743,1192,87935,51.17,217344
Tamil Nadu,182,Alangudi,DHARMA THANGAVEL,MALE,43.0,GENERAL,ADMK,Two Leaves,61918,170,62088,36.13,217344
Tamil Nadu,182,Alangudi,C.THIRUCHELVAM,MALE,55.0,GENERAL,NTK,Ganna Kisan,15403,74,15477,9.01,217344
Tamil Nadu,182,Alangudi,D.VIDANGAR,MALE,61.0,GENERAL,AMMKMNKZ,Pressure Cooker,2899,25,2924,1.7,217344
Tamil Nadu,182,Alangudi,N.VAIRAVAN,MALE,32.0,GENERAL,MNM,Battery torch,1221,9,1230,0.72,217344
Tamil Nadu,182,Alangudi,NOTA,,,,NOTA,NOTA,699,3,702,0.41,217344
Tamil Nadu,182,Alangudi,M.CHINNADURAI,MALE,51.0,SC,BSP,Elephant,442,2,444,0.26,217344
Tamil Nadu,182,Alangudi,V.KANNADASAN,MALE,30.0,GENERAL,IND,COCONUT FARM,343,0,343,0.2,217344
Tamil Nadu,182,Alangudi,T.VINAYAGAMOORTHY,MALE,49.0,GENERAL,IND,Football,199,0,199,0.12,217344
Tamil Nadu,182,Alangudi,P.BALAMURUGAN,MALE,33.0,GENERAL,MIDP,CCTV Camera,179,1,180,0.1,217344
Tamil Nadu,182,Alangudi,G.MANIMEGALAI,FEMALE,43.0,GENERAL,CPI(ML)(L),Flag with Three Stars,163,2,165,0.1,217344
Tamil Nadu,182,Alangudi,C.JAYA,FEMALE,32.0,SC,AMPK,Glass Tumbler,154,1,155,0.09,217344
Tamil Nadu,183,Aranthangi,RAMACHANDRAN T,MALE,40.0,GENERAL,INC,Hand,80902,933,81835,48.7,237024
Tamil Nadu,183,Aranthangi,RAJANAYAGAM M,MALE,56.0,GENERAL,ADMK,Two Leaves,50655,287,50942,30.31,237024
Tamil Nadu,183,Aranthangi,HUMAYUN KABIR M I,MALE,53.0,GENERAL,NTK,Ganna Kisan,18398,62,18460,10.98,237024
Tamil Nadu,183,Aranthangi,SIVASHANMUGAM K,MALE,69.0,GENERAL,AMMKMNKZ,Pressure Cooker,4678,21,4699,2.8,237024
Tamil Nadu,183,Aranthangi,VELRAJ. K P,MALE,45.0,GENERAL,IND,Hat,3150,14,3164,1.88,237024
Tamil Nadu,183,Aranthangi,MUTHUSELVAM V,MALE,50.0,GENERAL,IND,Ring,2159,5,2164,1.29,237024
Tamil Nadu,183,Aranthangi,"DHETCHENA MOORTHY, Dr. S",MALE,40.0,GENERAL,IND,BUCKET,1064,16,1080,0.64,237024
Tamil Nadu,183,Aranthangi,SHAIK MOHAMED B,MALE,54.0,GENERAL,MNM,Battery Torch,960,6,966,0.57,237024
Tamil Nadu,183,Aranthangi,JEEVA A,MALE,52.0,SC,BSP,Elephant,633,3,636,0.38,237024
Tamil Nadu,183,Aranthangi,AMALADOSS SANDHIYAGU,MALE,62.0,GENERAL,PT,Television,599,13,612,0.36,237024
Tamil Nadu,183,Aranthangi,NOTA,,,,NOTA,NOTA,524,0,524,0.31,237024
Tamil Nadu,183,Aranthangi,PANDIYAN V,MALE,43.0,GENERAL,IND,Bicycle Pump,505,0,505,0.3,237024
Tamil Nadu,183,Aranthangi,MAHENDRAN K,MALE,48.0,GENERAL,IND,Gas Cylinder,493,0,493,0.29,237024
Tamil Nadu,183,Aranthangi,SELVAKUMAR K,MALE,39.0,GENERAL,IND,Cake,391,0,391,0.23,237024
Tamil Nadu,183,Aranthangi,MUTHUKKARUPPAIAH K,MALE,68.0,GENERAL,IND,Grapes,334,0,334,0.2,237024
Tamil Nadu,183,Aranthangi,RAMASAMY R S,MALE,41.0,GENERAL,IND,COCONUT FARM,212,0,212,0.13,237024
Tamil Nadu,183,Aranthangi,SYED SULTHAN IBRAHIM A,MALE,37.0,GENERAL,IND,Brush,201,1,202,0.12,237024
Tamil Nadu,183,Aranthangi,TILLAINATHAN R,MALE,51.0,GENERAL,IND,Auto- Rickshaw,179,1,180,0.11,237024
Tamil Nadu,183,Aranthangi,RAMALINGASWAMI ADIHITHAN. PPC,MALE,48.0,GENERAL,AIJYMKG,Mixee,167,1,168,0.1,237024
Tamil Nadu,183,Aranthangi,SAKTHIVEL K,MALE,62.0,GENERAL,MMKA,Matchbox,162,0,162,0.1,237024
Tamil Nadu,183,Aranthangi,ARJUNAN R,MALE,43.0,GENERAL,IND,FLUTE,140,0,140,0.08,237024
Tamil Nadu,183,Aranthangi,KUMARAPPAN B,MALE,38.0,GENERAL,MIDP,CCTV Camera,125,0,125,0.07,237024
Tamil Nadu,183,Aranthangi,JEGADEESAN R,MALE,53.0,GENERAL,IND,Brief Case,54,0,54,0.03,237024
Tamil Nadu,184,Karaikudi,S.Mangudi,MALE,58.0,GENERAL,INC,Hand,73777,2177,75954,35.75,317276
Tamil Nadu,184,Karaikudi,H.Raja,MALE,63.0,GENERAL,BJP,Lotus,53863,502,54365,25.59,317276
Tamil Nadu,184,Karaikudi,Dherpoki V Pandi,MALE,45.0,GENERAL,AMMKMNKZ,Pressure Cooker,44561,303,44864,21.12,317276
Tamil Nadu,184,Karaikudi,N.Durai Manickam,MALE,47.0,GENERAL,NTK,Ganna Kisan,23725,147,23872,11.24,317276
Tamil Nadu,184,Karaikudi,S.Rajkumar,MALE,47.0,GENERAL,MNM,Battery Torch,8260,91,8351,3.93,317276
Tamil Nadu,184,Karaikudi,NOTA,,,,NOTA,NOTA,1329,20,1349,0.63,317276
Tamil Nadu,184,Karaikudi,B.Vanitha,FEMALE,36.0,SC,PT,Television,698,4,702,0.33,317276
Tamil Nadu,184,Karaikudi,N.Baluswamy,MALE,49.0,SC,BSP,Elephant,649,3,652,0.31,317276
Tamil Nadu,184,Karaikudi,N.Meenal,FEMALE,51.0,SC,IND,Gift Pack,543,5,548,0.26,317276
Tamil Nadu,184,Karaikudi,K.Velu,MALE,40.0,GENERAL,IND,Kettle,498,6,504,0.24,317276
Tamil Nadu,184,Karaikudi,M.Naina Mohamed,MALE,26.0,GENERAL,IND,Auto- Rickshaw,412,4,416,0.2,317276
Tamil Nadu,184,Karaikudi,A.Ganesan,MALE,59.0,SC,IND,Gas Cylinder,340,6,346,0.16,317276
Tamil Nadu,184,Karaikudi,Rajkumar.G,MALE,36.0,GENERAL,AMGRDMK,Pan,338,3,341,0.16,317276
Tamil Nadu,184,Karaikudi,A.Paramasivam,MALE,47.0,GENERAL,IND,Baby Walker,192,0,192,0.09,317276
Tamil Nadu,185,Tiruppattur,KR.PERIYAKARUPPAN,MALE,61.0,GENERAL,DMK,Rising Sun,102261,1421,103682,49.19,291771
Tamil Nadu,185,Tiruppattur,MARUDHU ALAGURAJ,MALE,52.0,GENERAL,ADMK,Two Leaves,65915,393,66308,31.46,291771
Tamil Nadu,185,Tiruppattur,KOTTAIKUMAR,MALE,53.0,GENERAL,NTK,Ganna Kisan,14518,53,14571,6.91,291771
Tamil Nadu,185,Tiruppattur,C.PARAMASIVAM,MALE,48.0,GENERAL,IND,Pot,13186,16,13202,6.26,291771
Tamil Nadu,185,Tiruppattur,K.K.UMADHEVAN,MALE,67.0,GENERAL,AMMKMNKZ,Pressure Cooker,7396,52,7448,3.53,291771
Tamil Nadu,185,Tiruppattur,A.AMALAN SAVARIMUTHU,MALE,48.0,GENERAL,IJK,Auto- Rickshaw,856,6,862,0.41,291771
Tamil Nadu,185,Tiruppattur,NOTA,,,,NOTA,NOTA,845,8,853,0.4,291771
Tamil Nadu,185,Tiruppattur,PERIYASAMY,MALE,44.0,GENERAL,IND,Water Melon,604,1,605,0.29,291771
Tamil Nadu,185,Tiruppattur,A.PARTHASARATHY,MALE,37.0,GENERAL,IND,Iron,465,0,465,0.22,291771
Tamil Nadu,185,Tiruppattur,A.MALLIKA,FEMALE,58.0,GENERAL,IND,Brief Case,444,0,444,0.21,291771
Tamil Nadu,185,Tiruppattur,K.S.K.RAJESH,MALE,45.0,GENERAL,IND,DIAMOND,352,0,352,0.17,291771
Tamil Nadu,185,Tiruppattur,PALANIAPPAN,MALE,56.0,GENERAL,IND,Violin,333,0,333,0.16,291771
Tamil Nadu,185,Tiruppattur,M.SARASWATHI,FEMALE,39.0,SC,PT,Television,240,1,241,0.11,291771
Tamil Nadu,185,Tiruppattur,P.SELVARAJ,MALE,53.0,GENERAL,IND,Whistle,221,0,221,0.1,291771
Tamil Nadu,185,Tiruppattur,P.RAJESWARI,FEMALE,42.0,GENERAL,IND,COCONUT FARM,152,0,152,0.07,291771
Tamil Nadu,185,Tiruppattur,K.VEERAPANDIAN,MALE,53.0,GENERAL,MIDP,CCTV Camera,143,1,144,0.07,291771
Tamil Nadu,185,Tiruppattur,M.MOHAMED RABEEK,MALE,50.0,GENERAL,IND,Lighter,122,0,122,0.06,291771
Tamil Nadu,185,Tiruppattur,P.JEYACHANDRAN,MALE,37.0,GENERAL,IND,Table,115,0,115,0.05,291771
Tamil Nadu,185,Tiruppattur,S.MURUGAN,MALE,38.0,SC,AMPK,Glass Tumbler,95,1,96,0.05,291771
Tamil Nadu,185,Tiruppattur,G.ABDUL KISHORE BABU,MALE,30.0,GENERAL,IND,Pen Drive,84,1,85,0.04,291771
Tamil Nadu,185,Tiruppattur,A.KARTHIKA,FEMALE,30.0,GENERAL,IND,Baby Walker,80,0,80,0.04,291771
Tamil Nadu,185,Tiruppattur,RM.MURUGESAN,MALE,49.0,GENERAL,IND,Batsman,69,0,69,0.03,291771
Tamil Nadu,185,Tiruppattur,C.KANNAN,MALE,47.0,GENERAL,IND,Bread Toaster,67,1,68,0.03,291771
Tamil Nadu,185,Tiruppattur,J.VEERAYI,FEMALE,48.0,GENERAL,IND,Almirah,65,0,65,0.03,291771
Tamil Nadu,185,Tiruppattur,MUTHULAKSHMI,FEMALE,34.0,GENERAL,IND,Spanner,65,0,65,0.03,291771
Tamil Nadu,185,Tiruppattur,ANANDHAN K,MALE,46.0,GENERAL,IND,COMPUTER,62,0,62,0.03,291771
Tamil Nadu,185,Tiruppattur,RENUKA,FEMALE,53.0,GENERAL,IND,Dish Antenna,56,0,56,0.03,291771
Tamil Nadu,186,Sivaganga,PR. Senthilnathan,MALE,53.0,GENERAL,ADMK,Two Leaves,81267,886,82153,40.66,301163
Tamil Nadu,186,Sivaganga,S. Gunasekaran,MALE,65.0,GENERAL,CPI,Ears of Corn And Sickle,69101,1799,70900,35.09,301163
Tamil Nadu,186,Sivaganga,R. Mallika,FEMALE,36.0,GENERAL,NTK,Ganna Kisan,22301,199,22500,11.14,301163
Tamil Nadu,186,Sivaganga,K. Anbarasan,MALE,39.0,GENERAL,AMMKMNKZ,Pressure Cooker,19631,193,19824,9.81,301163
Tamil Nadu,186,Sivaganga,Joseph. C,MALE,40.0,GENERAL,MNM,Battery torch,2076,29,2105,1.04,301163
Tamil Nadu,186,Sivaganga,P. Viswanathan,MALE,67.0,GENERAL,IND,Spanner,1318,14,1332,0.66,301163
Tamil Nadu,186,Sivaganga,NOTA,,,,NOTA,NOTA,1258,12,1270,0.63,301163
Tamil Nadu,186,Sivaganga,N. Pandimuthu,FEMALE,52.0,GENERAL,MIDP,CCTV Camera,369,4,373,0.18,301163
Tamil Nadu,186,Sivaganga,Dr. A. Parthasarathy,MALE,42.0,GENERAL,IND,Auto- Rickshaw,342,3,345,0.17,301163
Tamil Nadu,186,Sivaganga,Vimalraj,MALE,26.0,GENERAL,IND,Water Tank,307,2,309,0.15,301163
Tamil Nadu,186,Sivaganga,Vadivel. C,MALE,41.0,GENERAL,AMPK,Glass Tumbler,239,2,241,0.12,301163
Tamil Nadu,186,Sivaganga,M. Ravi,MALE,41.0,GENERAL,IND,Brick,175,0,175,0.09,301163
Tamil Nadu,186,Sivaganga,R. Gunasekaran,MALE,27.0,GENERAL,IND,Funnel,145,10,155,0.08,301163
Tamil Nadu,186,Sivaganga,M. Thirukumaran,MALE,40.0,GENERAL,IND,CALCULATOR,124,3,127,0.06,301163
Tamil Nadu,186,Sivaganga,K. Kalaiselvam,MALE,36.0,GENERAL,IND,Saw,120,3,123,0.06,301163
Tamil Nadu,186,Sivaganga,C. Kaningprabhu,MALE,35.0,SC,IND,Tooth Paste,109,3,112,0.06,301163
Tamil Nadu,187,Manamadurai,Tamilarasi A.,FEMALE,44.0,SC,DMK,Rising Sun,87827,1537,89364,44.01,278605
Tamil Nadu,187,Manamadurai,Nagarajan S.,MALE,52.0,SC,ADMK,Two Leaves,74433,840,75273,37.07,278605
Tamil Nadu,187,Manamadurai,Shanmugapriya M.,FEMALE,28.0,SC,NTK,Ganna Kisan,22916,312,23228,11.44,278605
Tamil Nadu,187,Manamadurai,Mariappankennady S.,MALE,45.0,SC,AMMKMNKZ,Pressure Cooker,10074,157,10231,5.04,278605
Tamil Nadu,187,Manamadurai,Sivasankari P.,FEMALE,42.0,SC,MNM,Battery Torch,2219,38,2257,1.11,278605
Tamil Nadu,187,Manamadurai,NOTA,,,,NOTA,NOTA,1320,15,1335,0.66,278605
Tamil Nadu,187,Manamadurai,Rajaiah C.,MALE,57.0,SC,IND,Television,367,2,369,0.18,278605
Tamil Nadu,187,Manamadurai,Chandrasekar M.,MALE,52.0,SC,AMPK,Glass Tumbler,226,3,229,0.11,278605
Tamil Nadu,187,Manamadurai,Muthumari K.,MALE,38.0,SC,IND,Gift Pack,185,0,185,0.09,278605
Tamil Nadu,187,Manamadurai,Thamaraiselvi S.,FEMALE,27.0,SC,IND,Pineapple,140,2,142,0.07,278605
Tamil Nadu,187,Manamadurai,Muralitharan M.,MALE,38.0,SC,AMGRDMK,Pan,128,0,128,0.06,278605
Tamil Nadu,187,Manamadurai,Duraipandi M.,MALE,36.0,SC,IND,Binoculars,125,0,125,0.06,278605
Tamil Nadu,187,Manamadurai,Rajendran A.,MALE,46.0,SC,MIDP,CCTV Camera,104,7,111,0.05,278605
Tamil Nadu,187,Manamadurai,Karuppaiah S.,MALE,58.0,SC,IND,CUBE,83,1,84,0.04,278605
Tamil Nadu,188,Melur,PERIYAPULLAN @ SELVAM P.,MALE,49.0,GENERAL,ADMK,Two Leaves,83126,218,83344,45.6,244996
Tamil Nadu,188,Melur,RAVICHANDRAN T.,MALE,65.0,GENERAL,INC,Hand,47727,455,48182,26.36,244996
Tamil Nadu,188,Melur,SELVARAJ A.,MALE,57.0,GENERAL,AMMKMNKZ,Pressure Cooker,34027,235,34262,18.74,244996
Tamil Nadu,188,Melur,KARUPPUSAMY P.,MALE,42.0,GENERAL,NTK,Ganna Kisan,10606,63,10669,5.84,244996
Tamil Nadu,188,Melur,KATHIRESAN K.,MALE,44.0,GENERAL,MNM,Battery torch,2161,15,2176,1.19,244996
Tamil Nadu,188,Melur,NOTA,,,,NOTA,NOTA,875,9,884,0.48,244996
Tamil Nadu,188,Melur,PANDI K.,MALE,56.0,SC,IND,Peas,736,0,736,0.4,244996
Tamil Nadu,188,Melur,BALAN T.,MALE,42.0,GENERAL,IND,Whistle,630,0,630,0.34,244996
Tamil Nadu,188,Melur,GOBALAKRISHNAN M.,MALE,43.0,GENERAL,IND,Tractor Chalata Kisan,350,0,350,0.19,244996
Tamil Nadu,188,Melur,MOHANRAM C.,MALE,55.0,GENERAL,IND,Camera,342,0,342,0.19,244996
Tamil Nadu,188,Melur,DHINAKARAN S.,MALE,31.0,GENERAL,IND,Ring,274,0,274,0.15,244996
Tamil Nadu,188,Melur,SENTHILRAJ K.,MALE,33.0,GENERAL,MIDP,CCTV Camera,270,0,270,0.15,244996
Tamil Nadu,188,Melur,KANNAN P.,MALE,44.0,GENERAL,IND,Water Tank,257,1,258,0.14,244996
Tamil Nadu,188,Melur,NAGENDRAN N.,MALE,27.0,GENERAL,IND,CALCULATOR,199,1,200,0.11,244996
Tamil Nadu,188,Melur,SIVASAMY R.,MALE,42.0,GENERAL,IND,Helicopter,109,1,110,0.06,244996
Tamil Nadu,188,Melur,DHARMAR P.,MALE,38.0,SC,IND,Ginger,95,0,95,0.05,244996
Tamil Nadu,189,Madurai East,MOORTHY P,MALE,62.0,GENERAL,DMK,Rising Sun,120459,2270,122729,51.59,329209
Tamil Nadu,189,Madurai East,GOPALAKRISHNAN R,MALE,52.0,GENERAL,ADMK,Two Leaves,72588,537,73125,30.74,329209
Tamil Nadu,189,Madurai East,LATHA J,FEMALE,47.0,GENERAL,NTK,Ganna Kisan,17504,164,17668,7.43,329209
Tamil Nadu,189,Madurai East,MUTHUKRISHNAN I,MALE,46.0,GENERAL,MNM,Battery torch,11864,129,11993,5.04,329209
Tamil Nadu,189,Madurai East,SARAVANAN T,MALE,53.0,GENERAL,AMMKMNKZ,Pressure Cooker,6636,93,6729,2.83,329209
Tamil Nadu,189,Madurai East,NOTA,,,,NOTA,NOTA,1923,21,1944,0.82,329209
Tamil Nadu,189,Madurai East,BALAMURUGAN A,MALE,46.0,SC,PT,Television,1737,18,1755,0.74,329209
Tamil Nadu,189,Madurai East,PALANIAMMAL P,FEMALE,27.0,SC,IND,Gift Pack,345,4,349,0.15,329209
Tamil Nadu,189,Madurai East,CHANDRASEKARAN V,MALE,47.0,GENERAL,IND,Peas,345,1,346,0.15,329209
Tamil Nadu,189,Madurai East,MUSTAK MOHAMED.A.K,MALE,63.0,GENERAL,TPSTP,Tractor Chalata Kisan,306,2,308,0.13,329209
Tamil Nadu,189,Madurai East,GANDHI K,MALE,47.0,GENERAL,IND,Gas Cylinder,232,1,233,0.1,329209
Tamil Nadu,189,Madurai East,JEYAKUMAR P,MALE,50.0,GENERAL,IND,Bat,231,1,232,0.1,329209
Tamil Nadu,189,Madurai East,MUTHU KRISHNAN M,MALE,38.0,GENERAL,AMPK,Glass Tumbler,151,1,152,0.06,329209
Tamil Nadu,189,Madurai East,RAJA P,MALE,42.0,GENERAL,MIDP,CCTV Camera,120,2,122,0.05,329209
Tamil Nadu,189,Madurai East,PRABAHARAN M,MALE,35.0,SC,BHUDRP,BUCKET,109,3,112,0.05,329209
Tamil Nadu,189,Madurai East,DINESH G,MALE,29.0,GENERAL,IND,Electric Pole,95,0,95,0.04,329209
Tamil Nadu,190,Sholavandan,VENKATESAN A,MALE,45.0,SC,DMK,Rising Sun,83247,993,84240,48.04,218730
Tamil Nadu,190,Sholavandan,MANICKAM K,MALE,55.0,SC,ADMK,Two Leaves,66792,403,67195,38.32,218730
Tamil Nadu,190,Sholavandan,SENGANNAN G,MALE,50.0,SC,NTK,Ganna Kisan,13783,153,13936,7.95,218730
Tamil Nadu,190,Sholavandan,JEYALAKSHMI M,FEMALE,44.0,SC,DMDK,Nagara,3534,48,3582,2.04,218730
Tamil Nadu,190,Sholavandan,YOGANATHAN S,MALE,42.0,SC,MNM,Battery torch,3000,31,3031,1.73,218730
Tamil Nadu,190,Sholavandan,NOTA,,,,NOTA,NOTA,946,15,961,0.55,218730
Tamil Nadu,190,Sholavandan,MOORTHI M,MALE,48.0,SC,IND,Diesel Pump,363,0,363,0.21,218730
Tamil Nadu,190,Sholavandan,RAJKUMAR V,MALE,27.0,SC,IND,Helmet,347,6,353,0.2,218730
Tamil Nadu,190,Sholavandan,KANDAVEL S,MALE,44.0,SC,IND,Peas,292,2,294,0.17,218730
Tamil Nadu,190,Sholavandan,INDURANI S,FEMALE,46.0,SC,PT,Television,248,2,250,0.14,218730
Tamil Nadu,190,Sholavandan,MOORTHY P,MALE,43.0,SC,IND,Tent,200,0,200,0.11,218730
Tamil Nadu,190,Sholavandan,SILAMBARASAN P,MALE,33.0,SC,BHUDRP,BUCKET,143,3,146,0.08,218730
Tamil Nadu,190,Sholavandan,MALAICHAMY A,MALE,51.0,SC,IND,Truck,133,0,133,0.08,218730
Tamil Nadu,190,Sholavandan,ESWARI T,FEMALE,47.0,SC,CPI(ML)(L),Flag with Three Stars,121,4,125,0.07,218730
Tamil Nadu,190,Sholavandan,KATHIRESAN P,MALE,32.0,SC,IND,Gas Stove,102,2,104,0.06,218730
Tamil Nadu,190,Sholavandan,VARATHARAJAN C,MALE,50.0,SC,IND,Matchbox,89,0,89,0.05,218730
Tamil Nadu,190,Sholavandan,DHANAGOPAL S,MALE,39.0,SC,IND,Neck Tie,86,2,88,0.05,218730
Tamil Nadu,190,Sholavandan,KRISHNASAMY P,MALE,55.0,SC,IND,COMPUTER,81,3,84,0.05,218730
Tamil Nadu,190,Sholavandan,RAJKUMAR K,MALE,36.0,SC,MIDP,CCTV Camera,71,0,71,0.04,218730
Tamil Nadu,190,Sholavandan,SEKAR N,MALE,52.0,SC,IND,Iron,70,0,70,0.04,218730
Tamil Nadu,190,Sholavandan,VETRIVEL J,MALE,39.0,SC,IND,Room Cooler,46,0,46,0.03,218730
Tamil Nadu,191,Madurai North,THALAPATHI G,MALE,65.0,GENERAL,DMK,Rising Sun,71949,1061,73010,46.64,243596
Tamil Nadu,191,Madurai North,SARAVANAN P,MALE,50.0,GENERAL,BJP,Lotus,49700,394,50094,32.0,243596
Tamil Nadu,191,Madurai North,ANBARASI S,FEMALE,34.0,GENERAL,NTK,Ganna Kisan,15178,133,15311,9.78,243596
Tamil Nadu,191,Madurai North,ALAGAR M,MALE,53.0,GENERAL,MNM,Battery torch,12019,83,12102,7.73,243596
Tamil Nadu,191,Madurai North,JEYAPAL M,MALE,61.0,GENERAL,AMMKMNKZ,Pressure Cooker,3235,45,3280,2.1,243596
Tamil Nadu,191,Madurai North,NOTA,,,,NOTA,NOTA,1548,16,1564,1.0,243596
Tamil Nadu,191,Madurai North,NATARAJAN R,MALE,47.0,GENERAL,IND,Petrol Pump,167,1,168,0.11,243596
Tamil Nadu,191,Madurai North,VASANTHAKUMAR S,MALE,52.0,GENERAL,ADK,Hat,167,0,167,0.11,243596
Tamil Nadu,191,Madurai North,SANKARAPANDI P,MALE,35.0,GENERAL,IND,Television,161,2,163,0.1,243596
Tamil Nadu,191,Madurai North,ABUBAKKAR SITHICK J,MALE,46.0,GENERAL,IND,Camera,138,1,139,0.09,243596
Tamil Nadu,191,Madurai North,THEIVAMMAL K,FEMALE,38.0,SC,IND,Matchbox,124,1,125,0.08,243596
Tamil Nadu,191,Madurai North,VOLTAIRE M J,MALE,52.0,GENERAL,SUCI,Gas Cylinder,114,1,115,0.07,243596
Tamil Nadu,191,Madurai North,ISMAIL D,MALE,39.0,GENERAL,IND,Funnel,105,0,105,0.07,243596
Tamil Nadu,191,Madurai North,RAAM VISHWAKARMA T,MALE,65.0,GENERAL,IND,Helmet,93,1,94,0.06,243596
Tamil Nadu,191,Madurai North,KESAVARAJAH J,MALE,30.0,GENERAL,IND,Cauliflower,69,1,70,0.04,243596
Tamil Nadu,191,Madurai North,KUPPUSAMY N,MALE,40.0,GENERAL,IND,Plate Containing Food,49,0,49,0.03,243596
Tamil Nadu,192,Madurai South,BOOMINATHAN.M,MALE,61.0,GENERAL,DMK,Rising Sun,62284,528,62812,42.49,230133
Tamil Nadu,192,Madurai South,SARAVANAN. S.S,MALE,45.0,GENERAL,ADMK,Two Leaves,56005,292,56297,38.08,230133
Tamil Nadu,192,Madurai South,ESWARAN.G,MALE,45.0,GENERAL,MNM,Battery torch,12773,48,12821,8.67,230133
Tamil Nadu,192,Madurai South,ABBAS.M,MALE,50.0,GENERAL,NTK,Ganna Kisan,10430,53,10483,7.09,230133
Tamil Nadu,192,Madurai South,RAAJALINGAM.SHA,MALE,45.0,GENERAL,AMMKMNKZ,Pressure Cooker,2662,10,2672,1.81,230133
Tamil Nadu,192,Madurai South,NOTA,,,,NOTA,NOTA,1532,19,1551,1.05,230133
Tamil Nadu,192,Madurai South,SARAVANAN.R,MALE,33.0,GENERAL,IND,Dustbin,254,3,257,0.17,230133
Tamil Nadu,192,Madurai South,JEYA.K,FEMALE,45.0,SC,IND,Wallet,175,3,178,0.12,230133
Tamil Nadu,192,Madurai South,RAJKUMAR(a)MANIKANDAN.K,MALE,45.0,GENERAL,IND,Peas,162,0,162,0.11,230133
Tamil Nadu,192,Madurai South,VENGADACHALAPATHY.T.S,MALE,54.0,GENERAL,IND,Funnel,158,1,159,0.11,230133
Tamil Nadu,192,Madurai South,BHARATHI KANNAMMA. S,THIRD,63.0,GENERAL,NGPP,Pot,140,0,140,0.09,230133
Tamil Nadu,192,Madurai South,RAVICHANDRAN.V.C,MALE,52.0,GENERAL,IND,Carrom Board,116,0,116,0.08,230133
Tamil Nadu,192,Madurai South,SADAM HUSSAIN.K,MALE,31.0,GENERAL,MIDP,CCTV Camera,104,0,104,0.07,230133
Tamil Nadu,192,Madurai South,UMESH.K.R,MALE,60.0,GENERAL,IND,Camera,81,0,81,0.05,230133
Tamil Nadu,193,Madurai Central,PALANIVEL THIAGA RAJAN,MALE,55.0,GENERAL,DMK,Rising Sun,72231,974,73205,48.99,241913
Tamil Nadu,193,Madurai Central,JOTHI MUTHURAMALINGAM N,MALE,54.0,GENERAL,ADMK,Two Leaves,38834,195,39029,26.12,241913
Tamil Nadu,193,Madurai Central,MANI B,MALE,46.0,GENERAL,MNM,Battery torch,14437,58,14495,9.7,241913
Tamil Nadu,193,Madurai Central,PANDIAMMAL J,FEMALE,38.0,GENERAL,NTK,Ganna Kisan,11156,59,11215,7.51,241913
Tamil Nadu,193,Madurai Central,KREMMER SURESH,MALE,49.0,GENERAL,IND,Hat,4880,27,4907,3.28,241913
Tamil Nadu,193,Madurai Central,SIKKANDAR BATCHA G S,MALE,44.0,GENERAL,SDPI,Pressure Cooker,3327,20,3347,2.24,241913
Tamil Nadu,193,Madurai Central,NOTA,,,,NOTA,NOTA,1432,9,1441,0.96,241913
Tamil Nadu,193,Madurai Central,KRISHNAPRABBU M R,MALE,39.0,GENERAL,IND,Ring,437,3,440,0.29,241913
Tamil Nadu,193,Madurai Central,ESWARI M,FEMALE,42.0,GENERAL,MIDP,CCTV Camera,285,2,287,0.19,241913
Tamil Nadu,193,Madurai Central,THAVAMANI A,MALE,55.0,SC,BSP,Elephant,283,3,286,0.19,241913
Tamil Nadu,193,Madurai Central,ELANGOVAN R,MALE,49.0,GENERAL,IND,COCONUT FARM,264,0,264,0.18,241913
Tamil Nadu,193,Madurai Central,RAJASURIYAA K R,MALE,26.0,GENERAL,IND,Baby Walker,192,1,193,0.13,241913
Tamil Nadu,193,Madurai Central,RAJAKUMAR NAIDU E V S,MALE,51.0,GENERAL,TTNP,Auto- Rickshaw,175,1,176,0.12,241913
Tamil Nadu,193,Madurai Central,SIVASANKAR S,MALE,35.0,GENERAL,IND,Balloon,94,0,94,0.06,241913
Tamil Nadu,193,Madurai Central,SATHIYENDRAN N,MALE,39.0,GENERAL,IND,Petrol Pump,51,0,51,0.03,241913
Tamil Nadu,194,Madurai West,RAJU. K,MALE,68.0,GENERAL,ADMK,Two Leaves,83586,297,83883,41.59,307141
Tamil Nadu,194,Madurai West,CHINNAMMAL. C,FEMALE,66.0,GENERAL,DMK,Rising Sun,73463,1299,74762,37.07,307141
Tamil Nadu,194,Madurai West,VETRIKUMARAN. C,MALE,46.0,GENERAL,NTK,Ganna Kisan,18133,91,18224,9.04,307141
Tamil Nadu,194,Madurai West,MUNIYASAMY. V,MALE,43.0,GENERAL,MNM,Battery torch,15749,100,15849,7.86,307141
Tamil Nadu,194,Madurai West,BALACHANDRAN. P,MALE,48.0,GENERAL,DMDK,Nagara,3384,33,3417,1.69,307141
Tamil Nadu,194,Madurai West,NAGAJOTHI. K,FEMALE,35.0,GENERAL,TNLK,Ring,2483,26,2509,1.24,307141
Tamil Nadu,194,Madurai West,NOTA,,,,NOTA,NOTA,1757,17,1774,0.88,307141
Tamil Nadu,194,Madurai West,RAMU. N,MALE,38.0,GENERAL,IND,Peas,368,0,368,0.18,307141
Tamil Nadu,194,Madurai West,KARTHIKEYAN. R,MALE,41.0,GENERAL,ABHM,Television,315,3,318,0.16,307141
Tamil Nadu,194,Madurai West,VENKATESAN. M,MALE,52.0,GENERAL,IND,Pen Drive,126,0,126,0.06,307141
Tamil Nadu,194,Madurai West,PREMKUMAR. M,MALE,40.0,GENERAL,IND,Spanner,122,0,122,0.06,307141
Tamil Nadu,194,Madurai West,ARASU THIRUVALAVAN. K. K,MALE,76.0,GENERAL,IND,Sewing Machine,96,1,97,0.05,307141
Tamil Nadu,194,Madurai West,SULTHAN BADUSHA. J,MALE,32.0,GENERAL,AMGRDMK,Pan,79,0,79,0.04,307141
Tamil Nadu,194,Madurai West,ANBUMANIKANDANTAMILSOORIYAN.K,MALE,48.0,GENERAL,IND,Matchbox,73,0,73,0.04,307141
Tamil Nadu,194,Madurai West,SEBASTHIYAN. B,MALE,67.0,GENERAL,IND,Room Cooler,49,0,49,0.02,307141
Tamil Nadu,194,Madurai West,SULTHAN BASHA. K,MALE,36.0,GENERAL,IND,Plate Stand,43,1,44,0.02,307141
Tamil Nadu,195,Thiruparankundram,"RAJANCHELLAPPA, V.V.",MALE,70.0,GENERAL,ADMK,Two Leaves,103059,624,103683,43.96,321501
Tamil Nadu,195,Thiruparankundram,PONNUTHAI,FEMALE,47.0,GENERAL,CPI(M),"Hammer, Sickle and Star",73032,1162,74194,31.46,321501
Tamil Nadu,195,Thiruparankundram,"REVATHY, R.",FEMALE,31.0,GENERAL,NTK,Ganna Kisan,22582,140,22722,9.63,321501
Tamil Nadu,195,Thiruparankundram,"BHARANIRAJAN, M.",MALE,38.0,GENERAL,MNM,Battery torch,16662,88,16750,7.1,321501
Tamil Nadu,195,Thiruparankundram,"DAVID ANNADURAI, K.",MALE,43.0,GENERAL,AMMKMNKZ,Pressure Cooker,10120,70,10190,4.32,321501
Tamil Nadu,195,Thiruparankundram,NOTA,,,,NOTA,NOTA,2039,34,2073,0.88,321501
Tamil Nadu,195,Thiruparankundram,"ARUMUGAM, V.",MALE,35.0,GENERAL,IND,Throwing a Javelin,2002,3,2005,0.85,321501
Tamil Nadu,195,Thiruparankundram,"SAVITHA, R.",FEMALE,35.0,GENERAL,AMGRDMK,Pan,591,1,592,0.25,321501
Tamil Nadu,195,Thiruparankundram,"MURUGAN, K.R.",MALE,40.0,GENERAL,IND,Well,555,7,562,0.24,321501
Tamil Nadu,195,Thiruparankundram,"RAJAMANI, V.",MALE,34.0,GENERAL,NMK,Cot,537,1,538,0.23,321501
Tamil Nadu,195,Thiruparankundram,"PACKIYASELVI, K.",FEMALE,32.0,SC,IND,Dustbin,401,1,402,0.17,321501
Tamil Nadu,195,Thiruparankundram,"UKKRA PANDIYAN, S.",MALE,28.0,GENERAL,IND,Ring,301,1,302,0.13,321501
Tamil Nadu,195,Thiruparankundram,"PILLAI, M.M.",MALE,64.0,GENERAL,IND,Coat,283,1,284,0.12,321501
Tamil Nadu,195,Thiruparankundram,"BALAMURUGAN, R.",MALE,29.0,GENERAL,IND,Scissors,256,1,257,0.11,321501
Tamil Nadu,195,Thiruparankundram,"KARUNAKARAN, M.",MALE,34.0,GENERAL,IND,Hand Cart,246,0,246,0.1,321501
Tamil Nadu,195,Thiruparankundram,"SEKAR, S.",MALE,56.0,GENERAL,IND,Television,200,0,200,0.08,321501
Tamil Nadu,195,Thiruparankundram,"PALANIKUMAR, M.",MALE,37.0,SC,AMBDKPP,Pineapple,173,4,177,0.08,321501
Tamil Nadu,195,Thiruparankundram,"MURUGESAN, A.",MALE,53.0,SC,MIDP,CCTV Camera,131,0,131,0.06,321501
Tamil Nadu,195,Thiruparankundram,"ILANGOVAN, P.",MALE,49.0,GENERAL,IND,COMPUTER,114,0,114,0.05,321501
Tamil Nadu,195,Thiruparankundram,"RADHA (A) GUNASEKARAN, M.",MALE,39.0,GENERAL,IND,Tyres,114,0,114,0.05,321501
Tamil Nadu,195,Thiruparankundram,"MOHIDEEN ABDUL KADAR, M.K.",MALE,44.0,GENERAL,IND,Road Roller,98,0,98,0.04,321501
Tamil Nadu,195,Thiruparankundram,"MANIKANDAN, S.",MALE,29.0,SC,IND,Dish Antenna,81,1,82,0.03,321501
Tamil Nadu,195,Thiruparankundram,"SANKAR THAYAL SHARMA, M.",MALE,37.0,SC,IND,Camera,80,0,80,0.03,321501
Tamil Nadu,195,Thiruparankundram,"RAMACHANDRAN, K.",MALE,46.0,SC,IND,Balloon,52,1,53,0.02,321501
Tamil Nadu,196,Thirumangalam,UDHAYAKUMAR R B,MALE,47.0,GENERAL,ADMK,Two Leaves,99294,1044,100338,45.51,279598
Tamil Nadu,196,Thirumangalam,MANIMARAN M,MALE,46.0,GENERAL,DMK,Rising Sun,84381,1870,86251,39.12,279598
Tamil Nadu,196,Thirumangalam,ATHI NARAYANAN K,MALE,51.0,GENERAL,AMMKMNKZ,Pressure Cooker,13554,226,13780,6.25,279598
Tamil Nadu,196,Thirumangalam,SARAL M,FEMALE,45.0,GENERAL,NTK,Ganna Kisan,11375,218,11593,5.26,279598
Tamil Nadu,196,Thirumangalam,RAMKUMAR M,MALE,34.0,GENERAL,MNM,Battery Torch,2748,27,2775,1.26,279598
Tamil Nadu,196,Thirumangalam,VEERANAN S,MALE,28.0,GENERAL,IND,Matchbox,1566,10,1576,0.71,279598
Tamil Nadu,196,Thirumangalam,NOTA,,,,NOTA,NOTA,958,13,971,0.44,279598
Tamil Nadu,196,Thirumangalam,RAMANATHAN A,MALE,39.0,GENERAL,IND,Laptop,683,1,684,0.31,279598
Tamil Nadu,196,Thirumangalam,MUTHUVELRAJ P,MALE,26.0,SC,IND,Auto- Rickshaw,501,2,503,0.23,279598
Tamil Nadu,196,Thirumangalam,RAMANATHAN M,MALE,43.0,GENERAL,IND,Diesel Pump,433,0,433,0.2,279598
Tamil Nadu,196,Thirumangalam,RAJANBABU P,MALE,29.0,SC,IND,Pen Nib with Seven Rays,276,2,278,0.13,279598
Tamil Nadu,196,Thirumangalam,MUTHURAJA M,MALE,41.0,GENERAL,IND,Refrigerator,187,3,190,0.09,279598
Tamil Nadu,196,Thirumangalam,RAMAMOORTHI R,MALE,34.0,GENERAL,IND,Chappals,163,2,165,0.07,279598
Tamil Nadu,196,Thirumangalam,BALAMURUGAN N R,MALE,43.0,GENERAL,IND,Tractor Chalata Kisan,129,2,131,0.06,279598
Tamil Nadu,196,Thirumangalam,NIRMAL M,MALE,39.0,GENERAL,MIDP,CCTV Camera,119,3,122,0.06,279598
Tamil Nadu,196,Thirumangalam,ARUMUGAM K,MALE,49.0,SC,LJP,Bungalow,119,3,122,0.06,279598
Tamil Nadu,196,Thirumangalam,MARIKANNAN A,MALE,41.0,GENERAL,NDPOSI,Air Conditioner,95,3,98,0.04,279598
Tamil Nadu,196,Thirumangalam,THIRALIPANDI N,MALE,34.0,SC,IND,Ring,78,4,82,0.04,279598
Tamil Nadu,196,Thirumangalam,JEGADEESH KUMAR R,MALE,38.0,GENERAL,IND,Gift Pack,74,1,75,0.03,279598
Tamil Nadu,196,Thirumangalam,ALAGARSAMY M,MALE,47.0,GENERAL,IND,Bat,71,0,71,0.03,279598
Tamil Nadu,196,Thirumangalam,VAIRASEEMAN G,MALE,35.0,SC,IND,Television,64,0,64,0.03,279598
Tamil Nadu,196,Thirumangalam,DURAIPANDI B,MALE,35.0,GENERAL,IND,Frying Pan,61,1,62,0.03,279598
Tamil Nadu,196,Thirumangalam,KALI A,MALE,27.0,GENERAL,IND,Bread Toaster,44,1,45,0.02,279598
Tamil Nadu,196,Thirumangalam,CHANDRASEKARAN R,MALE,48.0,GENERAL,IND,Hat,42,2,44,0.02,279598
Tamil Nadu,196,Thirumangalam,VEERAMANI V,MALE,40.0,GENERAL,IND,Electric Pole,41,1,42,0.02,279598
Tamil Nadu,197,Usilampatti,AYYAPPAN P,MALE,56.0,GENERAL,ADMK,Two Leaves,70780,475,71255,33.53,286453
Tamil Nadu,197,Usilampatti,KATHIRAVAN P V,MALE,67.0,GENERAL,DMK,Rising Sun,62877,901,63778,30.01,286453
Tamil Nadu,197,Usilampatti,MAHENDRAN I,MALE,55.0,GENERAL,AMMKMNKZ,Pressure Cooker,54758,733,55491,26.11,286453
Tamil Nadu,197,Usilampatti,IYNDHUKOVILAN G,MALE,54.0,GENERAL,NTK,Ganna Kisan,15089,268,15357,7.23,286453
Tamil Nadu,197,Usilampatti,ARUMUGAM K,MALE,51.0,GENERAL,IND,Battery torch,1238,9,1247,0.59,286453
Tamil Nadu,197,Usilampatti,THIRUSELVAM C,MALE,44.0,SC,PT,Television,1149,12,1161,0.55,286453
Tamil Nadu,197,Usilampatti,NOTA,,,,NOTA,NOTA,1015,17,1032,0.49,286453
Tamil Nadu,197,Usilampatti,ARASUMAYAN M,MALE,51.0,GENERAL,AIJYMKG,Mixee,961,6,967,0.46,286453
Tamil Nadu,197,Usilampatti,KATHIRAVAN A,MALE,30.0,GENERAL,IND,Gift Pack,523,5,528,0.25,286453
Tamil Nadu,197,Usilampatti,Dhanasekaran T,MALE,36.0,GENERAL,IND,COCONUT FARM,477,1,478,0.22,286453
Tamil Nadu,197,Usilampatti,BHARATH V,MALE,29.0,GENERAL,MIDP,CCTV Camera,372,6,378,0.18,286453
Tamil Nadu,197,Usilampatti,ARUNKUMAR M,MALE,33.0,GENERAL,IND,Matchbox,359,3,362,0.17,286453
Tamil Nadu,197,Usilampatti,MAHENDRAN A,MALE,54.0,SC,IND,Almirah,247,0,247,0.12,286453
Tamil Nadu,197,Usilampatti,ALAGUMURUGESAN K,MALE,59.0,GENERAL,IND,Triangle,155,3,158,0.07,286453
Tamil Nadu,197,Usilampatti,ANANTHA KUMAR N,MALE,50.0,GENERAL,IND,Balloon,69,5,74,0.03,286453
Tamil Nadu,198,Andipatti,A.MAHARAJAN,MALE,67.0,GENERAL,DMK,Rising Sun,92057,1484,93541,44.64,278344
Tamil Nadu,198,Andipatti,A.LOGIRAJAN,MALE,61.0,GENERAL,ADMK,Two Leaves,84542,461,85003,40.57,278344
Tamil Nadu,198,Andipatti,R.JEYAKUMAR,MALE,42.0,GENERAL,AMMKMNKZ,Pressure Cooker,11746,150,11896,5.68,278344
Tamil Nadu,198,Andipatti,A.JEYAKUMAR,MALE,39.0,GENERAL,NTK,Ganna Kisan,11034,182,11216,5.35,278344
Tamil Nadu,198,Andipatti,S.GUNASEKARAN,MALE,32.0,GENERAL,MNM,Battery torch,2958,52,3010,1.44,278344
Tamil Nadu,198,Andipatti,NOTA,,,,NOTA,NOTA,1308,25,1333,0.64,278344
Tamil Nadu,198,Andipatti,C.KANIVEL,MALE,43.0,SC,AMPK,Glass Tumbler,650,0,650,0.31,278344
Tamil Nadu,198,Andipatti,S.VELMANI,MALE,43.0,SC,IND,Television,566,6,572,0.27,278344
Tamil Nadu,198,Andipatti,M.RAGHUNATHAN,MALE,35.0,GENERAL,IND,Whistle,457,0,457,0.22,278344
Tamil Nadu,198,Andipatti,S.KAMATCHI,MALE,27.0,SC,BSP,Elephant,387,5,392,0.19,278344
Tamil Nadu,198,Andipatti,P.PANDIDURAI,MALE,35.0,SC,IND,Chimney,226,1,227,0.11,278344
Tamil Nadu,198,Andipatti,P.PANIVURAJA,MALE,34.0,SC,IND,Chakki,155,1,156,0.07,278344
Tamil Nadu,198,Andipatti,P.MARIYAMMAL,FEMALE,51.0,SC,IND,Tractor Chalata Kisan,148,1,149,0.07,278344
Tamil Nadu,198,Andipatti,V.JEYAKODI,MALE,45.0,SC,IND,COCONUT FARM,141,4,145,0.07,278344
Tamil Nadu,198,Andipatti,BALAMURUGAN RATHINAM,MALE,37.0,GENERAL,NDPOSI,Air Conditioner,122,5,127,0.06,278344
Tamil Nadu,198,Andipatti,M.EASWARAN,MALE,35.0,SC,IND,Black Board,125,2,127,0.06,278344
Tamil Nadu,198,Andipatti,M.DIVAKAR,MALE,27.0,GENERAL,IND,Pot,115,0,115,0.05,278344
Tamil Nadu,198,Andipatti,S.GOVINDHARAJ,MALE,65.0,GENERAL,AIMGRMMK,Electric Pole,112,3,115,0.05,278344
Tamil Nadu,198,Andipatti,A.VELUSAMY,MALE,52.0,GENERAL,APTADMK,Jackfruit,114,1,115,0.05,278344
Tamil Nadu,198,Andipatti,M.KUMARAN,MALE,52.0,GENERAL,MIDP,CCTV Camera,105,4,109,0.05,278344
Tamil Nadu,198,Andipatti,KASENDRAN @ GAJENDRAN,MALE,27.0,GENERAL,IND,Camera,84,1,85,0.04,278344
Tamil Nadu,199,Periyakulam,K.S.SARAVANAKUMAAR,MALE,49.0,SC,DMK,Rising Sun,90360,1891,92251,45.71,285471
Tamil Nadu,199,Periyakulam,M Murugan,MALE,53.0,SC,ADMK,Two Leaves,70444,486,70930,35.15,285471
Tamil Nadu,199,Periyakulam,Dr.K.Kathirkamu,MALE,63.0,SC,AMMKMNKZ,Pressure Cooker,16317,107,16424,8.14,285471
Tamil Nadu,199,Periyakulam,Vimala,FEMALE,38.0,SC,NTK,Ganna Kisan,11660,134,11794,5.84,285471
Tamil Nadu,199,Periyakulam,S.PANDIYARAJAN,MALE,43.0,SC,MNM,Battery torch,5626,54,5680,2.81,285471
Tamil Nadu,199,Periyakulam,NOTA,,,,NOTA,NOTA,2414,37,2451,1.21,285471
Tamil Nadu,199,Periyakulam,MADHU BHARATHI,FEMALE,29.0,SC,IND,COCONUT FARM,622,6,628,0.31,285471
Tamil Nadu,199,Periyakulam,MURUGAN,MALE,44.0,SC,IND,Television,335,4,339,0.17,285471
Tamil Nadu,199,Periyakulam,S.Chinnamuthu,MALE,33.0,SC,MIDP,CCTV Camera,299,2,301,0.15,285471
Tamil Nadu,199,Periyakulam,M.RAJENDRAN,MALE,40.0,SC,IND,Capsicum,237,5,242,0.12,285471
Tamil Nadu,199,Periyakulam,A.Murugesan,MALE,42.0,SC,SUCI,Gas Cylinder,201,1,202,0.1,285471
Tamil Nadu,199,Periyakulam,"A.C.MOHAN RAJ B.P.T.,",MALE,45.0,SC,IND,Table,148,1,149,0.07,285471
Tamil Nadu,199,Periyakulam,M.Muneeswaran,MALE,37.0,SC,IND,Auto- Rickshaw,143,0,143,0.07,285471
Tamil Nadu,199,Periyakulam,P.RAMAIYA,MALE,47.0,SC,IND,Electric Pole,112,0,112,0.06,285471
Tamil Nadu,199,Periyakulam,M.Muniyappan,MALE,37.0,SC,IND,Gift Pack,94,0,94,0.05,285471
Tamil Nadu,199,Periyakulam,C.MAYAZHAKU,MALE,47.0,SC,IND,CUTTING PLIERS,56,1,57,0.03,285471
Tamil Nadu,200,Bodinayakanur,O.PANNEERSELVAM,MALE,71.0,GENERAL,ADMK,Two Leaves,99296,754,100050,46.58,278815
Tamil Nadu,200,Bodinayakanur,THANGATAMILSELVAN,MALE,60.0,GENERAL,DMK,Rising Sun,87142,1887,89029,41.45,278815
Tamil Nadu,200,Bodinayakanur,M.PREM CHANDAR,MALE,38.0,GENERAL,NTK,Ganna Kisan,10982,132,11114,5.17,278815
Tamil Nadu,200,Bodinayakanur,M.MUTHUSAMY,MALE,63.0,GENERAL,AMMKMNKZ,Pressure Cooker,5594,55,5649,2.63,278815
Tamil Nadu,200,Bodinayakanur,P.GANESH KUMAR,MALE,48.0,GENERAL,MNM,Battery torch,4069,59,4128,1.92,278815
Tamil Nadu,200,Bodinayakanur,NOTA,,,,NOTA,NOTA,1381,22,1403,0.65,278815
Tamil Nadu,200,Bodinayakanur,K.I.M HAKKEEM,MALE,50.0,GENERAL,AITC,Flowers and Grass,552,7,559,0.26,278815
Tamil Nadu,200,Bodinayakanur,TAMILSELVAN,MALE,31.0,GENERAL,IND,Lunch Box,441,2,443,0.21,278815
Tamil Nadu,200,Bodinayakanur,G.SENTHIL KUMAR,MALE,38.0,GENERAL,IND,Letter Box,402,0,402,0.19,278815
Tamil Nadu,200,Bodinayakanur,N.SALEEM,MALE,49.0,GENERAL,IND,Head Phone,353,1,354,0.16,278815
Tamil Nadu,200,Bodinayakanur,M.ANANTHARAJ,MALE,30.0,GENERAL,IND,Peas,269,1,270,0.13,278815
Tamil Nadu,200,Bodinayakanur,P.KUMARAGURUBARAN,MALE,47.0,GENERAL,IND,COMPUTER,218,1,219,0.1,278815
Tamil Nadu,200,Bodinayakanur,ARUN KUMAR,MALE,29.0,GENERAL,MIDP,CCTV Camera,139,4,143,0.07,278815
Tamil Nadu,200,Bodinayakanur,P.NAGENDHREN,MALE,50.0,SC,IND,Television,133,2,135,0.06,278815
Tamil Nadu,200,Bodinayakanur,N.KRISHNAN,MALE,58.0,GENERAL,IND,Capsicum,125,1,126,0.06,278815
Tamil Nadu,200,Bodinayakanur,P.MANIMARAN,MALE,43.0,GENERAL,IND,Hand Cart,108,9,117,0.05,278815
Tamil Nadu,200,Bodinayakanur,S.KRISHNAVENI,FEMALE,37.0,GENERAL,APTADMK,Jackfruit,98,2,100,0.05,278815
Tamil Nadu,200,Bodinayakanur,C.ANBAZHAKAN,MALE,61.0,GENERAL,IND,Green Chilli,91,3,94,0.04,278815
Tamil Nadu,200,Bodinayakanur,THENI.T.KARNAN,MALE,46.0,GENERAL,ADK,Hat,80,0,80,0.04,278815
Tamil Nadu,200,Bodinayakanur,P.KARUPPIAH,MALE,61.0,SC,BHUDRP,BUCKET,77,0,77,0.04,278815
Tamil Nadu,200,Bodinayakanur,V.RAMPRAKAASH,MALE,43.0,GENERAL,IND,Telephone,69,2,71,0.03,278815
Tamil Nadu,200,Bodinayakanur,V.NANDHAGOPAL,MALE,48.0,GENERAL,IND,Tiller,68,0,68,0.03,278815
Tamil Nadu,200,Bodinayakanur,T.RAJA MOHAMED,MALE,48.0,GENERAL,IND,Matchbox,62,0,62,0.03,278815
Tamil Nadu,200,Bodinayakanur,A.ABTHAHIR,MALE,46.0,GENERAL,IND,Binoculars,53,1,54,0.03,278815
Tamil Nadu,200,Bodinayakanur,RAJA MOHAMED,MALE,36.0,GENERAL,IND,Frying Pan,45,3,48,0.02,278815
Tamil Nadu,201,Cumbum,N.Eramakrishnan,MALE,72.0,GENERAL,DMK,Rising Sun,102652,2148,104800,51.81,288262
Tamil Nadu,201,Cumbum,Syedukhan.S.P.M,MALE,73.0,GENERAL,ADMK,Two Leaves,61978,409,62387,30.84,288262
Tamil Nadu,201,Cumbum,Suresh.P,MALE,47.0,GENERAL,AMMKMNKZ,Pressure Cooker,14399,137,14536,7.19,288262
Tamil Nadu,201,Cumbum,Anish Fathima. A,FEMALE,38.0,GENERAL,NTK,Ganna Kisan,12123,224,12347,6.1,288262
Tamil Nadu,201,Cumbum,Venkidesh.N,MALE,29.0,GENERAL,MNM,Battery torch,4582,65,4647,2.3,288262
Tamil Nadu,201,Cumbum,NOTA,,,,NOTA,NOTA,1625,34,1659,0.82,288262
Tamil Nadu,201,Cumbum,MUTHU MUNEESWARAN.M,MALE,40.0,GENERAL,IND,Pen Nib with Seven Rays,450,1,451,0.22,288262
Tamil Nadu,201,Cumbum,SARAVANAN.S.R,MALE,42.0,GENERAL,IND,Peas,320,1,321,0.16,288262
Tamil Nadu,201,Cumbum,KATHIRAVAN.S,MALE,30.0,GENERAL,NGPP,Pot,232,4,236,0.12,288262
Tamil Nadu,201,Cumbum,Prakash.P,MALE,37.0,SC,IND,Bat,152,3,155,0.08,288262
Tamil Nadu,201,Cumbum,Pandi Selvam.R,MALE,39.0,GENERAL,APTADMK,Jackfruit,148,3,151,0.07,288262
Tamil Nadu,201,Cumbum,MUTHUSELVAM.G,MALE,34.0,GENERAL,IND,COMPUTER,134,2,136,0.07,288262
Tamil Nadu,201,Cumbum,RADHAKRISHNAN.K,MALE,48.0,GENERAL,AMPK,Glass Tumbler,121,1,122,0.06,288262
Tamil Nadu,201,Cumbum,Lal Bahdur Sasthri.V,MALE,55.0,GENERAL,MIDP,CCTV Camera,116,4,120,0.06,288262
Tamil Nadu,201,Cumbum,MARIMUTHU.G,MALE,42.0,GENERAL,IND,Gift Pack,105,1,106,0.05,288262
Tamil Nadu,201,Cumbum,THAVIDHU RAJA. A,MALE,31.0,GENERAL,IND,Chappals,99,2,101,0.05,288262
Tamil Nadu,202,Rajapalayam,THANGAPANDIAN S.,MALE,52.0,GENERAL,DMK,Rising Sun,72712,1446,74158,41.5,239461
Tamil Nadu,202,Rajapalayam,RAJENTHRABHALAJI K.T,MALE,57.0,GENERAL,ADMK,Two Leaves,69870,390,70260,39.32,239461
Tamil Nadu,202,Rajapalayam,JEYARAJ V.,MALE,47.0,GENERAL,NTK,Ganna Kisan,15456,145,15601,8.73,239461
Tamil Nadu,202,Rajapalayam,KALIMUTHU K.,MALE,59.0,GENERAL,AMMKMNKZ,Pressure Cooker,7611,53,7664,4.29,239461
Tamil Nadu,202,Rajapalayam,VIVEKANANTHAN S.,MALE,47.0,GENERAL,MNM,Battery torch,4021,36,4057,2.27,239461
Tamil Nadu,202,Rajapalayam,AYYAR V.K.,MALE,58.0,SC,PT,Television,3344,40,3384,1.89,239461
Tamil Nadu,202,Rajapalayam,NOTA,,,,NOTA,NOTA,1869,6,1875,1.05,239461
Tamil Nadu,202,Rajapalayam,MANIKUMAR M.,MALE,36.0,SC,IND,COMPUTER,546,2,548,0.31,239461
Tamil Nadu,202,Rajapalayam,JEYAPRAKASH I.,MALE,70.0,SC,IND,BUCKET,335,1,336,0.19,239461
Tamil Nadu,202,Rajapalayam,THANGAPANDI S.,MALE,60.0,GENERAL,IND,Pen Nib with Seven Rays,261,3,264,0.15,239461
Tamil Nadu,202,Rajapalayam,VIJAYAKUMAR E.,MALE,64.0,SC,IND,Pot,140,0,140,0.08,239461
Tamil Nadu,202,Rajapalayam,KALIMUTHU K.,MALE,51.0,GENERAL,IND,Chakki,120,0,120,0.07,239461
Tamil Nadu,202,Rajapalayam,THANGAPANDI B.,MALE,25.0,GENERAL,IND,Pen Stand,111,1,112,0.06,239461
Tamil Nadu,202,Rajapalayam,DHARMALINGAM K.,MALE,50.0,SC,RPPRINAT,Helicopter,100,3,103,0.06,239461
Tamil Nadu,202,Rajapalayam,SELVARAJ G.,MALE,52.0,SC,IND,Auto- Rickshaw,84,2,86,0.05,239461
Tamil Nadu,203,Srivilliputhur,"MANRAJ, E.M.",MALE,43.0,SC,ADMK,Two Leaves,70081,394,70475,38.09,250640
Tamil Nadu,203,Srivilliputhur,"MADHAVARAO, P.S.W.",MALE,63.0,SC,INC,Hand,56450,1287,57737,31.2,250640
Tamil Nadu,203,Srivilliputhur,"SANGEETHAPRIYA, S.",FEMALE,33.0,SC,AMMKMNKZ,Pressure Cooker,23479,203,23682,12.8,250640
Tamil Nadu,203,Srivilliputhur,"ABINAYA, B.",FEMALE,27.0,SC,NTK,Ganna Kisan,20038,310,20348,11.0,250640
Tamil Nadu,203,Srivilliputhur,"SHANTHI, S.",FEMALE,35.0,SC,PT,Television,4917,68,4985,2.69,250640
Tamil Nadu,203,Srivilliputhur,"GURUVAIYA, K.",MALE,63.0,SC,MNM,Battery Torch,3468,44,3512,1.9,250640
Tamil Nadu,203,Srivilliputhur,NOTA,,,,NOTA,NOTA,1642,24,1666,0.9,250640
Tamil Nadu,203,Srivilliputhur,"IRULANDI, Dr. V.",MALE,66.0,SC,TNLK,Ring,935,7,942,0.51,250640
Tamil Nadu,203,Srivilliputhur,"MUTHULAKSHMI,R.",FEMALE,34.0,SC,IND,BENCH,362,1,363,0.2,250640
Tamil Nadu,203,Srivilliputhur,"KANNAN, A.",MALE,33.0,SC,IND,Spanner,237,1,238,0.13,250640
Tamil Nadu,203,Srivilliputhur,"PANDIYARAJ, K.",MALE,30.0,SC,AMPK,Glass Tumbler,209,0,209,0.11,250640
Tamil Nadu,203,Srivilliputhur,"PRABHAKARAN, P.",MALE,30.0,SC,IND,Almirah,201,1,202,0.11,250640
Tamil Nadu,203,Srivilliputhur,"MAHALAKSHMI, M.",FEMALE,37.0,SC,IND,Bangles,189,2,191,0.1,250640
Tamil Nadu,203,Srivilliputhur,"VEERAPANDI, K.",MALE,28.0,SC,MIDP,CCTV Camera,175,2,177,0.1,250640
Tamil Nadu,203,Srivilliputhur,"THAMARAISELVAM, K.",MALE,34.0,SC,IND,Black Board,163,1,164,0.09,250640
Tamil Nadu,203,Srivilliputhur,"GURUVAIYA, G.",MALE,63.0,SC,IND,Dish Antenna,148,0,148,0.08,250640
Tamil Nadu,204,Sattur,"RAGHURAMAN, A.R.R.",MALE,49.0,GENERAL,DMK,Rising Sun,72949,1225,74174,38.68,253363
Tamil Nadu,204,Sattur,"RAVICHANDHRAN, R.K.",MALE,60.0,GENERAL,ADMK,Two Leaves,62701,294,62995,32.85,253363
Tamil Nadu,204,Sattur,"RAJAVARMAN, M.S.R.",MALE,48.0,GENERAL,AMMKMNKZ,Pressure Cooker,32693,223,32916,17.16,253363
Tamil Nadu,204,Sattur,"PANDI, K.",MALE,45.0,GENERAL,NTK,Ganna Kisan,12478,148,12626,6.58,253363
Tamil Nadu,204,Sattur,"BHARATHI, M.",FEMALE,30.0,GENERAL,IJK,Auto- Rickshaw,1722,29,1751,0.91,253363
Tamil Nadu,204,Sattur,"MARIKANNAN, G.",MALE,38.0,SC,PT,Television,1584,15,1599,0.83,253363
Tamil Nadu,204,Sattur,NOTA,,,,NOTA,NOTA,1280,17,1297,0.68,253363
Tamil Nadu,204,Sattur,"SARAVANAKUMAR, M.",MALE,43.0,GENERAL,IND,Whistle,634,1,635,0.33,253363
Tamil Nadu,204,Sattur,"SUBRAMANIAN, S.",MALE,45.0,GENERAL,IND,Lunch Box,551,0,551,0.29,253363
Tamil Nadu,204,Sattur,"ANGUSAMY, S.",MALE,55.0,GENERAL,AMPK,Glass Tumbler,411,3,414,0.22,253363
Tamil Nadu,204,Sattur,"SENTHUR PANDIAN, R.",MALE,47.0,GENERAL,IND,Pineapple,405,1,406,0.21,253363
Tamil Nadu,204,Sattur,"CHELLAPANDIAN, P.",MALE,53.0,GENERAL,IND,Chappals,368,1,369,0.19,253363
Tamil Nadu,204,Sattur,"RAGU, B.",MALE,38.0,SC,IND,Tractor Chalata Kisan,331,1,332,0.17,253363
Tamil Nadu,204,Sattur,"RAMESH, A.",MALE,34.0,GENERAL,IND,Gift Pack,210,0,210,0.11,253363
Tamil Nadu,204,Sattur,"RAJKUMAR, R.",MALE,42.0,GENERAL,MIDP,CCTV Camera,186,2,188,0.1,253363
Tamil Nadu,204,Sattur,"JEYAGANESH, K.",MALE,43.0,GENERAL,VTVTK,Pestle and Mortar,166,0,166,0.09,253363
Tamil Nadu,204,Sattur,"BALAMURUGAN, K.",MALE,34.0,GENERAL,IND,DIAMOND,156,1,157,0.08,253363
Tamil Nadu,204,Sattur,"SUBBURAMAN, P.",MALE,59.0,GENERAL,AIMGRMMK,Electric Pole,153,3,156,0.08,253363
Tamil Nadu,204,Sattur,"KARUTHAPANDIAN, S.",MALE,48.0,GENERAL,IND,Kettle,136,0,136,0.07,253363
Tamil Nadu,204,Sattur,"MARIAPPAN, M.",MALE,44.0,GENERAL,IND,Matchbox,123,1,124,0.06,253363
Tamil Nadu,204,Sattur,"DHAMODHARAN, S.",MALE,62.0,GENERAL,IND,Truck,118,1,119,0.06,253363
Tamil Nadu,204,Sattur,"PALANICHAMY, P.",MALE,34.0,SC,BHUDRP,BUCKET,96,1,97,0.05,253363
Tamil Nadu,204,Sattur,"GURUSAMY, P.",MALE,37.0,GENERAL,IND,Bricks,94,0,94,0.05,253363
Tamil Nadu,204,Sattur,"BALA SUBRAMANIAN, R.",MALE,49.0,GENERAL,IND,Dish Antenna,61,1,62,0.03,253363
Tamil Nadu,204,Sattur,"PRABAKARAN, J.",MALE,34.0,GENERAL,IND,Bat,60,0,60,0.03,253363
Tamil Nadu,204,Sattur,"ANTHONYRAJ, A.",MALE,53.0,GENERAL,IND,Hat,57,0,57,0.03,253363
Tamil Nadu,204,Sattur,"MANOHARAN, V.",MALE,44.0,GENERAL,IND,Cot,51,0,51,0.03,253363
Tamil Nadu,204,Sattur,"MAHESKUMAR, M",MALE,32.0,GENERAL,IND,Balloon,41,0,41,0.02,253363
Tamil Nadu,205,Sivakasi,Ashokan.G,MALE,62.0,GENERAL,INC,Hand,77788,1159,78947,42.66,261809
Tamil Nadu,205,Sivakasi,Lakshmi Ganesan,FEMALE,48.0,GENERAL,ADMK,Two Leaves,61367,261,61628,33.3,261809
Tamil Nadu,205,Sivakasi,Kanagapriya.R,FEMALE,27.0,GENERAL,NTK,Ganna Kisan,20754,111,20865,11.28,261809
Tamil Nadu,205,Sivakasi,Samikkalai.G,MALE,55.0,GENERAL,AMMKMNKZ,Pressure Cooker,9751,142,9893,5.35,261809
Tamil Nadu,205,Sivakasi,Mugunthan.S,MALE,47.0,GENERAL,MNM,Battery Torch,6053,37,6090,3.29,261809
Tamil Nadu,205,Sivakasi,NOTA,,,,NOTA,NOTA,1709,18,1727,0.93,261809
Tamil Nadu,205,Sivakasi,LAKSHMANAN.E,MALE,48.0,SC,IND,Television,1410,20,1430,0.77,261809
Tamil Nadu,205,Sivakasi,KESAVAKUMAR.D,MALE,28.0,GENERAL,IND,Rubber Stamp,442,0,442,0.24,261809
Tamil Nadu,205,Sivakasi,Ananthalakshmi,FEMALE,39.0,GENERAL,BSP,Elephant,432,6,438,0.24,261809
Tamil Nadu,205,Sivakasi,KANNAN.K,MALE,56.0,GENERAL,VTVTK,Pestle and Mortar,423,3,426,0.23,261809
Tamil Nadu,205,Sivakasi,Balakrishnan.N,MALE,39.0,GENERAL,IND,Pot,405,9,414,0.22,261809
Tamil Nadu,205,Sivakasi,DHARMALINGAM.M,MALE,29.0,GENERAL,IND,COCONUT FARM,330,0,330,0.18,261809
Tamil Nadu,205,Sivakasi,Karthik.N,MALE,36.0,GENERAL,IND,Violin,319,0,319,0.17,261809
Tamil Nadu,205,Sivakasi,KARUPPASAMY.S,MALE,39.0,SC,AMPK,Glass Tumbler,314,2,316,0.17,261809
Tamil Nadu,205,Sivakasi,VINOTHKUMAR.M,MALE,36.0,GENERAL,IND,Football,245,0,245,0.13,261809
Tamil Nadu,205,Sivakasi,Thangaraj.S,MALE,65.0,SC,IND,Pen Nib with Seven Rays,233,1,234,0.13,261809
Tamil Nadu,205,Sivakasi,MARIMUTHU.M,MALE,45.0,GENERAL,IND,Cot,220,1,221,0.12,261809
Tamil Nadu,205,Sivakasi,KALYANASUNDARI.M,FEMALE,26.0,GENERAL,MIDP,CCTV Camera,188,3,191,0.1,261809
Tamil Nadu,205,Sivakasi,GANESAN.R,MALE,45.0,GENERAL,IND,Gift Pack,151,1,152,0.08,261809
Tamil Nadu,205,Sivakasi,Anbalagan.P,MALE,37.0,SC,IND,Balloon,125,1,126,0.07,261809
Tamil Nadu,205,Sivakasi,Pandiarajan.S,MALE,43.0,SC,IND,Auto- Rickshaw,113,1,114,0.06,261809
Tamil Nadu,205,Sivakasi,MGR NAMBBI,MALE,65.0,GENERAL,AIMGRMMK,Electric Pole,107,0,107,0.06,261809
Tamil Nadu,205,Sivakasi,MAYILVAGANAN.G,MALE,40.0,GENERAL,IND,Matchbox,100,1,101,0.05,261809
Tamil Nadu,205,Sivakasi,Ashokkumar.C,MALE,39.0,GENERAL,IND,Hat,86,2,88,0.05,261809
Tamil Nadu,205,Sivakasi,JEEVANANTHAM.G,MALE,56.0,SC,RPPRINAT,Helicopter,77,1,78,0.04,261809
Tamil Nadu,205,Sivakasi,JOYSMARY.T,FEMALE,57.0,GENERAL,IND,FLUTE,64,0,64,0.03,261809
Tamil Nadu,205,Sivakasi,PALANICHAMY.P,MALE,34.0,SC,BHUDRP,BUCKET,61,0,61,0.03,261809
Tamil Nadu,206,Virudhunagar,SEENIVASAN A.R.R,MALE,64.0,GENERAL,DMK,Rising Sun,71909,1388,73297,45.32,224099
Tamil Nadu,206,Virudhunagar,PANDURANGAN G,MALE,37.0,GENERAL,BJP,Lotus,51502,456,51958,32.13,224099
Tamil Nadu,206,Virudhunagar,SELVAKUMAR V.R,MALE,37.0,GENERAL,NTK,Ganna Kisan,14162,149,14311,8.85,224099
Tamil Nadu,206,Virudhunagar,THANGARAJ M,MALE,57.0,GENERAL,AMMKMNKZ,Pressure Cooker,10642,141,10783,6.67,224099
Tamil Nadu,206,Virudhunagar,MANIMARAN N,MALE,53.0,GENERAL,AISMK,Battery torch,4996,58,5054,3.13,224099
Tamil Nadu,206,Virudhunagar,NOTA,,,,NOTA,NOTA,1556,14,1570,0.97,224099
Tamil Nadu,206,Virudhunagar,GUNASEKARAN G,MALE,48.0,SC,IND,Television,1377,29,1406,0.87,224099
Tamil Nadu,206,Virudhunagar,PUNGAN K,MALE,42.0,GENERAL,IND,Ring,758,1,759,0.47,224099
Tamil Nadu,206,Virudhunagar,SUYAMBULINGAM L,MALE,31.0,GENERAL,NIDP,Tractor Chalata Kisan,587,3,590,0.36,224099
Tamil Nadu,206,Virudhunagar,RAMARAJ C,MALE,29.0,GENERAL,IND,Bat,463,2,465,0.29,224099
Tamil Nadu,206,Virudhunagar,VELUCHAMY S,MALE,50.0,SC,IND,Almirah,328,0,328,0.2,224099
Tamil Nadu,206,Virudhunagar,PANDURENGAN T,MALE,60.0,SC,IND,Bangles,279,3,282,0.17,224099
Tamil Nadu,206,Virudhunagar,SHIBI B,MALE,28.0,GENERAL,IND,Whistle,261,3,264,0.16,224099
Tamil Nadu,206,Virudhunagar,VIKRAMAN N,MALE,35.0,SC,DMMK,Auto- Rickshaw,200,0,200,0.12,224099
Tamil Nadu,206,Virudhunagar,DHAMOTHARAN R,MALE,48.0,GENERAL,IND,Balloon,119,0,119,0.07,224099
Tamil Nadu,206,Virudhunagar,THANGARAJ R,MALE,48.0,GENERAL,IND,Frying Pan,93,0,93,0.06,224099
Tamil Nadu,206,Virudhunagar,THANGAPANDI N,MALE,45.0,GENERAL,IND,Water Tank,85,4,89,0.06,224099
Tamil Nadu,206,Virudhunagar,KARUPPIAH P,MALE,43.0,GENERAL,IND,Baby Walker,84,1,85,0.05,224099
Tamil Nadu,206,Virudhunagar,GURUNATHAN G,MALE,32.0,GENERAL,IND,Batsman,64,0,64,0.04,224099
Tamil Nadu,207,Aruppukkottai,K.K.S.S.R.RAMACHANDRAN,MALE,71.0,GENERAL,DMK,Rising Sun,88928,2112,91040,53.18,223820
Tamil Nadu,207,Aruppukkottai,VAIGAICHELVAN,MALE,52.0,GENERAL,ADMK,Two Leaves,51614,392,52006,30.38,223820
Tamil Nadu,207,Aruppukkottai,UMA,FEMALE,28.0,GENERAL,NTK,Ganna Kisan,12271,121,12392,7.24,223820
Tamil Nadu,207,Aruppukkottai,V.UMADEVI,FEMALE,52.0,GENERAL,MNM,Battery torch,7550,88,7638,4.46,223820
Tamil Nadu,207,Aruppukkottai,R.RAMESH,MALE,46.0,GENERAL,DMDK,Nagara,2505,27,2532,1.48,223820
Tamil Nadu,207,Aruppukkottai,NOTA,,,,NOTA,NOTA,1316,7,1323,0.77,223820
Tamil Nadu,207,Aruppukkottai,K. BOOMINATHAN,MALE,46.0,GENERAL,IND,CHESS BOARD,630,0,630,0.37,223820
Tamil Nadu,207,Aruppukkottai,M.KARUPPASAMY,MALE,43.0,SC,PT,Television,460,18,478,0.28,223820
Tamil Nadu,207,Aruppukkottai,P.PRASANTH,MALE,27.0,SC,IND,Carrom Board,436,0,436,0.25,223820
Tamil Nadu,207,Aruppukkottai,THANGAPANDIAN,MALE,37.0,GENERAL,IND,Helmet,425,1,426,0.25,223820
Tamil Nadu,207,Aruppukkottai,LINGAPANDI,MALE,40.0,GENERAL,IND,Whistle,419,0,419,0.24,223820
Tamil Nadu,207,Aruppukkottai,G.SUBBURAJ,MALE,47.0,SC,BSP,Elephant,270,2,272,0.16,223820
Tamil Nadu,207,Aruppukkottai,V. POORNISHA,FEMALE,35.0,GENERAL,IND,Gas Cylinder,217,2,219,0.13,223820
Tamil Nadu,207,Aruppukkottai,S.MANIVANNAN,MALE,36.0,GENERAL,IND,Cot,190,0,190,0.11,223820
Tamil Nadu,207,Aruppukkottai,S.RAMACHANDRAN,MALE,63.0,GENERAL,IND,DIAMOND,189,0,189,0.11,223820
Tamil Nadu,207,Aruppukkottai,M MUTHUMARIAPPAN,MALE,67.0,SC,IND,Air Conditioner,128,0,128,0.07,223820
Tamil Nadu,207,Aruppukkottai,Ponmuniasamy,MALE,39.0,GENERAL,IND,Auto- Rickshaw,118,0,118,0.07,223820
Tamil Nadu,207,Aruppukkottai,DHANASEKARAPANDIAN,MALE,64.0,GENERAL,IND,Binoculars,76,0,76,0.04,223820
Tamil Nadu,207,Aruppukkottai,E.RAMACHANDRAN,MALE,42.0,GENERAL,IND,Cup & Saucer,72,0,72,0.04,223820
Tamil Nadu,207,Aruppukkottai,R.RAMACHANDRAN,MALE,30.0,SC,IND,Electric Pole,71,0,71,0.04,223820
Tamil Nadu,207,Aruppukkottai,R.S.RAMACHANDRAN,MALE,44.0,GENERAL,IND,Baby Walker,67,0,67,0.04,223820
Tamil Nadu,207,Aruppukkottai,THANGA VADIVEL.A.N,MALE,31.0,GENERAL,IND,Balloon,61,1,62,0.04,223820
Tamil Nadu,207,Aruppukkottai,G.RAMACHANDRAN,MALE,41.0,GENERAL,IND,Bat,60,0,60,0.04,223820
Tamil Nadu,207,Aruppukkottai,VIJAYAKUMAR,MALE,45.0,SC,IND,Matchbox,60,0,60,0.04,223820
Tamil Nadu,207,Aruppukkottai,S.DEENATHAYALAN,MALE,50.0,GENERAL,AMPK,Glass Tumbler,58,0,58,0.03,223820
Tamil Nadu,207,Aruppukkottai,G.RANJITH,MALE,32.0,SC,IND,Almirah,57,0,57,0.03,223820
Tamil Nadu,207,Aruppukkottai,A.P.S.JOHNSON,MALE,25.0,GENERAL,MIDP,CCTV Camera,55,2,57,0.03,223820
Tamil Nadu,207,Aruppukkottai,S.PANDIYAN,MALE,27.0,SC,BHUDRP,BUCKET,48,0,48,0.03,223820
Tamil Nadu,207,Aruppukkottai,T.RAMACHANDRAN,MALE,41.0,GENERAL,IND,Door Handle,39,0,39,0.02,223820
Tamil Nadu,207,Aruppukkottai,VENKATESAN,MALE,52.0,GENERAL,IND,Mike,38,0,38,0.02,223820
Tamil Nadu,208,Tiruchuli,THANGAM THENARASU,MALE,54.0,GENERAL,DMK,Rising Sun,101016,1209,102225,59.15,221421
Tamil Nadu,208,Tiruchuli,RAJASEKAR S,MALE,65.0,GENERAL,ADMK,Two Leaves,41087,146,41233,23.86,221421
Tamil Nadu,208,Tiruchuli,ANANDHAJOTHI A,FEMALE,39.0,GENERAL,NTK,Ganna Kisan,13654,133,13787,7.98,221421
Tamil Nadu,208,Tiruchuli,SIVASAMY K K,MALE,60.0,GENERAL,AMMKMNKZ,Pressure Cooker,6399,42,6441,3.73,221421
Tamil Nadu,208,Tiruchuli,ARUNKUMAR V,MALE,29.0,GENERAL,IND,Football,2491,1,2492,1.44,221421
Tamil Nadu,208,Tiruchuli,MURUGAN S,MALE,46.0,GENERAL,MNM,Battery torch,1338,18,1356,0.78,221421
Tamil Nadu,208,Tiruchuli,ADAIKALAM R,MALE,27.0,GENERAL,IND,Gas Cylinder,896,2,898,0.52,221421
Tamil Nadu,208,Tiruchuli,NOTA,,,,NOTA,NOTA,734,6,740,0.43,221421
Tamil Nadu,208,Tiruchuli,RAMATHILAGAM A,FEMALE,28.0,GENERAL,IND,Ring,683,1,684,0.4,221421
Tamil Nadu,208,Tiruchuli,THIRUMURUGAN PALANISAMY K,MALE,26.0,SC,PT,Television,586,7,593,0.34,221421
Tamil Nadu,208,Tiruchuli,MALAIALAGU M,MALE,38.0,SC,IND,Pot,566,0,566,0.33,221421
Tamil Nadu,208,Tiruchuli,THIRUMURUGAN G,MALE,36.0,GENERAL,IND,Pen Nib with Seven Rays,480,0,480,0.28,221421
Tamil Nadu,208,Tiruchuli,ADVOCATE. THANGAPANDIAN M,MALE,37.0,GENERAL,IND,Helmet,357,8,365,0.21,221421
Tamil Nadu,208,Tiruchuli,RAJANGAM C,MALE,59.0,GENERAL,IND,COCONUT FARM,349,0,349,0.2,221421
Tamil Nadu,208,Tiruchuli,RAJENDRAN R,MALE,37.0,GENERAL,IND,Cup & Saucer,137,0,137,0.08,221421
Tamil Nadu,208,Tiruchuli,INDIRA B,FEMALE,42.0,GENERAL,IND,Mixee,123,1,124,0.07,221421
Tamil Nadu,208,Tiruchuli,HARIKRISHNAN K,MALE,37.0,SC,IND,Gift Pack,108,0,108,0.06,221421
Tamil Nadu,208,Tiruchuli,MANIVASAGAM S,MALE,42.0,SC,BHUDRP,BUCKET,70,0,70,0.04,221421
Tamil Nadu,208,Tiruchuli,SETHURAMALINGAM S,MALE,76.0,GENERAL,IND,FLUTE,65,0,65,0.04,221421
Tamil Nadu,208,Tiruchuli,CHENNAKESAVAN P,MALE,38.0,GENERAL,IND,Door Bell,52,0,52,0.03,221421
Tamil Nadu,208,Tiruchuli,KALIMUTHU S,MALE,51.0,GENERAL,IND,Bat,46,0,46,0.03,221421
Tamil Nadu,209,Paramakudi,MURUGESAN S,MALE,54.0,SC,DMK,Rising Sun,83016,1848,84864,46.59,256158
Tamil Nadu,209,Paramakudi,SADHAN PRABHAKAR N,MALE,49.0,SC,ADMK,Two Leaves,70488,1091,71579,39.3,256158
Tamil Nadu,209,Paramakudi,SASIKALA S,FEMALE,32.0,SC,NTK,Ganna Kisan,16262,168,16430,9.02,256158
Tamil Nadu,209,Paramakudi,KARUPPU RAJA M,MALE,29.0,SC,MNM,Battery torch,3447,41,3488,1.91,256158
Tamil Nadu,209,Paramakudi,SELVI U,FEMALE,50.0,SC,DMDK,Nagara,1988,21,2009,1.1,256158
Tamil Nadu,209,Paramakudi,NOTA,,,,NOTA,NOTA,1242,16,1258,0.69,256158
Tamil Nadu,209,Paramakudi,MURUKESAN K,MALE,49.0,SC,IND,Pen Nib with Seven Rays,684,3,687,0.38,256158
Tamil Nadu,209,Paramakudi,GOVINDAN V,MALE,66.0,SC,BSP,Elephant,416,9,425,0.23,256158
Tamil Nadu,209,Paramakudi,RAJIV GANDHI K,MALE,30.0,SC,IND,Television,350,4,354,0.19,256158
Tamil Nadu,209,Paramakudi,UDHAYAKUMAR M,MALE,30.0,SC,IND,Gas Cylinder,208,0,208,0.11,256158
Tamil Nadu,209,Paramakudi,BALAMURUGAN S,MALE,39.0,SC,IND,Pot,196,2,198,0.11,256158
Tamil Nadu,209,Paramakudi,PARTHASARATHI M,MALE,40.0,SC,MIDP,CCTV Camera,187,1,188,0.1,256158
Tamil Nadu,209,Paramakudi,RAMAPANDI C,MALE,28.0,SC,IND,Tractor Chalata Kisan,184,2,186,0.1,256158
Tamil Nadu,209,Paramakudi,RAVISANKAR V,MALE,45.0,SC,IND,Dish Antenna,109,0,109,0.06,256158
Tamil Nadu,209,Paramakudi,UDAYAKUMAR,MALE,41.0,SC,IND,Auto- Rickshaw,96,0,96,0.05,256158
Tamil Nadu,209,Paramakudi,KUMAR S,MALE,48.0,SC,IND,Laptop,78,1,79,0.04,256158
Tamil Nadu,210,Tiruvadanai,RM.KARUMANIKAM,MALE,35.0,GENERAL,INC,Hand,78415,949,79364,39.33,291236
Tamil Nadu,210,Tiruvadanai,KC.ANIMUTHU,MALE,51.0,GENERAL,ADMK,Two Leaves,65049,463,65512,32.46,291236
Tamil Nadu,210,Tiruvadanai,"V.D.N.ANANDH B.E.,",MALE,40.0,GENERAL,AMMKMNKZ,Pressure Cooker,33038,388,33426,16.56,291236
Tamil Nadu,210,Tiruvadanai,JAWAHAR,MALE,36.0,GENERAL,NTK,Ganna Kisan,16403,98,16501,8.18,291236
Tamil Nadu,210,Tiruvadanai,P.SATHYARAJ,MALE,36.0,SC,MNM,Battery torch,2189,19,2208,1.09,291236
Tamil Nadu,210,Tiruvadanai,NOTA,,,,NOTA,NOTA,765,3,768,0.38,291236
Tamil Nadu,210,Tiruvadanai,ANBUBAGURUDEEN N,MALE,65.0,GENERAL,NCP,Clock,621,8,629,0.31,291236
Tamil Nadu,210,Tiruvadanai,A.RAMALINGAM,MALE,45.0,SC,BSP,Elephant,605,5,610,0.3,291236
Tamil Nadu,210,Tiruvadanai,K.PERUMAL,MALE,50.0,GENERAL,IND,Helmet,517,5,522,0.26,291236
Tamil Nadu,210,Tiruvadanai,C.MANIKANDAN,MALE,31.0,GENERAL,IND,Electric Pole,410,0,410,0.2,291236
Tamil Nadu,210,Tiruvadanai,S.ANANTHARAJ,MALE,29.0,SC,MIDP,CCTV Camera,399,0,399,0.2,291236
Tamil Nadu,210,Tiruvadanai,SURIYA PRAKASH,MALE,46.0,GENERAL,IND,SHIP,385,0,385,0.19,291236
Tamil Nadu,210,Tiruvadanai,A.MANI,MALE,65.0,GENERAL,IND,Pot,382,0,382,0.19,291236
Tamil Nadu,210,Tiruvadanai,M.PRAVEEN,MALE,26.0,GENERAL,IND,Bat,273,1,274,0.14,291236
Tamil Nadu,210,Tiruvadanai,SIKKANDAR.B,MALE,35.0,GENERAL,IND,Hat,262,0,262,0.13,291236
Tamil Nadu,210,Tiruvadanai,S.PRADEEP,MALE,25.0,GENERAL,IND,Brick,163,0,163,0.08,291236
Tamil Nadu,211,Ramanathapuram,KATHARBATCHA MUTHURAMALINGAM,MALE,49.0,GENERAL,DMK,Rising Sun,109705,1370,111075,51.88,308443
Tamil Nadu,211,Ramanathapuram,D.KUPPURAMU,MALE,64.0,GENERAL,BJP,Lotus,60422,341,60763,28.38,308443
Tamil Nadu,211,Ramanathapuram,K.ILANGO,MALE,49.0,GENERAL,NTK,Ganna Kisan,16976,86,17062,7.97,308443
Tamil Nadu,211,Ramanathapuram,P.MALAICHAMY,MALE,29.0,GENERAL,IND,Boat with Man and Sail,10831,14,10845,5.07,308443
Tamil Nadu,211,Ramanathapuram,G.MUNIYASAMY,MALE,62.0,GENERAL,AMMKMNKZ,Pressure Cooker,6726,50,6776,3.16,308443
Tamil Nadu,211,Ramanathapuram,K.P SARAVANAN,MALE,47.0,GENERAL,MNM,Battery torch,1973,23,1996,0.93,308443
Tamil Nadu,211,Ramanathapuram,E VINOTH,MALE,26.0,GENERAL,IND,Pen Nib with Seven Rays,1219,0,1219,0.57,308443
Tamil Nadu,211,Ramanathapuram,SURYAPRAKASH,MALE,46.0,GENERAL,IND,SHIP,996,2,998,0.47,308443
Tamil Nadu,211,Ramanathapuram,NOTA,,,,NOTA,NOTA,747,6,753,0.35,308443
Tamil Nadu,211,Ramanathapuram,MISRA G,MALE,40.0,GENERAL,IND,Helmet,475,2,477,0.22,308443
Tamil Nadu,211,Ramanathapuram,ALLAPICHAI,MALE,76.0,GENERAL,BSP,Elephant,451,2,453,0.21,308443
Tamil Nadu,211,Ramanathapuram,AMUTHAN,MALE,60.0,GENERAL,NMK,Gas Cylinder,367,1,368,0.17,308443
Tamil Nadu,211,Ramanathapuram,B VIJAYAPRAKASH,MALE,32.0,GENERAL,IND,Pencil Box,343,0,343,0.16,308443
Tamil Nadu,211,Ramanathapuram,K.KURUNTHAPPAN,MALE,44.0,GENERAL,IND,COCONUT FARM,249,1,250,0.12,308443
Tamil Nadu,211,Ramanathapuram,S.SURESH,MALE,31.0,GENERAL,IND,Gift Pack,191,0,191,0.09,308443
Tamil Nadu,211,Ramanathapuram,V.JAYAPRAKASH,MALE,48.0,SC,MIDP,CCTV Camera,135,0,135,0.06,308443
Tamil Nadu,211,Ramanathapuram,SALEEM,MALE,49.0,GENERAL,IND,Pot,121,3,124,0.06,308443
Tamil Nadu,211,Ramanathapuram,N MUNIYASAMI,MALE,49.0,GENERAL,IND,Cauliflower,115,0,115,0.05,308443
Tamil Nadu,211,Ramanathapuram,R.S.WILHELM BENJAMIN ANAND,MALE,34.0,GENERAL,BHUDRP,BUCKET,77,1,78,0.04,308443
Tamil Nadu,211,Ramanathapuram,ASANALI,MALE,34.0,GENERAL,IND,Window,76,1,77,0.04,308443
Tamil Nadu,212,Mudhukulathur,R.S.RAJAKANNAPPAN,MALE,72.0,GENERAL,DMK,Rising Sun,100328,1573,101901,46.07,310954
Tamil Nadu,212,Mudhukulathur,KEERTHIKA MUNIYASAMY,FEMALE,44.0,GENERAL,ADMK,Two Leaves,80166,1014,81180,36.7,310954
Tamil Nadu,212,Mudhukulathur,M.MURUGAN,MALE,49.0,GENERAL,AMMKMNKZ,Pressure Cooker,19433,266,19699,8.91,310954
Tamil Nadu,212,Mudhukulathur,R.RAHMADNISHA,FEMALE,37.0,GENERAL,NTK,Ganna Kisan,11089,145,11234,5.08,310954
Tamil Nadu,212,Mudhukulathur,C.NAVAPANNEERSELVAM,MALE,63.0,GENERAL,MNM,Battery torch,923,20,943,0.43,310954
Tamil Nadu,212,Mudhukulathur,K.SATHISH,MALE,43.0,GENERAL,IND,Helmet,809,6,815,0.37,310954
Tamil Nadu,212,Mudhukulathur,G.M.SENTHILMURUGAN,MALE,39.0,GENERAL,IND,Gift Pack,717,5,722,0.33,310954
Tamil Nadu,212,Mudhukulathur,A.SARAVANAKUMAR,MALE,41.0,GENERAL,NIDP,Tractor Chalata Kisan,609,5,614,0.28,310954
Tamil Nadu,212,Mudhukulathur,S.PRABAKARAN,MALE,31.0,GENERAL,IND,Chakki,555,2,557,0.25,310954
Tamil Nadu,212,Mudhukulathur,N.SIVANANDAM,MALE,37.0,SC,BSP,Elephant,533,2,535,0.24,310954
Tamil Nadu,212,Mudhukulathur,NOTA,,,,NOTA,NOTA,530,2,532,0.24,310954
Tamil Nadu,212,Mudhukulathur,C.MALAISELVAM,MALE,42.0,SC,PT,Television,383,10,393,0.18,310954
Tamil Nadu,212,Mudhukulathur,K.RAMACHANDRAN,MALE,32.0,SC,IND,Ring,389,0,389,0.18,310954
Tamil Nadu,212,Mudhukulathur,K.MURUGAN,MALE,39.0,GENERAL,IND,Peas,331,0,331,0.15,310954
Tamil Nadu,212,Mudhukulathur,K.BOOMIRAJAN YADAV,MALE,39.0,GENERAL,TMTHK,DIAMOND,212,2,214,0.1,310954
Tamil Nadu,212,Mudhukulathur,S.IMMANUVEL SEKAR,MALE,40.0,SC,IND,Football,193,1,194,0.09,310954
Tamil Nadu,212,Mudhukulathur,DEVA SITHAM.I,MALE,33.0,GENERAL,IND,Bat,188,5,193,0.09,310954
Tamil Nadu,212,Mudhukulathur,K.PANCHATCHARAM,MALE,44.0,GENERAL,MIDP,CCTV Camera,133,1,134,0.06,310954
Tamil Nadu,212,Mudhukulathur,M.KARTHICK,MALE,27.0,GENERAL,IND,Electric Pole,133,1,134,0.06,310954
Tamil Nadu,212,Mudhukulathur,T.AZHAKUMALAI KUMARAN,MALE,43.0,GENERAL,IND,Auto- Rickshaw,127,4,131,0.06,310954
Tamil Nadu,212,Mudhukulathur,K.RAJAKUMAR,MALE,38.0,GENERAL,IND,Water Tank,100,0,100,0.05,310954
Tamil Nadu,212,Mudhukulathur,P.MURUGAN,MALE,41.0,GENERAL,IND,Gas Cylinder,91,1,92,0.04,310954
Tamil Nadu,212,Mudhukulathur,S.RAJA,MALE,43.0,GENERAL,PPIS,Grapes,80,0,80,0.04,310954
Tamil Nadu,212,Mudhukulathur,E.MOHAN,MALE,51.0,GENERAL,IND,Gas Stove,79,0,79,0.04,310954
Tamil Nadu,213,Vilathikulam,MARKANDAYAN V,MALE,44.0,GENERAL,DMK,Rising Sun,89130,1218,90348,54.05,216923
Tamil Nadu,213,Vilathikulam,CHINNAPPAN P,MALE,51.0,GENERAL,ADMK,Two Leaves,51237,562,51799,30.99,216923
Tamil Nadu,213,Vilathikulam,BALAJI R,MALE,30.0,GENERAL,NTK,Ganna Kisan,11697,131,11828,7.08,216923
Tamil Nadu,213,Vilathikulam,SEENI SELVI K,FEMALE,39.0,GENERAL,AMMKMNKZ,Pressure Cooker,6591,66,6657,3.98,216923
Tamil Nadu,213,Vilathikulam,WILSON X,MALE,48.0,GENERAL,MNM,Battery torch,1511,9,1520,0.91,216923
Tamil Nadu,213,Vilathikulam,MUTHUKUMAR C,MALE,37.0,SC,PT,Television,1029,26,1055,0.63,216923
Tamil Nadu,213,Vilathikulam,NOTA,,,,NOTA,NOTA,1017,19,1036,0.62,216923
Tamil Nadu,213,Vilathikulam,KARUPPASAMY K,MALE,61.0,GENERAL,NIDP,Tractor Chalata Kisan,610,3,613,0.37,216923
Tamil Nadu,213,Vilathikulam,MANIKKARAJ A,MALE,38.0,GENERAL,BSP,Elephant,480,7,487,0.29,216923
Tamil Nadu,213,Vilathikulam,MARIMUTHU S,MALE,39.0,GENERAL,SIFB,Gift Pack,398,6,404,0.24,216923
Tamil Nadu,213,Vilathikulam,MURUGANANTHAM M,MALE,55.0,GENERAL,IND,SHIP,347,1,348,0.21,216923
Tamil Nadu,213,Vilathikulam,CHELLADURAI S,MALE,43.0,SC,IND,Glass Tumbler,310,2,312,0.19,216923
Tamil Nadu,213,Vilathikulam,ARUMUGAM S,MALE,53.0,GENERAL,IND,Ring,272,0,272,0.16,216923
Tamil Nadu,213,Vilathikulam,ARUMUGAPERUMAL K,MALE,30.0,SC,IND,COCONUT FARM,263,5,268,0.16,216923
Tamil Nadu,213,Vilathikulam,GANDHI M,MALE,52.0,SC,BHUDRP,BUCKET,119,2,121,0.07,216923
Tamil Nadu,213,Vilathikulam,RAJAMANI P,MALE,36.0,GENERAL,IND,Throwing a Javelin,101,0,101,0.06,216923
Tamil Nadu,214,Thoothukkudi,P.Geetha Jeevan,FEMALE,50.0,GENERAL,DMK,Rising Sun,90206,2108,92314,49.0,285497
Tamil Nadu,214,Thoothukkudi,SDR Vijayaseelan,MALE,48.0,GENERAL,ADMK,Two Leaves,41621,383,42004,22.29,285497
Tamil Nadu,214,Thoothukkudi,V.Velraj,MALE,38.0,GENERAL,NTK,Ganna Kisan,30747,190,30937,16.42,285497
Tamil Nadu,214,Thoothukkudi,N.Sundar,MALE,50.0,GENERAL,MNM,Battery torch,10475,59,10534,5.59,285497
Tamil Nadu,214,Thoothukkudi,U.Chandran,MALE,57.0,GENERAL,DMDK,Nagara,4011,29,4040,2.14,285497
Tamil Nadu,214,Thoothukkudi,J.Sivaneswaran,MALE,32.0,GENERAL,IND,Balloon,2849,17,2866,1.52,285497
Tamil Nadu,214,Thoothukkudi,NOTA,,,,NOTA,NOTA,1539,30,1569,0.83,285497
Tamil Nadu,214,Thoothukkudi,S.V.Rajasekar,MALE,39.0,GENERAL,USIP,Tractor Chalata Kisan,914,1,915,0.49,285497
Tamil Nadu,214,Thoothukkudi,L.Maria Deva Sahaya Johny,MALE,35.0,GENERAL,IND,Boat with Man and Sail,442,4,446,0.24,285497
Tamil Nadu,214,Thoothukkudi,A.Ashok Kumar,MALE,43.0,SC,BSP,Elephant,432,4,436,0.23,285497
Tamil Nadu,214,Thoothukkudi,A.Rajavel,MALE,66.0,GENERAL,IND,Matchbox,278,4,282,0.15,285497
Tamil Nadu,214,Thoothukkudi,G.Selvavinayagam,MALE,46.0,GENERAL,VTVTK,Pestle and Mortar,268,1,269,0.14,285497
Tamil Nadu,214,Thoothukkudi,S.Krishnan,MALE,43.0,GENERAL,IND,Refrigerator,182,0,182,0.1,285497
Tamil Nadu,214,Thoothukkudi,J.Alldrin Airmarshal Thayaram,MALE,41.0,GENERAL,IND,DIAMOND,166,1,167,0.09,285497
Tamil Nadu,214,Thoothukkudi,A.Jeyalalitha,FEMALE,49.0,GENERAL,IND,Black Board,162,1,163,0.09,285497
Tamil Nadu,214,Thoothukkudi,S.Subash,MALE,30.0,SC,RPPRINAT,Helicopter,159,2,161,0.09,285497
Tamil Nadu,214,Thoothukkudi,J.Arun Nehruraj,MALE,37.0,SC,IND,Football,142,0,142,0.08,285497
Tamil Nadu,214,Thoothukkudi,J.samuvel,MALE,45.0,GENERAL,IND,Bread,138,0,138,0.07,285497
Tamil Nadu,214,Thoothukkudi,N.Balasubramanian,MALE,49.0,GENERAL,APTADMK,Jackfruit,126,1,127,0.07,285497
Tamil Nadu,214,Thoothukkudi,K.Subramani,MALE,40.0,GENERAL,SHS,FLUTE,124,0,124,0.07,285497
Tamil Nadu,214,Thoothukkudi,C.Ganesh Ayyadurai,MALE,32.0,GENERAL,IND,Bat,115,1,116,0.06,285497
Tamil Nadu,214,Thoothukkudi,Mannar Maharajan,MALE,31.0,SC,BHUDRP,BUCKET,93,0,93,0.05,285497
Tamil Nadu,214,Thoothukkudi,Ramagunaseelan,MALE,67.0,GENERAL,IND,Gas Cylinder,88,0,88,0.05,285497
Tamil Nadu,214,Thoothukkudi,S.Balasundram,MALE,58.0,GENERAL,IND,Almirah,87,0,87,0.05,285497
Tamil Nadu,214,Thoothukkudi,G.Selvam,MALE,54.0,GENERAL,IND,BOX,75,0,75,0.04,285497
Tamil Nadu,214,Thoothukkudi,M.Lingaraja,MALE,36.0,GENERAL,IND,Electric Pole,70,0,70,0.04,285497
Tamil Nadu,214,Thoothukkudi,A.Mohamed Imran Arabi,MALE,36.0,GENERAL,IND,BISCUIT,60,2,62,0.03,285497
Tamil Nadu,215,Tiruchendur,Anitha R. Radhakrishnan,MALE,68.0,GENERAL,DMK,Rising Sun,86162,2112,88274,50.58,245144
Tamil Nadu,215,Tiruchendur,Radhakrishnan M,MALE,39.0,GENERAL,ADMK,Two Leaves,62420,591,63011,36.1,245144
Tamil Nadu,215,Tiruchendur,Gloriyan S,MALE,44.0,GENERAL,NTK,Ganna Kisan,14963,100,15063,8.63,245144
Tamil Nadu,215,Tiruchendur,Vadamalaipandian S,MALE,66.0,GENERAL,AMMKMNKZ,Pressure Cooker,3730,36,3766,2.16,245144
Tamil Nadu,215,Tiruchendur,Jayanthi M,FEMALE,47.0,GENERAL,MNM,Battery torch,1949,16,1965,1.13,245144
Tamil Nadu,215,Tiruchendur,NOTA,,,,NOTA,NOTA,1043,11,1054,0.6,245144
Tamil Nadu,215,Tiruchendur,Rooswelt X,MALE,48.0,GENERAL,NIDP,Tractor Chalata Kisan,238,1,239,0.14,245144
Tamil Nadu,215,Tiruchendur,Baskar C,MALE,37.0,SC,IND,Bat,195,1,196,0.11,245144
Tamil Nadu,215,Tiruchendur,Pon Rathna Selvan S,MALE,46.0,GENERAL,IND,Electric Pole,194,1,195,0.11,245144
Tamil Nadu,215,Tiruchendur,Senthilkumar S,MALE,33.0,SC,IND,Peas,177,0,177,0.1,245144
Tamil Nadu,215,Tiruchendur,Shaik Abdul Kader P.S.J,MALE,50.0,GENERAL,IND,DIAMOND,136,0,136,0.08,245144
Tamil Nadu,215,Tiruchendur,Kennady Babu K,MALE,35.0,GENERAL,VTVTK,Pestle and Mortar,128,1,129,0.07,245144
Tamil Nadu,215,Tiruchendur,Arumugam S,MALE,38.0,SC,IND,Whistle,107,1,108,0.06,245144
Tamil Nadu,215,Tiruchendur,Kalyanasundaram R,MALE,34.0,GENERAL,IND,CCTV Camera,90,2,92,0.05,245144
Tamil Nadu,215,Tiruchendur,Perumal K,MALE,60.0,GENERAL,IND,Tennis Racket & Ball,71,0,71,0.04,245144
Tamil Nadu,215,Tiruchendur,Essakki Muthu,MALE,40.0,GENERAL,IND,Auto- Rickshaw,58,2,60,0.03,245144
Tamil Nadu,216,Srivaikuntam,Oorvasi Amirtharaj .S,MALE,37.0,GENERAL,INC,Hand,75086,1757,76843,46.75,224689
Tamil Nadu,216,Srivaikuntam,S.P.SHUNMUGANATHAN,MALE,66.0,GENERAL,ADMK,Two Leaves,58583,888,59471,36.18,224689
Tamil Nadu,216,Srivaikuntam,P.Subbiah Pandian,MALE,44.0,GENERAL,NTK,Ganna Kisan,12552,154,12706,7.73,224689
Tamil Nadu,216,Srivaikuntam,ERAL S. RAMESH,MALE,52.0,GENERAL,AMMKMNKZ,Pressure Cooker,10074,129,10203,6.21,224689
Tamil Nadu,216,Srivaikuntam,R.Chandra Sekar,MALE,48.0,GENERAL,MNM,Battery torch,1345,10,1355,0.82,224689
Tamil Nadu,216,Srivaikuntam,NOTA,,,,NOTA,NOTA,749,7,756,0.46,224689
Tamil Nadu,216,Srivaikuntam,Durai Singh J,MALE,32.0,GENERAL,IND,COMPUTER,493,1,494,0.3,224689
Tamil Nadu,216,Srivaikuntam,Arun B,MALE,30.0,SC,PT,Television,437,7,444,0.27,224689
Tamil Nadu,216,Srivaikuntam,Esakki Raja K,MALE,34.0,GENERAL,IND,Balloon,336,5,341,0.21,224689
Tamil Nadu,216,Srivaikuntam,Sethuramalingam S,MALE,47.0,GENERAL,IND,BUCKET,311,1,312,0.19,224689
Tamil Nadu,216,Srivaikuntam,Ponnudurai I,MALE,26.0,GENERAL,IND,FLUTE,297,0,297,0.18,224689
Tamil Nadu,216,Srivaikuntam,SURESH PERUMAL S,MALE,34.0,GENERAL,NIDP,Tractor Chalata Kisan,232,1,233,0.14,224689
Tamil Nadu,216,Srivaikuntam,Sudalaimuthu Perumal,MALE,52.0,GENERAL,IND,BOX,139,1,140,0.09,224689
Tamil Nadu,216,Srivaikuntam,Joseph Leon,MALE,66.0,GENERAL,IND,Ring,126,5,131,0.08,224689
Tamil Nadu,216,Srivaikuntam,Sankara Subramanian M,MALE,53.0,GENERAL,IND,DIAMOND,129,0,129,0.08,224689
Tamil Nadu,216,Srivaikuntam,Jegan,MALE,45.0,GENERAL,ADK,Hat,104,2,106,0.06,224689
Tamil Nadu,216,Srivaikuntam,Kirushnavel R,MALE,34.0,GENERAL,IND,Bat,103,0,103,0.06,224689
Tamil Nadu,216,Srivaikuntam,Arulmathi Yesuvadiyal,FEMALE,50.0,GENERAL,AJPK,Tube light,95,1,96,0.06,224689
Tamil Nadu,216,Srivaikuntam,SARAVANAN G,MALE,47.0,SC,IND,Black Board,79,1,80,0.05,224689
Tamil Nadu,216,Srivaikuntam,Malaiandi R,MALE,25.0,GENERAL,IND,Matchbox,56,0,56,0.03,224689
Tamil Nadu,216,Srivaikuntam,ALLWIN DURAISINGH P,MALE,37.0,GENERAL,IND,Almirah,51,1,52,0.03,224689
Tamil Nadu,216,Srivaikuntam,VINSTON ANTO S,MALE,43.0,GENERAL,IND,Letter Box,37,1,38,0.02,224689
Tamil Nadu,217,Ottapidaram,SHUNMUGAIAH M C,MALE,50.0,SC,DMK,Rising Sun,71605,1505,73110,41.11,251597
Tamil Nadu,217,Ottapidaram,MOHAN P,MALE,45.0,SC,ADMK,Two Leaves,63907,693,64600,36.32,251597
Tamil Nadu,217,Ottapidaram,VAIKUNDAMARI M,MALE,39.0,SC,NTK,Ganna Kisan,22104,309,22413,12.6,251597
Tamil Nadu,217,Ottapidaram,Dr.K.KRISHNASAMY,MALE,68.0,SC,PT,Television,6418,126,6544,3.68,251597
Tamil Nadu,217,Ottapidaram,ARUMUGANAINAR S,MALE,63.0,SC,DMDK,Nagara,5276,51,5327,3.0,251597
Tamil Nadu,217,Ottapidaram,ARUNADEVI R,FEMALE,35.0,SC,IJK,Auto- Rickshaw,1890,23,1913,1.08,251597
Tamil Nadu,217,Ottapidaram,NOTA,,,,NOTA,NOTA,1540,28,1568,0.88,251597
Tamil Nadu,217,Ottapidaram,MURUGAN P,MALE,41.0,SC,NIDP,Tractor Chalata Kisan,517,3,520,0.29,251597
Tamil Nadu,217,Ottapidaram,SAMUTHIRAM P,MALE,37.0,SC,IND,COCONUT FARM,396,3,399,0.22,251597
Tamil Nadu,217,Ottapidaram,M.A.DHARMAR,MALE,54.0,SC,IND,Gift Pack,318,2,320,0.18,251597
Tamil Nadu,217,Ottapidaram,RAJ V,MALE,35.0,SC,IND,Chappals,315,1,316,0.18,251597
Tamil Nadu,217,Ottapidaram,MAHARAJAN A,MALE,31.0,SC,BHUDRP,BUCKET,155,2,157,0.09,251597
Tamil Nadu,217,Ottapidaram,ELAMBIRAI MANIMARAN P,MALE,30.0,SC,IND,Mike,148,4,152,0.09,251597
Tamil Nadu,217,Ottapidaram,SASI MURUGAN C,MALE,27.0,SC,IND,Bat,133,0,133,0.07,251597
Tamil Nadu,217,Ottapidaram,GUNASEKARAN,MALE,41.0,SC,IND,CUTTING PLIERS,97,3,100,0.06,251597
Tamil Nadu,217,Ottapidaram,VELMURUGAN,MALE,33.0,SC,IND,HOCKEY and BALL,98,0,98,0.06,251597
Tamil Nadu,217,Ottapidaram,KARUPPARAJA,MALE,26.0,SC,IND,Pot,84,2,86,0.05,251597
Tamil Nadu,217,Ottapidaram,GANESHKUMAR M,MALE,38.0,SC,IND,Hat,83,1,84,0.05,251597
Tamil Nadu,218,Kovilpatti,KADAMBUR RAJU,MALE,61.0,GENERAL,ADMK,Two Leaves,67970,586,68556,37.89,266625
Tamil Nadu,218,Kovilpatti,TTV DHINAKARAN,MALE,57.0,GENERAL,AMMKMNKZ,Pressure Cooker,55729,424,56153,31.04,266625
Tamil Nadu,218,Kovilpatti,K.Srinivasan,MALE,57.0,GENERAL,CPI(M),"Hammer, Sickle and Star",36234,1146,37380,20.66,266625
Tamil Nadu,218,Kovilpatti,M.Gomathi,FEMALE,56.0,GENERAL,NTK,Ganna Kisan,9114,99,9213,5.09,266625
Tamil Nadu,218,Kovilpatti,K.Kathiravan,MALE,42.0,GENERAL,MNM,Battery Torch,3628,39,3667,2.03,266625
Tamil Nadu,218,Kovilpatti,NOTA,,,,NOTA,NOTA,1106,18,1124,0.62,266625
Tamil Nadu,218,Kovilpatti,Athikaran @ Athikumar,MALE,46.0,SC,IND,Television,637,6,643,0.36,266625
Tamil Nadu,218,Kovilpatti,Rameshkannan,MALE,26.0,GENERAL,IND,COCONUT FARM,499,0,499,0.28,266625
Tamil Nadu,218,Kovilpatti,Subash,MALE,68.0,GENERAL,IND,Throwing a Javelin,447,1,448,0.25,266625
Tamil Nadu,218,Kovilpatti,Sivasubramanian,MALE,43.0,GENERAL,IND,Bat,417,0,417,0.23,266625
Tamil Nadu,218,Kovilpatti,P.Gunasekaran,MALE,60.0,GENERAL,IND,DIAMOND,404,7,411,0.23,266625
Tamil Nadu,218,Kovilpatti,A.Kaliraj,MALE,40.0,GENERAL,IND,Pen Nib with Seven Rays,318,0,318,0.18,266625
Tamil Nadu,218,Kovilpatti,K.Shanmugasundaram,MALE,34.0,SC,BHUDRP,BUCKET,244,2,246,0.14,266625
Tamil Nadu,218,Kovilpatti,M.G.R.Nambbi,MALE,65.0,GENERAL,AIMGRMMK,Electric Pole,244,0,244,0.13,266625
Tamil Nadu,218,Kovilpatti,J.Ravisankar Jayachanthiran,MALE,48.0,GENERAL,IND,Matchbox,203,2,205,0.11,266625
Tamil Nadu,218,Kovilpatti,Ramachandiran.R,MALE,64.0,SC,BSP,Elephant,200,3,203,0.11,266625
Tamil Nadu,218,Kovilpatti,S.Udaiyar,MALE,29.0,GENERAL,NIDP,Tractor Chalata Kisan,175,0,175,0.1,266625
Tamil Nadu,218,Kovilpatti,M.Marimuthu,MALE,33.0,SC,IND,SHIP,133,0,133,0.07,266625
Tamil Nadu,218,Kovilpatti,A.PattuRani,FEMALE,29.0,GENERAL,IND,Vacuum Cleaner,131,2,133,0.07,266625
Tamil Nadu,218,Kovilpatti,M.Ponnusamy,MALE,53.0,SC,IND,Gas Cylinder,119,2,121,0.07,266625
Tamil Nadu,218,Kovilpatti,Kannan,MALE,52.0,GENERAL,IND,Hat,121,0,121,0.07,266625
Tamil Nadu,218,Kovilpatti,Manthirasudamani,MALE,56.0,GENERAL,IND,Auto- Rickshaw,103,1,104,0.06,266625
Tamil Nadu,218,Kovilpatti,RAJKUMAR POLIAH,MALE,37.0,GENERAL,UBM,FLUTE,98,2,100,0.06,266625
Tamil Nadu,218,Kovilpatti,Renganayagalu,MALE,42.0,GENERAL,IND,Pot,90,0,90,0.05,266625
Tamil Nadu,218,Kovilpatti,Raja,MALE,48.0,GENERAL,IND,Football,78,1,79,0.04,266625
Tamil Nadu,218,Kovilpatti,K.Pandimuneeswari,FEMALE,33.0,SC,IND,Ring,76,3,79,0.04,266625
Tamil Nadu,218,Kovilpatti,P.Ramasamy,MALE,65.0,GENERAL,IND,Sewing Machine,66,0,66,0.04,266625
Tamil Nadu,219,Sankarankovil,RAJA E,MALE,35.0,SC,DMK,Rising Sun,70144,1203,71347,38.92,254243
Tamil Nadu,219,Sankarankovil,RAJALAKSHMI V M,FEMALE,35.0,SC,ADMK,Two Leaves,65677,373,66050,36.03,254243
Tamil Nadu,219,Sankarankovil,ANNADURAI R,MALE,54.0,SC,AMMKMNKZ,Pressure Cooker,22278,404,22682,12.37,254243
Tamil Nadu,219,Sankarankovil,MAHENDRAKUMARI P,FEMALE,31.0,SC,NTK,Ganna Kisan,13683,168,13851,7.55,254243
Tamil Nadu,219,Sankarankovil,PRABHU K,MALE,39.0,SC,MNM,Battery torch,2319,19,2338,1.28,254243
Tamil Nadu,219,Sankarankovil,NOTA,,,,NOTA,NOTA,1937,20,1957,1.07,254243
Tamil Nadu,219,Sankarankovil,SUBRAMANIAM V,MALE,56.0,SC,PT,Television,1912,29,1941,1.06,254243
Tamil Nadu,219,Sankarankovil,VALLIAMMAL M,FEMALE,44.0,SC,IND,Whistle,888,2,890,0.49,254243
Tamil Nadu,219,Sankarankovil,VETRIMARAN A,MALE,47.0,SC,IND,Gas Cylinder,620,0,620,0.34,254243
Tamil Nadu,219,Sankarankovil,KARUTHAPANDIYAN R,MALE,47.0,SC,IND,Air Conditioner,408,0,408,0.22,254243
Tamil Nadu,219,Sankarankovil,MUTHUKKUTTI S,MALE,36.0,SC,IND,Pen Nib with Seven Rays,389,0,389,0.21,254243
Tamil Nadu,219,Sankarankovil,GURURAJ P,MALE,44.0,SC,IND,DIAMOND,303,0,303,0.17,254243
Tamil Nadu,219,Sankarankovil,PANEERSELVAM U,MALE,52.0,SC,MMKA,Matchbox,186,1,187,0.1,254243
Tamil Nadu,219,Sankarankovil,MATHANKUMAR K,MALE,28.0,SC,MIDP,CCTV Camera,168,3,171,0.09,254243
Tamil Nadu,219,Sankarankovil,GANESAN A,MALE,35.0,SC,IND,Electric Pole,106,1,107,0.06,254243
Tamil Nadu,219,Sankarankovil,BALAMURUGESAN M,MALE,33.0,SC,BHUDRP,BUCKET,94,3,97,0.05,254243
Tamil Nadu,220,Vasudevanallur,"SADHAN THIRUMALAIKUMAR, DOCTOR.T",MALE,68.0,SC,DMK,Rising Sun,67053,1677,68730,39.08,241748
Tamil Nadu,220,Vasudevanallur,MANOHARAN A,MALE,42.0,SC,ADMK,Two Leaves,65952,411,66363,37.73,241748
Tamil Nadu,220,Vasudevanallur,MATHIVANAN S S,MALE,34.0,SC,NTK,Ganna Kisan,16545,186,16731,9.51,241748
Tamil Nadu,220,Vasudevanallur,THANGARAJ S,MALE,58.0,SC,AMMKMNKZ,Pressure Cooker,13194,182,13376,7.61,241748
Tamil Nadu,220,Vasudevanallur,PETCHIAMMAL V,FEMALE,45.0,SC,PT,Television,3600,51,3651,2.08,241748
Tamil Nadu,220,Vasudevanallur,NOTA,,,,NOTA,NOTA,2147,24,2171,1.23,241748
Tamil Nadu,220,Vasudevanallur,CHINNASAMY M,MALE,61.0,SC,MNM,Battery torch,2105,34,2139,1.22,241748
Tamil Nadu,220,Vasudevanallur,ESWARAN M,MALE,29.0,SC,NGPP,Pot,789,6,795,0.45,241748
Tamil Nadu,220,Vasudevanallur,RAMAMOORTHY P,MALE,37.0,SC,IND,Black Board,715,1,716,0.41,241748
Tamil Nadu,220,Vasudevanallur,JAYAKUMAR P L A,MALE,57.0,SC,TNLK,Ring,525,19,544,0.31,241748
Tamil Nadu,220,Vasudevanallur,KARUPPASAMY K,MALE,31.0,SC,MIDP,CCTV Camera,340,2,342,0.19,241748
Tamil Nadu,220,Vasudevanallur,MUTHUPANDI G,MALE,33.0,SC,IND,Laptop,322,1,323,0.18,241748
Tamil Nadu,221,Kadayanallur,C.KRISHNAMURALI,MALE,38.0,GENERAL,ADMK,Two Leaves,87900,574,88474,43.08,290432
Tamil Nadu,221,Kadayanallur,K.A.M.MUHAMMED ABUBACKER,MALE,49.0,GENERAL,IUML,Ladder,63298,827,64125,31.22,290432
Tamil Nadu,221,Kadayanallur,S.AYYADURAIPANDIAN,MALE,60.0,GENERAL,AMMKMNKZ,Pressure Cooker,34047,169,34216,16.66,290432
Tamil Nadu,221,Kadayanallur,M.MUTHULAKSHMI,FEMALE,35.0,GENERAL,NTK,Ganna Kisan,10052,84,10136,4.94,290432
Tamil Nadu,221,Kadayanallur,M.AMBIKADEVI,FEMALE,33.0,GENERAL,MNM,Battery torch,1756,22,1778,0.87,290432
Tamil Nadu,221,Kadayanallur,NOTA,,,,NOTA,NOTA,1047,9,1056,0.51,290432
Tamil Nadu,221,Kadayanallur,S.SEENIVASAN,MALE,34.0,GENERAL,IND,Television,938,0,938,0.46,290432
Tamil Nadu,221,Kadayanallur,VELAMMAL,FEMALE,48.0,GENERAL,IND,FLUTE,670,2,672,0.33,290432
Tamil Nadu,221,Kadayanallur,SIVASUBRAMANIYAN R,MALE,52.0,SC,IND,Gas Cylinder,666,6,672,0.33,290432
Tamil Nadu,221,Kadayanallur,POOLOGARAJ R,MALE,30.0,GENERAL,IND,Road Roller,657,1,658,0.32,290432
Tamil Nadu,221,Kadayanallur,S.MURUGANANTHAM,MALE,63.0,GENERAL,IND,Lighter,532,0,532,0.26,290432
Tamil Nadu,221,Kadayanallur,A.SANKAR,MALE,49.0,GENERAL,IND,BOX,413,0,413,0.2,290432
Tamil Nadu,221,Kadayanallur,S.RAJA RAM,MALE,38.0,GENERAL,NGPP,Pot,313,5,318,0.15,290432
Tamil Nadu,221,Kadayanallur,M.AYYADURAI,MALE,31.0,GENERAL,IND,Noodles Bowl,283,1,284,0.14,290432
Tamil Nadu,221,Kadayanallur,RAJA PONNUSAMY,MALE,60.0,SC,IND,COMPUTER,257,2,259,0.13,290432
Tamil Nadu,221,Kadayanallur,P.RAJI,FEMALE,25.0,GENERAL,IND,Hand Cart,245,2,247,0.12,290432
Tamil Nadu,221,Kadayanallur,R.KRISHNAN,MALE,55.0,GENERAL,IND,Cot,126,0,126,0.06,290432
Tamil Nadu,221,Kadayanallur,A.GANESAN,MALE,53.0,GENERAL,IND,Letter Box,117,5,122,0.06,290432
Tamil Nadu,221,Kadayanallur,MARIDURAIPANDIAN,MALE,44.0,GENERAL,IND,CUBE,96,0,96,0.05,290432
Tamil Nadu,221,Kadayanallur,AYYADURAI R,MALE,52.0,GENERAL,IND,Frying Pan,87,0,87,0.04,290432
Tamil Nadu,221,Kadayanallur,K.RADHA KRISHNAN,MALE,50.0,GENERAL,IND,Wallet,84,1,85,0.04,290432
Tamil Nadu,221,Kadayanallur,AVANI RAJA.T,MALE,38.0,SC,IND,Binoculars,80,0,80,0.04,290432
Tamil Nadu,222,Tenkasi,PALANI NADAR.S,MALE,68.0,GENERAL,INC,Hand,87706,1609,89315,41.71,292538
Tamil Nadu,222,Tenkasi,SELVA MOHANDAS PANDIAN.S,MALE,51.0,GENERAL,ADMK,Two Leaves,88271,674,88945,41.54,292538
Tamil Nadu,222,Tenkasi,VINCENTRAJ.R,MALE,41.0,GENERAL,NTK,Ganna Kisan,15213,123,15336,7.16,292538
Tamil Nadu,222,Tenkasi,MOHAMED.S,MALE,43.0,GENERAL,AMMKMNKZ,Pressure Cooker,9839,105,9944,4.64,292538
Tamil Nadu,222,Tenkasi,THIRUMALAIMUTHU.R,MALE,44.0,GENERAL,MNM,Battery torch,2169,19,2188,1.02,292538
Tamil Nadu,222,Tenkasi,MADASAMY.A,MALE,34.0,GENERAL,IND,Peas,1974,4,1978,0.92,292538
Tamil Nadu,222,Tenkasi,NOTA,,,,NOTA,NOTA,1146,13,1159,0.54,292538
Tamil Nadu,222,Tenkasi,CHANDRASEGAR.S,MALE,48.0,SC,PT,Television,857,21,878,0.41,292538
Tamil Nadu,222,Tenkasi,UDHAYAKUMAR.K.M,MALE,37.0,GENERAL,ADK,Hat,685,5,690,0.32,292538
Tamil Nadu,222,Tenkasi,RAMESH.R,MALE,29.0,GENERAL,IND,Tiller,684,0,684,0.32,292538
Tamil Nadu,222,Tenkasi,PALANIMURUGAN.P,MALE,44.0,GENERAL,IND,SHIP,627,1,628,0.29,292538
Tamil Nadu,222,Tenkasi,REEGANKUMAR. M,MALE,34.0,SC,IND,Matchbox,495,0,495,0.23,292538
Tamil Nadu,222,Tenkasi,AROKKIYA PRABHU.J,MALE,31.0,GENERAL,IND,Auto- Rickshaw,426,2,428,0.2,292538
Tamil Nadu,222,Tenkasi,JEGANATHAN.M,MALE,35.0,SC,AMPK,Glass Tumbler,409,7,416,0.19,292538
Tamil Nadu,222,Tenkasi,SELVAKUMAR.R,MALE,39.0,GENERAL,NIDP,Tractor Chalata Kisan,317,2,319,0.15,292538
Tamil Nadu,222,Tenkasi,DOCTOR. KARUPPASAMY.S,MALE,64.0,SC,IND,BUCKET,214,2,216,0.1,292538
Tamil Nadu,222,Tenkasi,MUGUNDHAN.K,MALE,41.0,GENERAL,MIDP,CCTV Camera,194,1,195,0.09,292538
Tamil Nadu,222,Tenkasi,PALANIKUMAR.A,MALE,42.0,GENERAL,IND,Brief Case,174,1,175,0.08,292538
Tamil Nadu,222,Tenkasi,SURESHKUMAR.S,MALE,45.0,GENERAL,APTADMK,Jackfruit,119,0,119,0.06,292538
Tamil Nadu,223,Alangulam,PAUL MANOJ PANDIAN,MALE,49.0,GENERAL,ADMK,Two Leaves,73846,307,74153,36.44,260688
Tamil Nadu,223,Alangulam,DR.POONGOTHAI ALADI ARUNA,FEMALE,56.0,GENERAL,DMK,Rising Sun,69325,1289,70614,34.7,260688
Tamil Nadu,223,Alangulam,HARI NADAR.A,MALE,39.0,GENERAL,IND,Helmet,37603,124,37727,18.54,260688
Tamil Nadu,223,Alangulam,M.SANGEETHA ESAK,FEMALE,36.0,GENERAL,NTK,Ganna Kisan,12396,123,12519,6.15,260688
Tamil Nadu,223,Alangulam,RAJENDRANATHAN,MALE,56.0,GENERAL,DMDK,Nagara,2797,19,2816,1.38,260688
Tamil Nadu,223,Alangulam,NOTA,,,,NOTA,NOTA,1772,14,1786,0.88,260688
Tamil Nadu,223,Alangulam,S.SELVAKUMAR,MALE,36.0,GENERAL,MNM,Battery torch,1439,15,1454,0.71,260688
Tamil Nadu,223,Alangulam,A.UDHAYAKUMAR,MALE,28.0,SC,PT,Television,1098,7,1105,0.54,260688
Tamil Nadu,223,Alangulam,ARUNKUMAR.K,MALE,29.0,GENERAL,IND,Pen Nib with Seven Rays,492,0,492,0.24,260688
Tamil Nadu,223,Alangulam,K.SIVARAM,MALE,47.0,GENERAL,IND,SHIP,435,1,436,0.21,260688
Tamil Nadu,223,Alangulam,S.SANKAR GANESH YADAV,MALE,46.0,GENERAL,IND,FLUTE,375,1,376,0.18,260688
Tamil Nadu,224,Tirunelveli,Nainar Nagenthran,MALE,60.0,GENERAL,BJP,Lotus,91504,778,92282,46.7,292411
Tamil Nadu,224,Tirunelveli,"Lakshmanan,A.L.S.",MALE,55.0,GENERAL,DMK,Rising Sun,68102,1073,69175,35.01,292411
Tamil Nadu,224,Tirunelveli,"Sathya,B.",FEMALE,43.0,GENERAL,NTK,Ganna Kisan,18986,176,19162,9.7,292411
Tamil Nadu,224,Tirunelveli,"Mahesh Kannan,A.P.",MALE,32.0,GENERAL,AMMKMNKZ,Pressure Cooker,8807,104,8911,4.51,292411
Tamil Nadu,224,Tirunelveli,NOTA,,,,NOTA,NOTA,2074,17,2091,1.06,292411
Tamil Nadu,224,Tirunelveli,"Sivakumar,M.",MALE,43.0,SC,IND,Television,1375,37,1412,0.71,292411
Tamil Nadu,224,Tirunelveli,Srithar Rajan,MALE,38.0,GENERAL,IND,Auto- Rickshaw,1336,6,1342,0.68,292411
Tamil Nadu,224,Tirunelveli,Kalanithy,MALE,33.0,SC,BSP,Elephant,646,8,654,0.33,292411
Tamil Nadu,224,Tirunelveli,"Sankarasubramanian,M.",MALE,53.0,GENERAL,IND,DIAMOND,582,0,582,0.29,292411
Tamil Nadu,224,Tirunelveli,"Esakkimuthu,P.",MALE,52.0,GENERAL,IND,Iron,435,2,437,0.22,292411
Tamil Nadu,224,Tirunelveli,"Sundarraj,M.",MALE,34.0,GENERAL,CPI(ML)(L),Flag with Three Stars,412,3,415,0.21,292411
Tamil Nadu,224,Tirunelveli,"Murugan,V.",MALE,33.0,GENERAL,IND,Gift Pack,339,3,342,0.17,292411
Tamil Nadu,224,Tirunelveli,"Raghavan,C.M.",MALE,46.0,SC,IND,Hat,318,1,319,0.16,292411
Tamil Nadu,224,Tirunelveli,Sankar @ Sankaranarayanan,MALE,40.0,GENERAL,IND,Whistle,264,0,264,0.13,292411
Tamil Nadu,224,Tirunelveli,"Murugan,R.",MALE,42.0,GENERAL,IND,FLUTE,197,2,199,0.1,292411
Tamil Nadu,225,Ambasamudram,ESAKKI SUBAYA,MALE,56.0,GENERAL,ADMK,Two Leaves,84665,546,85211,47.96,245003
Tamil Nadu,225,Ambasamudram,AVUDAIAPPAN R,MALE,76.0,GENERAL,DMK,Rising Sun,67267,1029,68296,38.44,245003
Tamil Nadu,225,Ambasamudram,SHENBAGA VALLI,FEMALE,30.0,GENERAL,NTK,Ganna Kisan,13599,136,13735,7.73,245003
Tamil Nadu,225,Ambasamudram,C.RANI RANJITHAM,FEMALE,55.0,GENERAL,AMMKMNKZ,Pressure Cooker,4146,48,4194,2.36,245003
Tamil Nadu,225,Ambasamudram,SENGULAM GANESAN C,MALE,48.0,GENERAL,MNM,Battery Torch,2765,42,2807,1.58,245003
Tamil Nadu,225,Ambasamudram,NOTA,,,,NOTA,NOTA,1665,8,1673,0.94,245003
Tamil Nadu,225,Ambasamudram,M. MANIMARAN,MALE,47.0,GENERAL,BSP,Elephant,505,4,509,0.29,245003
Tamil Nadu,225,Ambasamudram,J.RAJESH DHARMASINGH PANDIAN,MALE,46.0,GENERAL,IND,Bat,390,0,390,0.22,245003
Tamil Nadu,225,Ambasamudram,GAVASKAR M,MALE,28.0,GENERAL,IND,Gift Pack,310,5,315,0.18,245003
Tamil Nadu,225,Ambasamudram,S. LAKSHMANAN,MALE,34.0,GENERAL,VTVTK,Pestle and Mortar,178,0,178,0.1,245003
Tamil Nadu,225,Ambasamudram,S.GANESAN,MALE,47.0,GENERAL,IND,DIAMOND,166,0,166,0.09,245003
Tamil Nadu,225,Ambasamudram,G. ARUNACHALAM,MALE,26.0,GENERAL,IND,Binoculars,117,2,119,0.07,245003
Tamil Nadu,225,Ambasamudram,ABDUL MAJEETH J,MALE,40.0,GENERAL,IND,BISCUIT,88,0,88,0.05,245003
Tamil Nadu,226,Palayamkottai,ABDUL WAHAB .M,MALE,54.0,GENERAL,DMK,Rising Sun,86869,2248,89117,55.32,273557
Tamil Nadu,226,Palayamkottai,JERALD .K.J.C,MALE,42.0,GENERAL,ADMK,Two Leaves,36393,583,36976,22.95,273557
Tamil Nadu,226,Palayamkottai,MOHAMED MUBARAK .V.M.S.,MALE,41.0,GENERAL,SDPI,Pressure Cooker,12126,115,12241,7.6,273557
Tamil Nadu,226,Palayamkottai,FATHIMA .A,FEMALE,31.0,GENERAL,NTK,Ganna Kisan,11515,150,11665,7.24,273557
Tamil Nadu,226,Palayamkottai,PREMNATH. D,MALE,52.0,GENERAL,MNM,Battery torch,8002,105,8107,5.03,273557
Tamil Nadu,226,Palayamkottai,NOTA,,,,NOTA,NOTA,1620,27,1647,1.02,273557
Tamil Nadu,226,Palayamkottai,SADAGOPAN .K,MALE,77.0,GENERAL,IND,DIAMOND,387,8,395,0.25,273557
Tamil Nadu,226,Palayamkottai,RAJA,MALE,42.0,GENERAL,VTVTK,Pestle and Mortar,294,4,298,0.18,273557
Tamil Nadu,226,Palayamkottai,VEERASUBRAMANIYAN,MALE,36.0,GENERAL,AJPK,Tube light,226,5,231,0.14,273557
Tamil Nadu,226,Palayamkottai,JOHN SAMUVEL JESUPATHAM .D,MALE,46.0,GENERAL,IND,Ring,209,3,212,0.13,273557
Tamil Nadu,226,Palayamkottai,LEO INFANT RAJ .M,MALE,25.0,GENERAL,IND,Auto- Rickshaw,195,7,202,0.13,273557
Tamil Nadu,227,Nanguneri,RUBY R MANOHARAN,MALE,61.0,GENERAL,INC,Hand,74493,1409,75902,39.43,277865
Tamil Nadu,227,Nanguneri,"GANESARAJA, N.",MALE,59.0,GENERAL,ADMK,Two Leaves,59045,371,59416,30.86,277865
Tamil Nadu,227,Nanguneri,"PARAMASIVA IYYAPPAN, S.",MALE,48.0,GENERAL,AMMKMNKZ,Pressure Cooker,31708,162,31870,16.55,277865
Tamil Nadu,227,Nanguneri,"VEERAPANDI, P.",MALE,35.0,GENERAL,NTK,Ganna Kisan,17543,111,17654,9.17,277865
Tamil Nadu,227,Nanguneri,NOTA,,,,NOTA,NOTA,1531,6,1537,0.8,277865
Tamil Nadu,227,Nanguneri,"KATHIRAVAN, T.",MALE,33.0,SC,IND,DIAMOND,1151,3,1154,0.6,277865
Tamil Nadu,227,Nanguneri,"GNANA BALAJI, D.",MALE,33.0,GENERAL,IND,COCONUT FARM,806,7,813,0.42,277865
Tamil Nadu,227,Nanguneri,"SUBBULAKSHMI, R.",FEMALE,35.0,GENERAL,BSP,Elephant,697,3,700,0.36,277865
Tamil Nadu,227,Nanguneri,"ASHOK KUMAR, N.",MALE,35.0,SC,IND,Television,619,6,625,0.32,277865
Tamil Nadu,227,Nanguneri,"KANDHAN, M.",MALE,68.0,GENERAL,AUTMK,Pot,495,2,497,0.26,277865
Tamil Nadu,227,Nanguneri,"LENIN, K.",MALE,33.0,SC,IND,Boat with Man and Sail,449,5,454,0.24,277865
Tamil Nadu,227,Nanguneri,"SHUNMUGA SUNDARAM, S.",MALE,33.0,GENERAL,NIDP,Tractor Chalata Kisan,441,0,441,0.23,277865
Tamil Nadu,227,Nanguneri,"MUTHURAJ, H.",MALE,32.0,GENERAL,IND,Gift Pack,434,2,436,0.23,277865
Tamil Nadu,227,Nanguneri,"KANDASAMY, D.",MALE,37.0,GENERAL,IND,COMPUTER,428,4,432,0.22,277865
Tamil Nadu,227,Nanguneri,"PRABAKARAN, A.",MALE,32.0,GENERAL,VTVTK,Pestle and Mortar,429,1,430,0.22,277865
Tamil Nadu,227,Nanguneri,"MUTHUDURAI, S.",MALE,45.0,GENERAL,IND,Bat,160,1,161,0.08,277865
Tamil Nadu,228,Radhapuram,M.Appavu,MALE,69.0,GENERAL,DMK,Rising Sun,80241,2090,82331,43.95,270760
Tamil Nadu,228,Radhapuram,I.S.Inbadurai,MALE,55.0,GENERAL,ADMK,Two Leaves,75749,657,76406,40.79,270760
Tamil Nadu,228,Radhapuram,R.Jesu Dhasan,MALE,40.0,GENERAL,NTK,Ganna Kisan,19271,100,19371,10.34,270760
Tamil Nadu,228,Radhapuram,K.Jeyabalan,MALE,44.0,GENERAL,DMDK,Nagara,2409,23,2432,1.3,270760
Tamil Nadu,228,Radhapuram,G.Deva Peran,MALE,41.0,GENERAL,IND,FLUTE,1221,3,1224,0.65,270760
Tamil Nadu,228,Radhapuram,NOTA,,,,NOTA,NOTA,894,9,903,0.48,270760
Tamil Nadu,228,Radhapuram,K.Subburaj,MALE,33.0,GENERAL,IND,Lighter,518,0,518,0.28,270760
Tamil Nadu,228,Radhapuram,R.Sudalaimani,MALE,30.0,SC,IND,Telephone,466,4,470,0.25,270760
Tamil Nadu,228,Radhapuram,E.Esakkiammal,FEMALE,40.0,SC,BSP,Elephant,460,4,464,0.25,270760
Tamil Nadu,228,Radhapuram,T.Sermadurai,MALE,50.0,GENERAL,IND,Chappals,455,1,456,0.24,270760
Tamil Nadu,228,Radhapuram,J.Jesu Rajendran,MALE,43.0,GENERAL,NIDP,Tractor Chalata Kisan,328,1,329,0.18,270760
Tamil Nadu,228,Radhapuram,A.Kumar,MALE,45.0,GENERAL,IND,Football,309,9,318,0.17,270760
Tamil Nadu,228,Radhapuram,T.Muthu Selvi,FEMALE,32.0,SC,IND,Pen Nib with Seven Rays,308,2,310,0.17,270760
Tamil Nadu,228,Radhapuram,M.Chandran,MALE,36.0,GENERAL,VTVTK,Pestle and Mortar,291,4,295,0.16,270760
Tamil Nadu,228,Radhapuram,N.Godfrey Washington Noble,MALE,50.0,GENERAL,AJPK,Tube light,235,0,235,0.13,270760
Tamil Nadu,228,Radhapuram,T.Venus Veera Arasu,MALE,56.0,GENERAL,IND,Lunch Box,222,2,224,0.12,270760
Tamil Nadu,228,Radhapuram,N.Kannan,MALE,31.0,SC,IND,Ring,191,2,193,0.1,270760
Tamil Nadu,228,Radhapuram,M.Vijayakumar,MALE,41.0,GENERAL,IND,Hat,143,0,143,0.08,270760
Tamil Nadu,228,Radhapuram,D.Arunraj,MALE,30.0,GENERAL,IND,Helmet,139,0,139,0.07,270760
Tamil Nadu,228,Radhapuram,M.Saswathan,MALE,37.0,GENERAL,IND,Bat,116,1,117,0.06,270760
Tamil Nadu,228,Radhapuram,M.Antony Rossary,MALE,50.0,GENERAL,IND,Gift Pack,98,0,98,0.05,270760
Tamil Nadu,228,Radhapuram,D.Sheik Syed Ali,MALE,47.0,GENERAL,IND,Scissors,95,0,95,0.05,270760
Tamil Nadu,228,Radhapuram,S.Abinanth Ram,MALE,26.0,GENERAL,IND,Mike,68,1,69,0.04,270760
Tamil Nadu,228,Radhapuram,S.Katteri Perumal,MALE,35.0,GENERAL,IND,Matchbox,59,0,59,0.03,270760
Tamil Nadu,228,Radhapuram,T.Rethina Pandi,MALE,54.0,GENERAL,IND,Typewriter,59,0,59,0.03,270760
Tamil Nadu,228,Radhapuram,S.Manikandan,MALE,37.0,GENERAL,IND,Laptop,52,0,52,0.03,270760
Tamil Nadu,229,Kanniyakumari,THALAVAI SUNDARAM N.,MALE,62.0,GENERAL,ADMK,Two Leaves,108136,1692,109828,48.79,293657
Tamil Nadu,229,Kanniyakumari,AUSTIN S.,MALE,62.0,GENERAL,DMK,Rising Sun,91511,2107,93618,41.59,293657
Tamil Nadu,229,Kanniyakumari,SASIKALA R.,FEMALE,39.0,GENERAL,NTK,Ganna Kisan,14072,125,14197,6.31,293657
Tamil Nadu,229,Kanniyakumari,SELVAKUMAR P.T.,MALE,55.0,GENERAL,MNM,Battery torch,3100,9,3109,1.38,293657
Tamil Nadu,229,Kanniyakumari,SENTHIL MURUGAN P.,MALE,39.0,GENERAL,AMMKMNKZ,Pressure Cooker,1570,29,1599,0.71,293657
Tamil Nadu,229,Kanniyakumari,NOTA,,,,NOTA,NOTA,1092,5,1097,0.49,293657
Tamil Nadu,229,Kanniyakumari,SUTHARMAN C.J.,MALE,35.0,SC,BSP,Elephant,675,9,684,0.3,293657
Tamil Nadu,229,Kanniyakumari,AUGUSTIN A.,MALE,26.0,SC,IND,DIAMOND,445,2,447,0.2,293657
Tamil Nadu,229,Kanniyakumari,MANICKAVASAGAM PILLAI NA.,MALE,72.0,GENERAL,IND,SHIP,141,1,142,0.06,293657
Tamil Nadu,229,Kanniyakumari,MAKESH N.,MALE,43.0,GENERAL,IND,Whistle,115,6,121,0.05,293657
Tamil Nadu,229,Kanniyakumari,THANU NEELAN S.,MALE,27.0,GENERAL,IND,Batsman,95,0,95,0.04,293657
Tamil Nadu,229,Kanniyakumari,SUBASH S.,MALE,39.0,GENERAL,IND,Green Chilli,77,2,79,0.04,293657
Tamil Nadu,229,Kanniyakumari,CHELLIAH PILLAI I.,MALE,42.0,GENERAL,IND,Binoculars,55,0,55,0.02,293657
Tamil Nadu,229,Kanniyakumari,SUNDARA NATHAN Y.,MALE,46.0,SC,IND,Envelope,50,0,50,0.02,293657
Tamil Nadu,230,Nagercoil,Gandhi M.R.,MALE,76.0,GENERAL,BJP,Lotus,87805,999,88804,48.21,270845
Tamil Nadu,230,Nagercoil,Suresh Rajan N.,MALE,58.0,GENERAL,DMK,Rising Sun,75387,1748,77135,41.88,270845
Tamil Nadu,230,Nagercoil,Vijayaragavan,MALE,36.0,GENERAL,NTK,Ganna Kisan,10666,87,10753,5.84,270845
Tamil Nadu,230,Nagercoil,Maria Jacob Stani Raja S.,MALE,29.0,GENERAL,MNM,Battery torch,4007,30,4037,2.19,270845
Tamil Nadu,230,Nagercoil,Ammu Anto I.,FEMALE,41.0,GENERAL,AMMKMNKZ,Pressure Cooker,1079,15,1094,0.59,270845
Tamil Nadu,230,Nagercoil,NOTA,,,,NOTA,NOTA,919,11,930,0.5,270845
Tamil Nadu,230,Nagercoil,Sunil Kumar S.,MALE,45.0,GENERAL,AMPK,Glass Tumbler,314,1,315,0.17,270845
Tamil Nadu,230,Nagercoil,Bala Sivanesan J.,MALE,67.0,GENERAL,IND,COCONUT FARM,238,4,242,0.13,270845
Tamil Nadu,230,Nagercoil,Gandhi Raj C.,MALE,42.0,SC,IND,Capsicum,182,1,183,0.1,270845
Tamil Nadu,230,Nagercoil,Rathinam A.T.,MALE,82.0,GENERAL,IND,Air Conditioner,133,1,134,0.07,270845
Tamil Nadu,230,Nagercoil,Usha P.,FEMALE,38.0,GENERAL,IND,Chappals,132,2,134,0.07,270845
Tamil Nadu,230,Nagercoil,Kannan M.,MALE,34.0,GENERAL,IND,Auto- Rickshaw,102,1,103,0.06,270845
Tamil Nadu,230,Nagercoil,Pravin Raj P.,MALE,35.0,GENERAL,IND,Ring,97,0,97,0.05,270845
Tamil Nadu,230,Nagercoil,Mahizhchi P.,MALE,50.0,GENERAL,IND,Mike,80,1,81,0.04,270845
Tamil Nadu,230,Nagercoil,Gandhi L.,MALE,56.0,GENERAL,IND,Cauliflower,73,0,73,0.04,270845
Tamil Nadu,230,Nagercoil,Satheesh Kumar D.,MALE,35.0,GENERAL,AMAK,Gas Cylinder,70,0,70,0.04,270845
Tamil Nadu,231,Colachal,Prince J.G.,MALE,64.0,GENERAL,INC,Hand,89121,1560,90681,49.56,269287
Tamil Nadu,231,Colachal,Ramesh P.,MALE,54.0,GENERAL,BJP,Lotus,65047,802,65849,35.99,269287
Tamil Nadu,231,Colachal,Antony Aslin J.,FEMALE,39.0,GENERAL,NTK,Ganna Kisan,18071,131,18202,9.95,269287
Tamil Nadu,231,Colachal,Lathis Mary S.,FEMALE,40.0,GENERAL,MNM,Battery Torch,2117,10,2127,1.16,269287
Tamil Nadu,231,Colachal,Sivakumar M.,MALE,43.0,GENERAL,DMDK,Nagara,1320,12,1332,0.73,269287
Tamil Nadu,231,Colachal,Anthony Muthu S.M.,MALE,57.0,GENERAL,CPI(ML)(L),Flag with Three Stars,1203,15,1218,0.67,269287
Tamil Nadu,231,Colachal,Krishna Kumar A.,MALE,37.0,GENERAL,AMPK,Glass Tumbler,1143,2,1145,0.63,269287
Tamil Nadu,231,Colachal,NOTA,,,,NOTA,NOTA,870,8,878,0.48,269287
Tamil Nadu,231,Colachal,Anish K.M.,MALE,26.0,GENERAL,BSP,Elephant,829,2,831,0.45,269287
Tamil Nadu,231,Colachal,Vijayakumar R.,MALE,32.0,GENERAL,IND,Pot,270,2,272,0.15,269287
Tamil Nadu,231,Colachal,Marystella R.,FEMALE,50.0,GENERAL,IND,Auto- Rickshaw,201,0,201,0.11,269287
Tamil Nadu,231,Colachal,"Mohammed Ali, Professor, S.",MALE,51.0,GENERAL,IND,Mixee,130,0,130,0.07,269287
Tamil Nadu,231,Colachal,Raja C.,MALE,52.0,GENERAL,SHS,Air Conditioner,103,0,103,0.06,269287
Tamil Nadu,232,Padmanabhapuram,"Mano Thangaraj, T.",MALE,53.0,GENERAL,DMK,Rising Sun,86193,1551,87744,51.57,240853
Tamil Nadu,232,Padmanabhapuram,"John Thankam, D.",MALE,52.0,GENERAL,ADMK,Two Leaves,60100,759,60859,35.77,240853
Tamil Nadu,232,Padmanabhapuram,Seelan,MALE,35.0,GENERAL,NTK,Ganna Kisan,13709,190,13899,8.17,240853
Tamil Nadu,232,Padmanabhapuram,"Jenkins, D.",MALE,54.0,GENERAL,AMMKMNKZ,Pressure Cooker,3192,42,3234,1.9,240853
Tamil Nadu,232,Padmanabhapuram,"Latha, P.",FEMALE,40.0,SC,BSP,Elephant,1253,19,1272,0.75,240853
Tamil Nadu,232,Padmanabhapuram,NOTA,,,,NOTA,NOTA,1023,13,1036,0.61,240853
Tamil Nadu,232,Padmanabhapuram,"Jeyaraj, M.",MALE,43.0,GENERAL,MNM,Battery torch,962,19,981,0.58,240853
Tamil Nadu,232,Padmanabhapuram,"SyedAli, A.",MALE,45.0,GENERAL,IND,Ring,321,3,324,0.19,240853
Tamil Nadu,232,Padmanabhapuram,"Glory Selvi, T.",FEMALE,45.0,GENERAL,IND,Helmet,262,9,271,0.16,240853
Tamil Nadu,232,Padmanabhapuram,"Mathan, F.",MALE,51.0,GENERAL,IND,Television,173,4,177,0.1,240853
Tamil Nadu,232,Padmanabhapuram,"Robert Singh, I.",MALE,53.0,GENERAL,IND,Hat,175,0,175,0.1,240853
Tamil Nadu,232,Padmanabhapuram,"Nagarajan, M.",MALE,36.0,ST,IND,Sewing Machine,128,1,129,0.08,240853
Tamil Nadu,232,Padmanabhapuram,"Anchalose, Y.",MALE,57.0,GENERAL,IND,Safety Pin,55,0,55,0.03,240853
Tamil Nadu,233,Vilavancode,VIJAYADHARANI S,FEMALE,51.0,GENERAL,INC,Hand,86227,1246,87473,52.12,250065
Tamil Nadu,233,Vilavancode,JAYASEELAN R,MALE,56.0,GENERAL,BJP,Lotus,58156,648,58804,35.04,250065
Tamil Nadu,233,Vilavancode,MARY ADLIN,FEMALE,28.0,GENERAL,NTK,Ganna Kisan,12120,172,12292,7.32,250065
Tamil Nadu,233,Vilavancode,SAMUEL GEORGE KALAI ARASAR,MALE,58.0,GENERAL,IND,Bat,3492,49,3541,2.11,250065
Tamil Nadu,233,Vilavancode,IDEN SONI L,MALE,45.0,GENERAL,DMDK,Nagara,2415,32,2447,1.46,250065
Tamil Nadu,233,Vilavancode,NOTA,,,,NOTA,NOTA,774,8,782,0.47,250065
Tamil Nadu,233,Vilavancode,RAJAKUMAR R,MALE,45.0,GENERAL,MNM,Battery torch,626,11,637,0.38,250065
Tamil Nadu,233,Vilavancode,AMOSE S,MALE,68.0,GENERAL,IND,Sewing Machine,431,5,436,0.26,250065
Tamil Nadu,233,Vilavancode,VIJAYAKUMAR P,MALE,39.0,GENERAL,IND,FLUTE,293,1,294,0.18,250065
Tamil Nadu,233,Vilavancode,VASANTHEESWARAN E,MALE,49.0,GENERAL,UlaMK,DIAMOND,234,1,235,0.14,250065
Tamil Nadu,233,Vilavancode,MOHAN KUMAR M,MALE,58.0,GENERAL,IND,Chappals,198,0,198,0.12,250065
Tamil Nadu,233,Vilavancode,SATHEESH S,MALE,31.0,GENERAL,IND,Hat,183,2,185,0.11,250065
Tamil Nadu,233,Vilavancode,WILSON G,MALE,49.0,GENERAL,SHS,Auto- Rickshaw,161,0,161,0.1,250065
Tamil Nadu,233,Vilavancode,RAJA MURRUGAN K H,MALE,30.0,GENERAL,IND,Almirah,150,0,150,0.09,250065
Tamil Nadu,233,Vilavancode,MARIASELVAN Y,MALE,49.0,GENERAL,IND,Pot,122,0,122,0.07,250065
Tamil Nadu,233,Vilavancode,RAJESH KUMAR S,MALE,27.0,GENERAL,NDPOSI,Air Conditioner,77,2,79,0.05,250065
Tamil Nadu,234,Killiyoor,RAJESH KUMAR S,MALE,46.0,GENERAL,INC,Hand,99393,2148,101541,59.76,255347
Tamil Nadu,234,Killiyoor,JUDE DEV K.V,MALE,40.0,GENERAL,ADMK,Two Leaves,45419,722,46141,27.15,255347
Tamil Nadu,234,Killiyoor,PETER H,MALE,39.0,GENERAL,NTK,Ganna Kisan,14382,189,14571,8.58,255347
Tamil Nadu,234,Killiyoor,SIVAKUMAR V,MALE,42.0,SC,BSP,Elephant,1571,25,1596,0.94,255347
Tamil Nadu,234,Killiyoor,JAYARAJ E,MALE,39.0,GENERAL,TNLK,Ring,1430,14,1444,0.85,255347
Tamil Nadu,234,Killiyoor,ANTONY A,MALE,32.0,GENERAL,AISMK,Tractor Chalata Kisan,1205,9,1214,0.71,255347
Tamil Nadu,234,Killiyoor,SEEMA A,FEMALE,42.0,GENERAL,AMMKMNKZ,Pressure Cooker,1079,23,1102,0.65,255347
Tamil Nadu,234,Killiyoor,NOTA,,,,NOTA,NOTA,747,7,754,0.44,255347
Tamil Nadu,234,Killiyoor,SIVAN RAJ K,MALE,33.0,GENERAL,IND,Cauliflower,315,8,323,0.19,255347
Tamil Nadu,234,Killiyoor,RAMESH RAJA KUMAR C,MALE,42.0,GENERAL,IND,FLUTE,276,3,279,0.16,255347
Tamil Nadu,234,Killiyoor,JOHN BENADICT G,MALE,42.0,GENERAL,IND,Helmet,232,2,234,0.14,255347
Tamil Nadu,234,Killiyoor,SHAJU SINGH M R,MALE,45.0,GENERAL,IND,Balloon,211,2,213,0.13,255347
Tamil Nadu,234,Killiyoor,ANCHALOSE R,MALE,61.0,GENERAL,IND,Auto- Rickshaw,209,3,212,0.12,255347
Tamil Nadu,234,Killiyoor,THANKAPPAN C,MALE,72.0,GENERAL,TMGMK,Tube light,159,3,162,0.1,255347
Tamil Nadu,234,Killiyoor,VIJIKUMAR K,MALE,34.0,GENERAL,NDPOSI,Air Conditioner,130,2,132,0.08,255347
